-- MySQL dump 10.13  Distrib 8.0.32, for Linux (x86_64)
--
-- Host: localhost    Database: relof3
-- ------------------------------------------------------
-- Server version	8.0.32

/*!40101 SET @OLD_CHARACTER_SET_CLIENT=@@CHARACTER_SET_CLIENT */;
/*!40101 SET @OLD_CHARACTER_SET_RESULTS=@@CHARACTER_SET_RESULTS */;
/*!40101 SET @OLD_COLLATION_CONNECTION=@@COLLATION_CONNECTION */;
/*!50503 SET NAMES utf8mb4 */;
/*!40103 SET @OLD_TIME_ZONE=@@TIME_ZONE */;
/*!40103 SET TIME_ZONE='+00:00' */;
/*!40014 SET @OLD_UNIQUE_CHECKS=@@UNIQUE_CHECKS, UNIQUE_CHECKS=0 */;
/*!40014 SET @OLD_FOREIGN_KEY_CHECKS=@@FOREIGN_KEY_CHECKS, FOREIGN_KEY_CHECKS=0 */;
/*!40101 SET @OLD_SQL_MODE=@@SQL_MODE, SQL_MODE='NO_AUTO_VALUE_ON_ZERO' */;
/*!40111 SET @OLD_SQL_NOTES=@@SQL_NOTES, SQL_NOTES=0 */;

--
-- Table structure for table `aboutus`
--

DROP TABLE IF EXISTS `aboutus`;
/*!40101 SET @saved_cs_client     = @@character_set_client */;
/*!50503 SET character_set_client = utf8mb4 */;
CREATE TABLE `aboutus` (
  `id` int NOT NULL AUTO_INCREMENT,
  PRIMARY KEY (`id`)
) ENGINE=InnoDB AUTO_INCREMENT=2 DEFAULT CHARSET=utf8mb4 COLLATE=utf8mb4_unicode_ci;
/*!40101 SET character_set_client = @saved_cs_client */;

--
-- Dumping data for table `aboutus`
--

LOCK TABLES `aboutus` WRITE;
/*!40000 ALTER TABLE `aboutus` DISABLE KEYS */;
INSERT INTO `aboutus` VALUES (1);
/*!40000 ALTER TABLE `aboutus` ENABLE KEYS */;
UNLOCK TABLES;

--
-- Table structure for table `calendarEvents`
--

DROP TABLE IF EXISTS `calendarEvents`;
/*!40101 SET @saved_cs_client     = @@character_set_client */;
/*!50503 SET character_set_client = utf8mb4 */;
CREATE TABLE `calendarEvents` (
  `id` int NOT NULL AUTO_INCREMENT,
  `start_date` date NOT NULL,
  `end_date` date DEFAULT NULL,
  PRIMARY KEY (`id`)
) ENGINE=InnoDB DEFAULT CHARSET=utf8mb4 COLLATE=utf8mb4_unicode_ci;
/*!40101 SET character_set_client = @saved_cs_client */;

--
-- Dumping data for table `calendarEvents`
--

LOCK TABLES `calendarEvents` WRITE;
/*!40000 ALTER TABLE `calendarEvents` DISABLE KEYS */;
/*!40000 ALTER TABLE `calendarEvents` ENABLE KEYS */;
UNLOCK TABLES;

--
-- Table structure for table `category`
--

DROP TABLE IF EXISTS `category`;
/*!40101 SET @saved_cs_client     = @@character_set_client */;
/*!50503 SET character_set_client = utf8mb4 */;
CREATE TABLE `category` (
  `id` int NOT NULL AUTO_INCREMENT,
  `color_code` varchar(50) COLLATE utf8mb4_unicode_ci NOT NULL,
  PRIMARY KEY (`id`)
) ENGINE=InnoDB AUTO_INCREMENT=7 DEFAULT CHARSET=utf8mb4 COLLATE=utf8mb4_unicode_ci;
/*!40101 SET character_set_client = @saved_cs_client */;

--
-- Dumping data for table `category`
--

LOCK TABLES `category` WRITE;
/*!40000 ALTER TABLE `category` DISABLE KEYS */;
INSERT INTO `category` VALUES (1,'bg-yellow-100'),(2,'bg-blue-100'),(3,'bg-green-100'),(4,'bg-red-100'),(5,'bg-purple-100'),(6,'bg-indigo-100');
/*!40000 ALTER TABLE `category` ENABLE KEYS */;
UNLOCK TABLES;

--
-- Table structure for table `category_document`
--

DROP TABLE IF EXISTS `category_document`;
/*!40101 SET @saved_cs_client     = @@character_set_client */;
/*!50503 SET character_set_client = utf8mb4 */;
CREATE TABLE `category_document` (
  `id` int NOT NULL AUTO_INCREMENT,
  `color_code` varchar(50) COLLATE utf8mb4_unicode_ci NOT NULL,
  PRIMARY KEY (`id`)
) ENGINE=InnoDB AUTO_INCREMENT=6 DEFAULT CHARSET=utf8mb4 COLLATE=utf8mb4_unicode_ci;
/*!40101 SET character_set_client = @saved_cs_client */;

--
-- Dumping data for table `category_document`
--

LOCK TABLES `category_document` WRITE;
/*!40000 ALTER TABLE `category_document` DISABLE KEYS */;
INSERT INTO `category_document` VALUES (1,'blue-500'),(2,'green-500'),(3,'yellow-500'),(4,'purple-500'),(5,'red-500');
/*!40000 ALTER TABLE `category_document` ENABLE KEYS */;
UNLOCK TABLES;

--
-- Table structure for table `contacts`
--

DROP TABLE IF EXISTS `contacts`;
/*!40101 SET @saved_cs_client     = @@character_set_client */;
/*!50503 SET character_set_client = utf8mb4 */;
CREATE TABLE `contacts` (
  `id` int NOT NULL AUTO_INCREMENT,
  `ime` varchar(100) COLLATE utf8mb4_unicode_ci NOT NULL,
  `prezime` varchar(100) COLLATE utf8mb4_unicode_ci NOT NULL,
  `email` varchar(255) COLLATE utf8mb4_unicode_ci NOT NULL,
  `phone` varchar(20) COLLATE utf8mb4_unicode_ci DEFAULT NULL,
  `naslov` varchar(255) COLLATE utf8mb4_unicode_ci NOT NULL,
  `poruka` text COLLATE utf8mb4_unicode_ci NOT NULL,
  `created_at` timestamp NULL DEFAULT CURRENT_TIMESTAMP,
  PRIMARY KEY (`id`)
) ENGINE=InnoDB AUTO_INCREMENT=8 DEFAULT CHARSET=utf8mb4 COLLATE=utf8mb4_unicode_ci;
/*!40101 SET character_set_client = @saved_cs_client */;

--
-- Dumping data for table `contacts`
--

LOCK TABLES `contacts` WRITE;
/*!40000 ALTER TABLE `contacts` DISABLE KEYS */;
INSERT INTO `contacts` VALUES (3,'Luka','Glisic','lukaglisic.srb@gmail.com','3213233','Problem','Zdravo kako si Zdravo kako si Zdravo kako si Zdravo kako si Zdravo kako si Zdravo kako si Zdravo kako si Zdravo kako si Zdravo kako si Zdravo kako si Zdravo kako si Zdravo kako si Zdravo kako si Zdravo kako si Zdravo kako si Zdravo kako si Zdravo kako si Zdravo kako si Zdravo kako si Zdravo kako si Zdravo kako si Zdravo kako si Zdravo kako si Zdravo kako si Zdravo kako si Zdravo kako si Zdravo kako si Zdravo kako si Zdravo kako si Zdravo kako si Zdravo kako si Zdravo kako si Zdravo kako si Zdravo kako si Zdravo kako si Zdravo kako si Zdravo kako si Zdravo kako si Zdravo kako si Zdravo kako si Zdravo kako si Zdravo kako si Zdravo kako si Zdravo kako si Zdravo kako si Zdravo kako si Zdravo kako si ','2025-07-02 15:54:46'),(6,'Luka','Markovic','lukaglisic.srb@gmail.com','+381773737','Problem','Zdravo, imam problem XXXX','2025-07-03 15:10:52'),(7,'luka','a','l@gmail.com','+321321','naslov','opisem detaljno','2025-09-16 14:09:25');
/*!40000 ALTER TABLE `contacts` ENABLE KEYS */;
UNLOCK TABLES;

--
-- Table structure for table `document`
--

DROP TABLE IF EXISTS `document`;
/*!40101 SET @saved_cs_client     = @@character_set_client */;
/*!50503 SET character_set_client = utf8mb4 */;
CREATE TABLE `document` (
  `id` int NOT NULL AUTO_INCREMENT,
  `filepath` varchar(512) COLLATE utf8mb4_unicode_ci NOT NULL,
  `extension` varchar(10) COLLATE utf8mb4_unicode_ci NOT NULL,
  `datetime` datetime NOT NULL DEFAULT CURRENT_TIMESTAMP,
  `fileSize` float NOT NULL,
  `subcategory_id` int unsigned DEFAULT NULL,
  PRIMARY KEY (`id`),
  KEY `fk_document_category` (`subcategory_id`)
) ENGINE=InnoDB AUTO_INCREMENT=32 DEFAULT CHARSET=utf8mb4 COLLATE=utf8mb4_unicode_ci;
/*!40101 SET character_set_client = @saved_cs_client */;

--
-- Dumping data for table `document`
--

LOCK TABLES `document` WRITE;
/*!40000 ALTER TABLE `document` DISABLE KEYS */;
INSERT INTO `document` VALUES (18,'0ff65d237d6df42d.pdf','pdf','2025-07-03 16:00:51',0.05,1),(19,'e1c0bac216d65be4.pdf','pdf','2025-07-03 16:01:34',0.05,2),(20,'407315860f0774be.docx','docx','2025-07-03 16:05:07',0,3),(21,'53bef49b731d7f87.xlsx','xlsx','2025-07-03 16:05:47',0.01,4),(30,'d0d47c701dc3e9ea.xlsx','xlsx','2025-09-17 09:39:54',0.02,1),(31,'50cd4c4e8b36908e.xlsx','xlsx','2025-09-18 15:07:09',0.02,1);
/*!40000 ALTER TABLE `document` ENABLE KEYS */;
UNLOCK TABLES;

--
-- Table structure for table `employee`
--

DROP TABLE IF EXISTS `employee`;
/*!40101 SET @saved_cs_client     = @@character_set_client */;
/*!50503 SET character_set_client = utf8mb4 */;
CREATE TABLE `employee` (
  `id` int NOT NULL AUTO_INCREMENT,
  `position` varchar(50) COLLATE utf8mb4_unicode_ci DEFAULT NULL,
  PRIMARY KEY (`id`)
) ENGINE=InnoDB AUTO_INCREMENT=15 DEFAULT CHARSET=utf8mb4 COLLATE=utf8mb4_unicode_ci;
/*!40101 SET character_set_client = @saved_cs_client */;

--
-- Dumping data for table `employee`
--

LOCK TABLES `employee` WRITE;
/*!40000 ALTER TABLE `employee` DISABLE KEYS */;
INSERT INTO `employee` VALUES (5,'direktor'),(6,'Kustos'),(7,'Tehnički koordinator'),(8,'PR menadžer'),(9,'Scenski radnik'),(10,'Organizator programa'),(11,'Producent'),(12,'Recepcioner'),(13,'Lektor'),(14,'Voditelj radionica');
/*!40000 ALTER TABLE `employee` ENABLE KEYS */;
UNLOCK TABLES;

--
-- Table structure for table `events`
--

DROP TABLE IF EXISTS `events`;
/*!40101 SET @saved_cs_client     = @@character_set_client */;
/*!50503 SET character_set_client = utf8mb4 */;
CREATE TABLE `events` (
  `id` int NOT NULL AUTO_INCREMENT,
  `category_id` int NOT NULL,
  `date` date DEFAULT NULL,
  `time` time DEFAULT NULL,
  `created_at` datetime DEFAULT CURRENT_TIMESTAMP,
  `image` varchar(255) COLLATE utf8mb4_unicode_ci DEFAULT NULL,
  `location` varchar(255) COLLATE utf8mb4_unicode_ci DEFAULT NULL,
  PRIMARY KEY (`id`),
  KEY `category_id` (`category_id`),
  CONSTRAINT `events_ibfk_1` FOREIGN KEY (`category_id`) REFERENCES `kategorije_dogadjaja` (`id`)
) ENGINE=InnoDB AUTO_INCREMENT=11 DEFAULT CHARSET=utf8mb4 COLLATE=utf8mb4_unicode_ci;
/*!40101 SET character_set_client = @saved_cs_client */;

--
-- Dumping data for table `events`
--

LOCK TABLES `events` WRITE;
/*!40000 ALTER TABLE `events` DISABLE KEYS */;
INSERT INTO `events` VALUES (1,2,'2025-06-03','17:20:00','2025-07-03 16:20:22','/uploads/images/b4c8421f7d592794.jpeg','Kulturni centar'),(2,1,'2025-06-02','16:24:00','2025-07-03 16:23:54','/uploads/images/6b7e6daa3b3594f9.jpg','Edukativni centar'),(3,3,'2025-06-04','16:37:00','2025-07-03 16:33:18','/uploads/images/4fa5db671d8043d0.jpg','Pozorište'),(5,4,'2025-06-05','16:36:00','2025-07-03 16:35:32','/uploads/images/e02147d78d12f050.jpg','Digitalni centar'),(6,5,'2025-06-06','20:36:00','2025-07-03 16:36:45','/uploads/images/0e061695897e1667.jpg','Gradska sala'),(7,4,'2025-08-05','13:16:00','2025-08-04 13:12:19','/uploads/images/4b3f433648758912.png','lokacija'),(8,2,'2025-08-14','13:15:00','2025-08-04 13:13:00','/uploads/images/','fdsfds'),(9,5,'2025-09-08','11:31:00','2025-09-16 09:28:38','/uploads/images/c46305fc131f91db.jpg','dfsfds'),(10,4,'2025-09-08','17:10:00','2025-09-18 15:07:32','/uploads/images/1f1154e96ece3c06.png','фдсдфс');
/*!40000 ALTER TABLE `events` ENABLE KEYS */;
UNLOCK TABLES;

--
-- Table structure for table `gallery`
--

DROP TABLE IF EXISTS `gallery`;
/*!40101 SET @saved_cs_client     = @@character_set_client */;
/*!50503 SET character_set_client = utf8mb4 */;
CREATE TABLE `gallery` (
  `id` int NOT NULL AUTO_INCREMENT,
  `image_file_path` varchar(500) COLLATE utf8mb4_unicode_ci NOT NULL,
  `uploaded_at` timestamp NULL DEFAULT CURRENT_TIMESTAMP,
  PRIMARY KEY (`id`)
) ENGINE=InnoDB AUTO_INCREMENT=13 DEFAULT CHARSET=utf8mb4 COLLATE=utf8mb4_unicode_ci;
/*!40101 SET character_set_client = @saved_cs_client */;

--
-- Dumping data for table `gallery`
--

LOCK TABLES `gallery` WRITE;
/*!40000 ALTER TABLE `gallery` DISABLE KEYS */;
INSERT INTO `gallery` VALUES (6,'/uploads/gallery/a26a9b9104f8e4d0.jpg','2025-07-03 14:40:42'),(7,'/uploads/gallery/53f8752bdb6f259a.jpg','2025-07-03 14:41:51'),(8,'/uploads/gallery/bce46052e1e72bc2.jpg','2025-07-03 14:42:29'),(9,'/uploads/gallery/640993caee7511af.jpg','2025-07-03 14:43:14'),(10,'/uploads/gallery/c1bda5f2a9ba8662.jpg','2025-07-03 14:44:19'),(12,'/uploads/gallery/0319a0b89dc1dc20.png','2025-09-18 15:07:41');
/*!40000 ALTER TABLE `gallery` ENABLE KEYS */;
UNLOCK TABLES;

--
-- Table structure for table `kategorije_dogadjaja`
--

DROP TABLE IF EXISTS `kategorije_dogadjaja`;
/*!40101 SET @saved_cs_client     = @@character_set_client */;
/*!50503 SET character_set_client = utf8mb4 */;
CREATE TABLE `kategorije_dogadjaja` (
  `id` int NOT NULL AUTO_INCREMENT,
  `color_code` varchar(50) COLLATE utf8mb4_unicode_ci NOT NULL,
  PRIMARY KEY (`id`)
) ENGINE=InnoDB AUTO_INCREMENT=8 DEFAULT CHARSET=utf8mb4 COLLATE=utf8mb4_unicode_ci;
/*!40101 SET character_set_client = @saved_cs_client */;

--
-- Dumping data for table `kategorije_dogadjaja`
--

LOCK TABLES `kategorije_dogadjaja` WRITE;
/*!40000 ALTER TABLE `kategorije_dogadjaja` DISABLE KEYS */;
INSERT INTO `kategorije_dogadjaja` VALUES (1,'blue-500'),(2,'purple-500'),(3,'yellow-500'),(4,'indigo-500'),(5,'green-500'),(6,'gray-500'),(7,'red-500');
/*!40000 ALTER TABLE `kategorije_dogadjaja` ENABLE KEYS */;
UNLOCK TABLES;

--
-- Table structure for table `news`
--

DROP TABLE IF EXISTS `news`;
/*!40101 SET @saved_cs_client     = @@character_set_client */;
/*!50503 SET character_set_client = utf8mb4 */;
CREATE TABLE `news` (
  `id` int NOT NULL AUTO_INCREMENT,
  `author` varchar(100) COLLATE utf8mb4_unicode_ci NOT NULL,
  `published_date` date NOT NULL,
  `created_at` timestamp NULL DEFAULT CURRENT_TIMESTAMP,
  `category_id` int DEFAULT NULL,
  PRIMARY KEY (`id`)
) ENGINE=InnoDB AUTO_INCREMENT=7 DEFAULT CHARSET=utf8mb4 COLLATE=utf8mb4_unicode_ci;
/*!40101 SET character_set_client = @saved_cs_client */;

--
-- Dumping data for table `news`
--

LOCK TABLES `news` WRITE;
/*!40000 ALTER TABLE `news` DISABLE KEYS */;
INSERT INTO `news` VALUES (1,'Milena Petrović','2025-06-10','2025-06-25 09:55:46',2),(2,'Marko Jovanović','2025-06-20','2025-06-25 09:55:46',1),(3,'Ana Nikolić','2025-06-15','2025-06-25 09:55:46',3),(4,'Ivana Kovač','2025-06-12','2025-06-25 09:55:46',4),(5,'Nikola Lukić','2025-06-11','2025-06-25 09:55:46',5),(6,'Jelena Milić','2025-06-18','2025-06-25 09:55:46',6);
/*!40000 ALTER TABLE `news` ENABLE KEYS */;
UNLOCK TABLES;

--
-- Table structure for table `subcategory_document`
--

DROP TABLE IF EXISTS `subcategory_document`;
/*!40101 SET @saved_cs_client     = @@character_set_client */;
/*!50503 SET character_set_client = utf8mb4 */;
CREATE TABLE `subcategory_document` (
  `id` int unsigned NOT NULL AUTO_INCREMENT,
  `category_id` int NOT NULL,
  PRIMARY KEY (`id`),
  KEY `idx_subcategory_category_id` (`category_id`),
  CONSTRAINT `fk_subcategory_category` FOREIGN KEY (`category_id`) REFERENCES `category_document` (`id`) ON DELETE RESTRICT ON UPDATE CASCADE
) ENGINE=InnoDB AUTO_INCREMENT=11 DEFAULT CHARSET=utf8mb4 COLLATE=utf8mb4_0900_ai_ci;
/*!40101 SET character_set_client = @saved_cs_client */;

--
-- Dumping data for table `subcategory_document`
--

LOCK TABLES `subcategory_document` WRITE;
/*!40000 ALTER TABLE `subcategory_document` DISABLE KEYS */;
INSERT INTO `subcategory_document` VALUES (6,1),(10,2),(7,3),(8,3),(1,4),(2,4),(3,4),(4,4),(5,4),(9,4);
/*!40000 ALTER TABLE `subcategory_document` ENABLE KEYS */;
UNLOCK TABLES;

--
-- Table structure for table `text`
--

DROP TABLE IF EXISTS `text`;
/*!40101 SET @saved_cs_client     = @@character_set_client */;
/*!50503 SET character_set_client = utf8mb4 */;
CREATE TABLE `text` (
  `id` bigint NOT NULL AUTO_INCREMENT,
  `source_id` bigint DEFAULT NULL,
  `source_table` varchar(64) COLLATE utf8mb4_unicode_ci DEFAULT NULL,
  `field_name` varchar(64) COLLATE utf8mb4_unicode_ci DEFAULT NULL,
  `lang` char(10) COLLATE utf8mb4_unicode_ci DEFAULT NULL,
  `content` text COLLATE utf8mb4_unicode_ci,
  PRIMARY KEY (`id`),
  UNIQUE KEY `source_id` (`source_id`,`source_table`,`field_name`,`lang`)
) ENGINE=InnoDB AUTO_INCREMENT=359 DEFAULT CHARSET=utf8mb4 COLLATE=utf8mb4_unicode_ci;
/*!40101 SET character_set_client = @saved_cs_client */;

--
-- Dumping data for table `text`
--

LOCK TABLES `text` WRITE;
/*!40000 ALTER TABLE `text` DISABLE KEYS */;
INSERT INTO `text` VALUES (1,1,'aboutus','mission','sr','Centar za kulturu ima za cilj da bude pokretač umetničkog, kulturnog i obrazovnog života zajednice, stvarajući prostor za kreativno izražavanje, očuvanje tradicije i promociju savremenih kulturnih tokova. Kroz raznovrsne programe i manifestacije, Centar podstiče dijalog, toleranciju i razvoj kulturne svesti svih generacija.'),(2,1,'aboutus','goal','sr','Glavni cilj Centra za kulturu je obogaćivanje kulturnog života zajednice putem organizovanja koncerata, pozorišnih predstava, izložbi, radionica i edukativnih programa, sa posebnim fokusom na uključivanje mladih, očuvanje lokalnog identiteta i unapređenje kulturne ponude na lokalnom i regionalnom nivou.'),(3,1,'category','name','sr','Obaveštenja'),(4,2,'category','name','sr','Konkursi'),(5,3,'category','name','sr','Javni pozivi'),(6,4,'category','name','sr','Odluke'),(7,5,'category','name','sr','Projekti'),(8,6,'category','name','sr','Izveštaji'),(9,1,'category_document','name','sr','Godišnji izveštaj'),(10,2,'category_document','name','sr','Finansijski izveštaj'),(11,3,'category_document','name','sr','Izveštaji o projektima'),(12,4,'category_document','name','sr','Tehnička dokumentacija'),(13,5,'category_document','name','sr','Pravni dokumenti'),(14,18,'document','title','sr','Godišnji izveštaj 2024'),(15,18,'document','description','sr','Detaljan godišnji izveštaj za 2024. godinu.'),(16,19,'document','title','sr','Finansijski izveštaj Q1 2025'),(17,19,'document','description','sr','Pregled finansijskih rezultata za prvi kvartal 2025.'),(18,20,'document','title','sr','Izveštaj o projektu Alfa'),(19,20,'document','description','sr','Izveštaj o napretku i rezultatima projekta Alfa.'),(20,21,'document','title','sr','Tehnička dokumentacija robota'),(21,21,'document','description','sr','Detaljna tehnička specifikacija robota za proizvodnju'),(24,5,'employee','name','sr','Aleksandra'),(25,5,'employee','surname','sr','Ćirić'),(26,5,'employee','biography','sr','Odgovorna za umetnički program i saradnju sa umetnicima.'),(27,6,'employee','name','sr','Čedomir'),(28,6,'employee','surname','sr','Čolić'),(29,6,'employee','biography','sr','Organizuje izložbe i vodi brigu o umetničkim kolekcijama.'),(30,7,'employee','name','sr','Špela'),(31,7,'employee','surname','sr','Šarić'),(32,7,'employee','biography','sr','Zadužena za tehničku realizaciju događaja i izložbi.'),(33,8,'employee','name','sr','Željko'),(34,8,'employee','surname','sr','Živković'),(35,8,'employee','biography','sr','Komunicira sa medijima i promoviše kulturne događaje.'),(36,9,'employee','name','sr','Đorđe'),(37,9,'employee','surname','sr','Đukić'),(38,9,'employee','biography','sr','Pomaže u postavljanju i demontiranju scenografije.'),(39,10,'employee','name','sr','Anđela'),(40,10,'employee','surname','sr','Anđelković'),(41,10,'employee','biography','sr','Planira i koordinira kulturne manifestacije.'),(42,11,'employee','name','sr','Luka'),(43,11,'employee','surname','sr','Lukić'),(44,11,'employee','biography','sr','Brine o produkciji predstava i koncerata.'),(45,12,'employee','name','sr','Jasmina'),(46,12,'employee','surname','sr','Jasnić'),(47,12,'employee','biography','sr','Dočekuje posetioce i pruža informacije o događajima.'),(48,13,'employee','name','sr','Vesna'),(49,13,'employee','surname','sr','Vesnić'),(50,13,'employee','biography','sr','Zadužena za jezičku i stilsku ispravnost promotivnih materijala.'),(51,14,'employee','name','sr','Zoran'),(52,14,'employee','surname','sr','Zorić'),(53,14,'employee','biography','sr','Organizuje i vodi kreativne radionice za decu i odrasle.'),(54,1,'events','title','sr','Izložba srednjovekovne umetnosti'),(55,1,'events','description','sr','Izložba radova srednjovekovnih umetnika u galeriji.'),(56,2,'events','title','sr','Radionica IT-a'),(57,2,'events','description','sr','Intenzivna radionica programiranja za početnike.'),(58,3,'events','title','sr','Dečiji festival pozorišta'),(59,3,'events','description','sr','Festival pozorišnih predstava za decu i mlade.'),(60,5,'events','title','sr','Seminar o veštačkoj inteligenciji'),(61,5,'events','description','sr','Seminar o primeni AI tehnologija u industriji.'),(62,6,'events','title','sr','Okrugli sto: Lokalna zajednica'),(63,6,'events','description','sr','Diskusija o unapređenju uslova u lokalnoj zajednici.'),(64,7,'events','title','sr','Nasa'),(65,7,'events','description','sr','ggfdgfdfgd'),(66,8,'events','title','sr','App'),(67,8,'events','description','sr','fdsfs'),(68,6,'gallery','title','sr','Boje Zrenjanina'),(69,6,'gallery','description','sr','Izložba slika „Boje Zrenjanina“'),(70,7,'gallery','title','sr','Noć uz muziku'),(71,7,'gallery','description','sr','Letnji koncert na otvorenom'),(72,8,'gallery','title','sr','Predstava Mala scena'),(73,8,'gallery','description','sr','Pozorišna predstava na Maloj sceni'),(74,9,'gallery','title','sr','Dečija umetnička radionica'),(75,9,'gallery','description','sr','Kreativna radionica za najmlađe'),(76,10,'gallery','title','sr','Digitalne tehnologije danas'),(77,10,'gallery','description','sr','Seminar o digitalnim inovacijama'),(78,1,'kategorije_dogadjaja','naziv','sr','Edukativni događaji'),(79,2,'kategorije_dogadjaja','naziv','sr','Kulturni događaji'),(80,3,'kategorije_dogadjaja','naziv','sr','Događaji za decu i mlade'),(81,4,'kategorije_dogadjaja','naziv','sr','Digitalni i tehnološki'),(82,5,'kategorije_dogadjaja','naziv','sr','Zajednica i društvo'),(83,6,'kategorije_dogadjaja','naziv','sr','Interni događaji'),(84,7,'kategorije_dogadjaja','naziv','sr','Online događaji'),(85,1,'news','title','sr','Novi konkurs za mlade istraživače'),(86,1,'news','content','sr','Objavljen je konkurs za finansiranje inovativnih projekata mladih istraživača. Rok za prijavu je 15. jul.'),(87,2,'news','title','sr','Obaveštenje o radnom vremenu tokom praznika'),(88,2,'news','content','sr','Tokom državnog praznika, kancelarije neće raditi 1. i 2. jula.'),(89,3,'news','title','sr','Poziv za učešće na javnoj raspravi'),(90,3,'news','content','sr','Pozivamo građane da učestvuju u javnoj raspravi o planu razvoja grada.'),(91,4,'news','title','sr','Odluka o budžetu za narednu godinu'),(92,4,'news','content','sr','Usvojena je odluka o budžetu za 2026. godinu, sa fokusom na obrazovanje i infrastrukturu.'),(93,5,'news','title','sr','Završetak projekta \"Pametni grad\"'),(94,5,'news','content','sr','Projekat \"Pametni grad\" uspešno je završen i rezultati su dostupni na sajtu.'),(95,6,'news','title','sr','Godišnji izveštaj o radu institucije'),(96,6,'news','content','sr','Objavljen je godišnji izveštaj koji prikazuje ostvarene ciljeve i izazove tokom protekle godine.'),(97,1,'aboutus','mission','en','The Cultural Center aims to be a driving force of the artistic, cultural, and educational life of the community, creating space for creative expression, preservation of tradition, and promotion of contemporary cultural trends. Through diverse programs and events, the Center encourages dialogue, tolerance, and the development of cultural awareness across all generations.'),(98,1,'aboutus','goal','en','The main goal of the Cultural Center is to enrich the cultural life of the community through organizing concerts, theater performances, exhibitions, workshops, and educational programs, with a special focus on youth inclusion, preservation of local identity, and enhancement of cultural offerings at local and regional levels.'),(99,1,'category','name','en','Announcements'),(100,2,'category','name','en','Competitions'),(101,3,'category','name','en','Public Calls'),(102,4,'category','name','en','Decisions'),(103,5,'category','name','en','Projects'),(104,6,'category','name','en','Reports'),(105,1,'category_document','name','en','Annual Report'),(106,2,'category_document','name','en','Financial Report'),(107,3,'category_document','name','en','Project Reports'),(108,4,'category_document','name','en','Technical Documentation'),(109,5,'category_document','name','en','Legal Documents'),(110,18,'document','title','en','Annual Report 2024'),(111,18,'document','description','en','Detailed annual report for the year 2024.'),(112,19,'document','title','en','Financial Report Q1 2025'),(113,19,'document','description','en','Overview of financial results for the first quarter of 2025.'),(114,20,'document','title','en','Project Alpha Report'),(115,20,'document','description','en','Progress and results report for Project Alpha.'),(116,21,'document','title','en','Robot Technical Documentation'),(117,21,'document','description','en','Detailed technical specifications for the production robot.'),(120,5,'employee','name','en','Aleksandra'),(121,5,'employee','surname','en','Ćirić'),(122,5,'employee','biography','en','Responsible for artistic programs and collaboration with artists.'),(123,6,'employee','name','en','Čedomir'),(124,6,'employee','surname','en','Čolić'),(125,6,'employee','biography','en','Organizes exhibitions and manages art collections.'),(126,7,'employee','name','en','Špela'),(127,7,'employee','surname','en','Šarić'),(128,7,'employee','biography','en','Responsible for technical realization of events and exhibitions.'),(129,8,'employee','name','en','Željko'),(130,8,'employee','surname','en','Živković'),(131,8,'employee','biography','en','Communicates with media and promotes cultural events.'),(132,9,'employee','name','en','Đorđe'),(133,9,'employee','surname','en','Đukić'),(134,9,'employee','biography','en','Assists with setup and dismantling of stage scenery.'),(135,10,'employee','name','en','Anđela'),(136,10,'employee','surname','en','Anđelković'),(137,10,'employee','biography','en','Plans and coordinates cultural manifestations.'),(138,11,'employee','name','en','Luka'),(139,11,'employee','surname','en','Lukić'),(140,11,'employee','biography','en','Takes care of production of shows and concerts.'),(141,12,'employee','name','en','Jasmina'),(142,12,'employee','surname','en','Jasnić'),(143,12,'employee','biography','en','Welcomes visitors and provides event information.'),(144,13,'employee','name','en','Vesna'),(145,13,'employee','surname','en','Vesnić'),(146,13,'employee','biography','en','Responsible for linguistic and stylistic accuracy of promotional materials.'),(147,14,'employee','name','en','Zoran'),(148,14,'employee','surname','en','Zorić'),(149,14,'employee','biography','en','Organizes and leads creative workshops for children and adults.'),(150,1,'events','title','en','Medieval Art Exhibition'),(151,1,'events','description','en','Exhibition of medieval artists\' works in the gallery.'),(152,2,'events','title','en','IT Workshop'),(153,2,'events','description','en','Intensive programming workshop for beginners.'),(154,3,'events','title','en','Children\'s Theater Festival'),(155,3,'events','description','en','Theater performance festival for children and youth.'),(156,5,'events','title','en','Seminar on Artificial Intelligence'),(157,5,'events','description','en','Seminar on application of AI technologies in industry.'),(158,6,'events','title','en','Round Table: Local Community'),(159,6,'events','description','en','Discussion on improving conditions in the local community.'),(160,7,'events','title','en','Nasa'),(161,7,'events','description','en','ggfdgfdfgd'),(162,8,'events','title','en','App'),(163,8,'events','description','en','fdsfs'),(164,6,'gallery','title','en','Colors of Zrenjanin'),(165,6,'gallery','description','en','Painting exhibition \"Colors of Zrenjanin\"'),(166,7,'gallery','title','en','Night with Music'),(167,7,'gallery','description','en','Summer open-air concert'),(168,8,'gallery','title','en','Small Stage Performance'),(169,8,'gallery','description','en','Theater performance on the Small Stage'),(170,9,'gallery','title','en','Children\'s Art Workshop'),(171,9,'gallery','description','en','Creative workshop for the youngest'),(172,10,'gallery','title','en','Digital Technologies Today'),(173,10,'gallery','description','en','Seminar on digital innovations'),(174,1,'kategorije_dogadjaja','naziv','en','Educational Events'),(175,2,'kategorije_dogadjaja','naziv','en','Cultural Events'),(176,3,'kategorije_dogadjaja','naziv','en','Events for Children and Youth'),(177,4,'kategorije_dogadjaja','naziv','en','Digital and Technological'),(178,5,'kategorije_dogadjaja','naziv','en','Community and Society'),(179,6,'kategorije_dogadjaja','naziv','en','Internal Events'),(180,7,'kategorije_dogadjaja','naziv','en','Online Events'),(181,1,'news','title','en','New Competition for Young Researchers'),(182,1,'news','content','en','A competition for funding innovative projects of young researchers has been announced. The application deadline is July 15.'),(183,2,'news','title','en','Notice on Working Hours During Holidays'),(184,2,'news','content','en','During the state holiday, offices will be closed on July 1 and 2.'),(185,3,'news','title','en','Invitation to Participate in Public Debate'),(186,3,'news','content','en','Citizens are invited to participate in the public debate on the city development plan.'),(187,4,'news','title','en','Decision on Next Year\'s Budget'),(188,4,'news','content','en','The decision on the budget for 2026 has been adopted, with a focus on education and infrastructure.'),(189,5,'news','title','en','Completion of the \"Smart City\" Project'),(190,5,'news','content','en','The \"Smart City\" project has been successfully completed and results are available on the website.'),(191,6,'news','title','en','Annual Report on Institution\'s Work'),(192,6,'news','content','en','The annual report has been published, showing achieved goals and challenges during the past year.'),(193,1,'aboutus','mission','sr-Cyrl','Центар за културу има за циљ да буде покретач уметничког, културног и образовног живота заједнице, стварајући простор за креативно изражавање, очување традиције и промоцију савремених културних токова. Кроз разноврсне програме и манифестације, Центар подстиче дијалог, толеранцију и развој културне свести свих генерација.'),(194,1,'aboutus','goal','sr-Cyrl','Главни циљ Центра за културу је обогаћивање културног живота заједнице путем организације концерата, позоришних представа, изложби, радионица и едукативних програма, са посебним фокусом на укључивање младих, очување локалног идентитета и унапређење културне понуде на локалном и регионалном нивоу.'),(195,1,'category','name','sr-Cyrl','Објаве'),(196,2,'category','name','sr-Cyrl','Конкурси'),(197,3,'category','name','sr-Cyrl','Јавни позиви'),(198,4,'category','name','sr-Cyrl','Одлуке'),(199,5,'category','name','sr-Cyrl','Пројекти'),(200,6,'category','name','sr-Cyrl','Извештаји'),(201,1,'category_document','name','sr-Cyrl','Годишњи извештај'),(202,2,'category_document','name','sr-Cyrl','Финансијски извештај'),(203,3,'category_document','name','sr-Cyrl','Извештаји о пројектима'),(204,4,'category_document','name','sr-Cyrl','Техничка документација'),(205,5,'category_document','name','sr-Cyrl','Правни документи'),(206,18,'document','title','sr-Cyrl','Годишњи извештај 2024'),(207,18,'document','description','sr-Cyrl','Детаљни годишњи извештај за 2024. годину.'),(208,19,'document','title','sr-Cyrl','Финансијски извештај Q1 2025'),(209,19,'document','description','sr-Cyrl','Преглед финансијских резултата за први квартал 2025.'),(210,20,'document','title','sr-Cyrl','Извештај о пројекту Алфа'),(211,20,'document','description','sr-Cyrl','Извештај о напретку и резултатима пројекта Алфа.'),(212,21,'document','title','sr-Cyrl','Техничка документација робота'),(213,21,'document','description','sr-Cyrl','Детаљна техничка спецификација робота за производњу'),(216,5,'employee','name','sr-Cyrl','Александра'),(217,5,'employee','surname','sr-Cyrl','Ћирић'),(218,5,'employee','biography','sr-Cyrl','Одговорна за уметнички програм и сарадњу са уметницима.'),(219,6,'employee','name','sr-Cyrl','Чедомир'),(220,6,'employee','surname','sr-Cyrl','Чолић'),(221,6,'employee','biography','sr-Cyrl','Организује изложбе и води бригу о уметничким колекцијама.'),(222,7,'employee','name','sr-Cyrl','Шпела'),(223,7,'employee','surname','sr-Cyrl','Шарић'),(224,7,'employee','biography','sr-Cyrl','Задужена за техничку реализацију догађаја и изложби.'),(225,8,'employee','name','sr-Cyrl','Жељко'),(226,8,'employee','surname','sr-Cyrl','Живковић'),(227,8,'employee','biography','sr-Cyrl','Комуницира са медијима и промовише културне догађаје.'),(228,9,'employee','name','sr-Cyrl','Ђорђе'),(229,9,'employee','surname','sr-Cyrl','Ђукић'),(230,9,'employee','biography','sr-Cyrl','Помаже у постављању и демонтирању сценографије.'),(231,10,'employee','name','sr-Cyrl','Анђела'),(232,10,'employee','surname','sr-Cyrl','Анђелковић'),(233,10,'employee','biography','sr-Cyrl','Планира и координира културне манифестације.'),(234,11,'employee','name','sr-Cyrl','Лука'),(235,11,'employee','surname','sr-Cyrl','Лукић'),(236,11,'employee','biography','sr-Cyrl','Брине о продукцији представа и концерата.'),(237,12,'employee','name','sr-Cyrl','Јасмина'),(238,12,'employee','surname','sr-Cyrl','Јаснић'),(239,12,'employee','biography','sr-Cyrl','Дочекује посетиоце и пружа информације о догађајима.'),(240,13,'employee','name','sr-Cyrl','Весна'),(241,13,'employee','surname','sr-Cyrl','Весић'),(242,13,'employee','biography','sr-Cyrl','Задужена за језичку и стилску исправност промотивних материјала.'),(243,14,'employee','name','sr-Cyrl','Зоран'),(244,14,'employee','surname','sr-Cyrl','Зорић'),(245,14,'employee','biography','sr-Cyrl','Организује и води креативне радионице за децу и одрасле.'),(246,1,'events','title','sr-Cyrl','Изложба средњовековне уметности'),(247,1,'events','description','sr-Cyrl','Изложба радова средњовековних уметника у галерији.'),(248,2,'events','title','sr-Cyrl','Радиonica ИТ-а'),(249,2,'events','description','sr-Cyrl','Интензивна радионица програмирања за почетнике.'),(250,3,'events','title','sr-Cyrl','Дечији фестивал позоришта'),(251,3,'events','description','sr-Cyrl','Фестивал позоришних представа за децу и младе.'),(252,5,'events','title','sr-Cyrl','Семинар о вештачкој интелигенцији'),(253,5,'events','description','sr-Cyrl','Семинар о примени AI технологија у индустрији.'),(254,6,'events','title','sr-Cyrl','Округли сто: Локална заједница'),(255,6,'events','description','sr-Cyrl','Дискусија о унапређењу услова у локалној заједници.'),(256,7,'events','title','sr-Cyrl','Наса'),(257,7,'events','description','sr-Cyrl','ггфдгфдфгд'),(258,8,'events','title','sr-Cyrl','Апп'),(259,8,'events','description','sr-Cyrl','фдсфс'),(260,6,'gallery','title','sr-Cyrl','Боје Зрењанина'),(261,6,'gallery','description','sr-Cyrl','Изложба слика „Боје Зрењанина“'),(262,7,'gallery','title','sr-Cyrl','Ноћ уз музику'),(263,7,'gallery','description','sr-Cyrl','Летњи концерт на отвореном'),(264,8,'gallery','title','sr-Cyrl','Представа Мала сцена'),(265,8,'gallery','description','sr-Cyrl','Позоришна представа на Малој сцени'),(266,9,'gallery','title','sr-Cyrl','Дечија уметничка радиonica'),(267,9,'gallery','description','sr-Cyrl','Креативна радионица за најмлађе'),(268,10,'gallery','title','sr-Cyrl','Дигиталне технологије данас'),(269,10,'gallery','description','sr-Cyrl','Семинар о дигиталним иновацијама'),(270,1,'kategorije_dogadjaja','naziv','sr-Cyrl','Едукативни догађаји'),(271,2,'kategorije_dogadjaja','naziv','sr-Cyrl','Културни догађаји'),(272,3,'kategorije_dogadjaja','naziv','sr-Cyrl','Догађаји за децу и младе'),(273,4,'kategorije_dogadjaja','naziv','sr-Cyrl','Дигитални и технолошки'),(274,5,'kategorije_dogadjaja','naziv','sr-Cyrl','Заједница и друштво'),(275,6,'kategorije_dogadjaja','naziv','sr-Cyrl','Интерни догађаји'),(276,7,'kategorije_dogadjaja','naziv','sr-Cyrl','Онлајн догађаји'),(277,1,'news','title','sr-Cyrl','Нови конкурс за младе истраживаче'),(278,1,'news','content','sr-Cyrl','Објављен је конкурс за финансирање иновативних пројеката младих истраживача. Рок за пријаву је 15. јул.'),(279,2,'news','title','sr-Cyrl','Обавештење о радном времену током празника'),(280,2,'news','content','sr-Cyrl','Током државног празника, канцеларије неће радити 1. и 2. јула.'),(281,3,'news','title','sr-Cyrl','Позив за учешће на јавној расправи'),(282,3,'news','content','sr-Cyrl','Позивамо грађане да учествују у јавној расправи о плану развоја града.'),(283,4,'news','title','sr-Cyrl','Одлука о буџету за наредну годину'),(284,4,'news','content','sr-Cyrl','Усвојена је одлука о буџету за 2026. годину, са фокусом на образовање и инфраструктуру.'),(285,5,'news','title','sr-Cyrl','Завршеток пројекта \"Паметни град\"'),(286,5,'news','content','sr-Cyrl','Пројекат \"Паметни град\" успешно је завршен и резултати су доступни на сајту.'),(287,6,'news','title','sr-Cyrl','Годишњи извештај о раду институције'),(288,6,'news','content','sr-Cyrl','Објављен је годишњи извештај који приказује остварене циљеве и изазове током прошле године.'),(313,9,'events','title','sr','fdsf'),(314,9,'events','title','sr-Cyrl','фдсф'),(315,9,'events','description','sr','fdsfs'),(316,9,'events','description','sr-Cyrl','фдсфс'),(329,30,'document','title','sr-Cyrl','пример1'),(330,30,'document','title','sr','primer1'),(331,30,'document','description','sr-Cyrl','пример2'),(332,30,'document','description','sr','primer2'),(333,31,'document','title','sr-Cyrl','асд'),(334,31,'document','title','sr','asd'),(335,31,'document','description','sr-Cyrl','дфсфд'),(336,31,'document','description','sr','dfsfd'),(341,10,'events','title','sr','дсадса'),(342,10,'events','title','sr-Cyrl','дсадса'),(343,10,'events','description','sr','фдсфдс'),(344,10,'events','description','sr-Cyrl','фдсфдс'),(345,12,'gallery','title','sr','тест'),(346,12,'gallery','title','sr-Cyrl','тест'),(347,12,'gallery','description','sr','тест2'),(348,12,'gallery','description','sr-Cyrl','тест2'),(349,1,'subcategory_document','name','sr','Organizaciona struktura'),(350,2,'subcategory_document','name','sr','Sistematizacija radnih mesta'),(351,3,'subcategory_document','name','sr','Podaci o broju zaposlenih u ustanovi'),(352,4,'subcategory_document','name','sr','Dokumenti iz procedure izbora direktora'),(353,5,'subcategory_document','name','sr','Imena i radne biografije direktora i lanova nadzornih/upravnih odbora'),(354,6,'subcategory_document','name','sr','Godinji planovi rada ustanove'),(355,7,'subcategory_document','name','sr','Izvetaji o radu'),(356,8,'subcategory_document','name','sr','Izvetaji o radu organa upravljanja (nadzornog/upravnog odbora)'),(357,9,'subcategory_document','name','sr','Informator o radu, pravilnici i druga akta koja reguliu oblasti etike i integriteta'),(358,10,'subcategory_document','name','sr','Informacije o javnim nabavkama');
/*!40000 ALTER TABLE `text` ENABLE KEYS */;
UNLOCK TABLES;

--
-- Table structure for table `text_entries`
--

DROP TABLE IF EXISTS `text_entries`;
/*!40101 SET @saved_cs_client     = @@character_set_client */;
/*!50503 SET character_set_client = utf8mb4 */;
CREATE TABLE `text_entries` (
  `id` varchar(64) NOT NULL,
  `page_slug` varchar(100) NOT NULL,
  `original_text` text NOT NULL,
  `text_hash` varchar(255) NOT NULL,
  `dom_path` varchar(255) DEFAULT NULL,
  `path_hash` varchar(128) NOT NULL,
  `tag` varchar(50) DEFAULT NULL,
  `created_at` timestamp NULL DEFAULT CURRENT_TIMESTAMP,
  `updated_at` timestamp NULL DEFAULT CURRENT_TIMESTAMP ON UPDATE CURRENT_TIMESTAMP,
  PRIMARY KEY (`id`),
  KEY `idx_text_entries_path_hash` (`page_slug`,`path_hash`),
  KEY `idx_text_entries_text_hash` (`text_hash`)
) ENGINE=InnoDB DEFAULT CHARSET=utf8mb4 COLLATE=utf8mb4_0900_ai_ci;
/*!40101 SET character_set_client = @saved_cs_client */;

--
-- Dumping data for table `text_entries`
--

LOCK TABLES `text_entries` WRITE;
/*!40000 ALTER TABLE `text_entries` DISABLE KEYS */;
INSERT INTO `text_entries` VALUES ('t__19d405_ca7cce','','Welcome\n                This is a basic page template that can be customized further.','ca7cce','html_1/body_0/main_0/section_0','19d405','section','2025-09-18 10:20:10','2025-09-18 10:20:10'),('t__454605_ca7cce','','Welcome','83218a','div_0','454605','div','2025-09-18 10:20:10','2025-09-18 10:20:10'),('t__4b313b_256d70','','This is a basic page template that can be customized further.','f510f0d253e0bd5d59dd3485518fd7440ef5a3a39fa4995f104ca72239aa17ce','html_1/body_0/main_0/section_0/div_0/div_0/p_0','4b313b','p','2025-09-18 09:08:43','2025-09-19 12:10:32'),('t__cbbeff_83218a','','Welcome','0e2226b5235f0ff94a276eb4d07a3bfea74b7e3b8b85e9efca6c18430f041bf8','html_1/body_0/main_0/section_0/div_0/div_0/h1_0','cbbeff','h1','2025-09-18 09:08:43','2025-09-19 12:10:32'),('t__cd142a_2294f6','','##PHP_BLOCK_2##','de2f0d','html_1/body_0','cd142a','body','2025-09-18 09:22:41','2025-09-18 12:15:12'),('t_centarzakulturu_02306c_ac3ca2','centarzakulturu','Članovi:','fc2e24cc81e170b65a8e1643e47a37b5acb489c30ef34823f99432c8912368a1','html_1/body_0/section_0/div_2/div_0/div_0/div_1/div_2/span_0','02306c','span','2025-09-18 09:08:43','2025-09-19 12:10:32'),('t_centarzakulturu_04ab88_c01af6','centarzakulturu','Izložbe','a3532dec210b9be9792716ffeb2bfff40d130db7b5fa215b921752b320cefa3c','html_1/body_0/footer_0/div_0/div_0/div_1/ul_0/li_0/a_0','04ab88','a','2025-09-18 09:08:43','2025-09-19 12:10:32'),('t_centarzakulturu_07bdd4_adfef6','centarzakulturu','Cilj','adfef6','div_0/nav_0/div_0/div_0','07bdd4','div','2025-09-18 10:20:10','2025-09-18 10:20:10'),('t_centarzakulturu_08a215_84b566','centarzakulturu','Raspored filmova','fb425538794bd3d2848c2c6b6950164ca8d199edcf4af2aad0289feccecbf83e','html_1/body_0/section_0/div_1/div_0/div_0/div_2/a_1','08a215','a','2025-09-18 09:08:43','2025-09-19 12:10:32'),('t_centarzakulturu_0d6e8a_39e7f4','centarzakulturu','Saznaj više','963cf6e936cb75f10b8a0fd7af3a03e399867c819ed9450b4881e2e892cb70cd','html_1/body_0/section_0/div_0/div_0/div_1/div_1/button_1','0d6e8a','button','2025-09-18 09:08:43','2025-09-19 12:10:32'),('t_centarzakulturu_0de10a_adfef6','centarzakulturu','Cilj','8a73aa9692f7780ce56b4c436436fe84bd2ceb9dfa196ecddf3a178b18d88e37','html_1/body_0/header_0/div_0/nav_0/div_0/div_0/a_0','0de10a','a','2025-09-18 09:08:43','2025-09-19 12:10:32'),('t_centarzakulturu_0fe543_ac3ca2','centarzakulturu','Članovi:','ac3ca2','html_1/body_0/section_0/div_2/div_0/div_0/div_1/div_2','0fe543','div','2025-09-18 10:20:10','2025-09-18 10:20:10'),('t_centarzakulturu_109754_0aa0ce','centarzakulturu','Zaposleni','ce80709ddba5b038fa936cdf1112d43aaae8621c07a22bb983149159c6bc6817','html_1/body_0/div_0/div_1/div_0/nav_0/div_0/div_0/a_1','109754','a','2025-09-18 09:08:43','2025-09-19 12:10:32'),('t_centarzakulturu_126fec_a1660e','centarzakulturu','Vreme','a1660e','html_1/body_0/section_0/div_0/div_0/div_1/div_0/div_1/div_0','126fec','div','2025-09-18 10:20:10','2025-09-18 10:20:10'),('t_centarzakulturu_12bd84_2496af','centarzakulturu','50%','2496af','html_1/body_0/section_0/div_0/div_0/div_0/div_1','12bd84','div','2025-09-18 11:06:26','2025-09-18 11:08:28'),('t_centarzakulturu_12d8e0_2fb40e','centarzakulturu','KULTURNI NEXUS\n                        Centar za umetnost i kulturu koji okuplja kreativce i publiku u srcu Beograda.','2fb40e','html_1/body_0/footer_0/div_0/div_0','12d8e0','div','2025-09-18 10:20:10','2025-09-18 10:20:10'),('t_centarzakulturu_14a83e_679bb5','centarzakulturu','##COMMENT_2##','a5f8ee','html_1/body_0/header_0/div_0','14a83e','div','2025-09-18 09:22:41','2025-09-18 12:15:12'),('t_centarzakulturu_187dbe_7a12a0','centarzakulturu','Pocetna','7a12a0','html_1/body_0/header_0/div_0/nav_0','187dbe','nav','2025-09-18 10:20:10','2025-09-18 10:20:10'),('t_centarzakulturu_1a844b_8f0003','centarzakulturu','##COMMENT_9##','22299d','html_1/body_0/section_0/div_1/div_0/div_1/div_0','1a844b','div','2025-09-18 09:22:41','2025-09-18 12:15:12'),('t_centarzakulturu_1a9d5e_d4f4b1','centarzakulturu','Informacije','6be258cb7b32b4cebc1f1805ecbfe3152846c082d9b2454a45b0ed51b2c43782','html_1/body_0/footer_0/div_0/div_0/div_2/h4_0','1a9d5e','h4','2025-09-18 09:08:43','2025-09-19 12:10:32'),('t_centarzakulturu_1b5dc6_703b3d','centarzakulturu','##PHP_BLOCK_6##','703b3d','html_1/body_0/section_0/div_0/div_1/div_0/div_1/div_1/div_0/div_1/span_0','1b5dc6','span','2025-09-18 09:22:41','2025-09-18 12:15:12'),('t_centarzakulturu_1bb70c_c623a0','centarzakulturu','— Elena Rodriguez, Umetnički\n                                direktor','c623a0','html_1/body_0/section_0/div_1/div_0/div_0/div_0/p_0','1bb70c','p','2025-09-18 10:20:10','2025-09-18 10:20:10'),('t_centarzakulturu_1ca7a0_07384e','centarzakulturu','Savremene Perspektive','5379e4a4f4ddd95a9d16828de195ec8a91b4562a4e249f240ee5da7be4058439','html_1/body_0/section_0/div_1/div_0/div_1/div_0/div_0/div_2/h3_0','1ca7a0','h3','2025-09-18 09:08:43','2025-09-19 12:10:32'),('t_centarzakulturu_1d2bea_adfef6','centarzakulturu','Cilj','8a73aa9692f7780ce56b4c436436fe84bd2ceb9dfa196ecddf3a178b18d88e37','html_1/body_0/div_0/div_1/div_0/nav_0/div_0/div_0/a_0','1d2bea','a','2025-09-18 09:08:43','2025-09-19 12:10:32'),('t_centarzakulturu_1da411_991a31','centarzakulturu','Galerija','6e320ec0db4ed44c16aec667e4190c76408ec930eee97fe79b8f192929d925d0','html_1/body_0/div_0/div_1/div_0/nav_0/a_2','1da411','a','2025-09-18 09:08:43','2025-09-19 12:10:32'),('t_centarzakulturu_1f0574_84e6c0','centarzakulturu','Lokacija','82c9a4a61eaa2cd44f0c1ba56b5a4b119c29a557f78f204df519f32d72686e64','html_1/body_0/section_0/div_0/div_0/div_1/div_0/div_2/div_0/p_0','1f0574','p','2025-09-18 09:08:43','2025-09-19 12:10:32'),('t_centarzakulturu_22f386_76de0c','centarzakulturu','Svakog petka','72dd9eb7d26a0e0b90f691aa102cdd571fbf79467f28c86ec223a19c339c5191','html_1/body_0/section_0/div_1/div_0/div_1/div_0/div_3/div_2/p_0','22f386','p','2025-09-18 09:08:43','2025-09-19 12:10:32'),('t_centarzakulturu_24f76e_37b927','centarzakulturu','Početna','96ca156349b6502ea4530fec38877af778874945115b1ce063f1e352a286dee5','html_1/body_0/div_0/div_1/div_0/nav_0/a_0','24f76e','a','2025-09-18 09:08:43','2025-09-19 12:10:32'),('t_centarzakulturu_24fafb_30db86','centarzakulturu','Muzika','30db86','html_1/body_0/section_0/div_1/div_0/div_1/div_0/div_2','24fafb','div','2025-09-18 10:20:10','2025-09-18 10:20:10'),('t_centarzakulturu_295d59_c52c22','centarzakulturu','Pozorište','6f2b960c2396689ade479dcf8b8caa72468cc5058f43b7439c9fd5759e3b49b9','html_1/body_0/footer_0/div_0/div_0/div_1/ul_0/li_2/a_0','295d59','a','2025-09-18 09:08:43','2025-09-19 12:10:32'),('t_centarzakulturu_298889_5641d5','centarzakulturu','Brzi linkovi','5641d5','html_1/body_0/footer_0/div_0/div_0/div_0','298889','div','2025-09-18 10:20:10','2025-09-18 10:20:10'),('t_centarzakulturu_2b3637_5a54a2','centarzakulturu','Misija','e28bed716fdad1c4c9cd6a5953bcce5db2fc7bdb44862b973ecc2b1204f53dd1','html_1/body_0/header_0/div_0/nav_0/div_0/div_0/a_2','2b3637','a','2025-09-18 09:08:43','2025-09-19 12:10:32'),('t_centarzakulturu_2c1914_2294f6','centarzakulturu','##PHP_BLOCK_4##','71f7bc','html_1/body_0/section_0/div_0/div_1','2c1914','div','2025-09-18 09:22:41','2025-09-18 12:15:12'),('t_centarzakulturu_2c939a_0aa0ce','centarzakulturu','Zaposleni','ce80709ddba5b038fa936cdf1112d43aaae8621c07a22bb983149159c6bc6817','html_1/body_0/header_0/div_0/nav_0/div_0/div_0/a_1','2c939a','a','2025-09-18 09:08:43','2025-09-19 12:10:32'),('t_centarzakulturu_2ff96c_aa5516','centarzakulturu','O nama','aa5516','div_0/nav_0/div_0/button_0','2ff96c','button','2025-09-18 10:20:10','2025-09-18 10:20:10'),('t_centarzakulturu_31506b_ea6e1c','centarzakulturu','CENTAR ZA UMETNOST I BAŠTINU','addff8e5c1f28074f448285c073a55a088035ec9f60b5520fb632923ad632171','html_1/body_0/header_0/div_0/div_0/div_1/p_0','31506b','p','2025-09-18 09:08:43','2025-09-19 12:10:32'),('t_centarzakulturu_316e1b_aa5516','centarzakulturu','O nama','aa5516','html_1/body_0/header_0/div_0/nav_0/div_0/button_0','316e1b','button','2025-09-18 10:20:10','2025-09-18 10:20:10'),('t_centarzakulturu_321822_e66309','centarzakulturu','Rezerviši karte','6859bc91a4e5270e2f4f70843710ce9a33e381995bf7a004966cd1c0f1837ee1','html_1/body_0/section_0/div_0/div_0/div_1/div_1/button_0','321822','button','2025-09-18 09:08:43','2025-09-19 12:10:32'),('t_centarzakulturu_349d5d_df0931','centarzakulturu','Opšta:','df0931','html_1/body_0/section_0/div_2/div_0/div_0/div_1/div_0/span_0','349d5d','span','2025-09-18 09:22:41','2025-09-18 12:15:12'),('t_centarzakulturu_3726ee_be67f6','centarzakulturu','##COMMENT_5##','4825a1','html_1/body_0/header_0/div_0/div_1','3726ee','div','2025-09-18 09:22:41','2025-09-18 12:15:12'),('t_centarzakulturu_389439_98b2cc','centarzakulturu','Bioskop','98b2cc','html_1/body_0/footer_0/div_0/div_0/div_0/ul_0/li_0','389439','li','2025-09-18 10:20:10','2025-09-18 10:20:10'),('t_centarzakulturu_391e45_98b2cc','centarzakulturu','Bioskop','98b2cc','html_1/body_0/section_0/div_1/div_0/div_1/div_0/div_0','391e45','div','2025-09-18 10:20:10','2025-09-18 10:20:10'),('t_centarzakulturu_39bb6d_c7e413','centarzakulturu','Trenutne izložbe','c7e413','html_1/body_0/section_0/div_1/div_0/div_0/div_1','39bb6d','div','2025-09-18 10:20:10','2025-09-18 10:20:10'),('t_centarzakulturu_3a5aa2_b61541','centarzakulturu','Menu','99af6606ff9d6cd5154d4d4e9c21e325086d3e904677cdb41d363c8a3480f862','html_1/body_0/div_0/div_1/div_0/div_0/h2_0','3a5aa2','h2','2025-09-18 09:08:43','2025-09-19 12:10:32'),('t_centarzakulturu_3c1a90_37b927','centarzakulturu','Početna','37b927','div_0/nav_0','3c1a90','nav','2025-09-18 10:20:10','2025-09-18 10:20:10'),('t_centarzakulturu_3f96c2_7a12a0','centarzakulturu','Pocetna','c826eb81010ceaeb93a10cb4165bb330ea4a7b8bdc7ce3d96b8ee0279b31ab4f','html_1/body_0/header_0/div_0/nav_0/a_0/span_0','3f96c2','span','2025-09-18 09:08:43','2025-09-19 12:10:32'),('t_centarzakulturu_413149_0a4e1f','centarzakulturu','Koncerti','0a4e1f','html_1/body_0/footer_0/div_0/div_0/div_0/ul_0/li_2','413149','li','2025-09-18 10:20:10','2025-09-18 10:20:10'),('t_centarzakulturu_429e80_0a4e1f','centarzakulturu','Koncerti','59dd557fe9fd69b59f38c35ccd1a39eee9251d5efb83b0922410e2b0f2221daa','html_1/body_0/footer_0/div_0/div_0/div_1/ul_0/li_3/a_0','429e80','a','2025-09-18 09:08:43','2025-09-19 12:10:32'),('t_centarzakulturu_42b7fc_da6298','centarzakulturu','Radionice','67e6d28508e2632cfc620a84feb2afa936736017baf9ddcd0dc2dcbaaccf9576','html_1/body_0/footer_0/div_0/div_0/div_1/ul_0/li_4/a_0','42b7fc','a','2025-09-18 09:08:43','2025-09-19 12:10:32'),('t_centarzakulturu_4360b3_85a8b7','centarzakulturu','Pozorišne predstave','d55e0809eaa73a853dababd5b458e31b66819cfdcc3f4e2f2917a10e041ecac9','html_1/body_0/section_0/div_1/div_0/div_0/div_2/a_2','4360b3','a','2025-09-18 09:08:43','2025-09-19 12:10:32'),('t_centarzakulturu_454605_0e3dcd','centarzakulturu','KULTURNI NEXUS','da1c6e','div_0','454605','div','2025-09-18 10:20:10','2025-09-18 10:20:10'),('t_centarzakulturu_4549c7_de2f0d','centarzakulturu','##PHP_BLOCK_2##','de2f0d','html_1/body_0/section_0/div_0/div_1/div_0/div_1/div_0/span_0','4549c7','span','2025-09-18 09:22:41','2025-09-18 12:15:12'),('t_centarzakulturu_458bb7_82aa77','centarzakulturu','Studenti/Penzioneri:','82aa77','html_1/body_0/section_0/div_2/div_0/div_0/div_1/div_1','458bb7','div','2025-09-18 10:20:10','2025-09-18 10:20:10'),('t_centarzakulturu_474d79_b91551','centarzakulturu','Utorak-Nedelja: 10:00-21:00','b91551','html_1/body_0/section_0/div_2/div_0/div_0/div_0/div_1/p_0','474d79','p','2025-09-18 09:22:41','2025-09-18 12:15:12'),('t_centarzakulturu_48c713_98b2cc','centarzakulturu','Bioskop','e78ac68fa3d183de669074268decd5140f192d01a4d0b837040fdd3f9f40f60a','html_1/body_0/section_0/div_1/div_0/div_1/div_0/div_1/div_1','48c713','div','2025-09-18 09:08:43','2025-09-19 12:10:32'),('t_centarzakulturu_4b5a15_833ec1','centarzakulturu','Pogledaj sve događaje','2ac881d7e6ab2cd949d07a32f5ce530b3e3ee309ceeaf613d07fc56232e43ea8','html_1/body_0/section_0/div_0/div_2/button_0','4b5a15','button','2025-09-18 09:08:43','2025-09-19 12:10:32'),('t_centarzakulturu_4d17a7_0a335d','centarzakulturu','Dogadjaji','fd994bdbf8b219b492102f9835f9e2fbc143c4894d97bdb1ad269aff54e33f02','html_1/body_0/div_0/div_1/div_0/nav_0/a_1','4d17a7','a','2025-09-18 09:08:43','2025-09-19 12:10:32'),('t_centarzakulturu_4fd4d7_c52c22','centarzakulturu','Pozorište','c52c22','html_1/body_0/footer_0/div_0/div_0/div_0/ul_0/li_1','4fd4d7','li','2025-09-18 10:20:10','2025-09-18 10:20:10'),('t_centarzakulturu_549fe3_c52c22','centarzakulturu','Pozorište','6f2b960c2396689ade479dcf8b8caa72468cc5058f43b7439c9fd5759e3b49b9','html_1/body_0/section_0/div_1/div_0/div_1/div_0/div_2/div_1','549fe3','div','2025-09-18 09:08:43','2025-09-19 12:10:32'),('t_centarzakulturu_57335b_5a54a2','centarzakulturu','Misija','e28bed716fdad1c4c9cd6a5953bcce5db2fc7bdb44862b973ecc2b1204f53dd1','html_1/body_0/div_0/div_1/div_0/nav_0/div_0/div_0/a_2','57335b','a','2025-09-18 09:08:43','2025-09-19 12:10:32'),('t_centarzakulturu_5740f1_ea9795','centarzakulturu','Knez Mihailova 56, 11000 Beograd','ea9795','html_1/body_0/footer_0/div_0/div_0/div_2/ul_0/li_0/span_0','5740f1','span','2025-09-18 09:22:41','2025-09-18 12:15:12'),('t_centarzakulturu_5882fc_03899a','centarzakulturu','Galerija Savremene Umetnosti','21f042e81477d900dd223988f2560606a58a877890813403cea9901b258f8882','html_1/body_0/section_0/div_0/div_0/div_1/div_0/div_2/div_0/p_1','5882fc','p','2025-09-18 09:08:43','2025-09-19 12:10:32'),('t_centarzakulturu_5c9a37_c7a56d','centarzakulturu','Centar za umetnost i kulturu koji okuplja kreativce i publiku u srcu Beograda.','6e35be78e028ce1bf585b72a4e9022e4d375cd596813f022b174a700f65c5538','html_1/body_0/footer_0/div_0/div_0/div_0/p_0','5c9a37','p','2025-09-18 09:08:43','2025-09-19 12:10:32'),('t_centarzakulturu_63589c_16f2a3','centarzakulturu','Radno vreme','1be2592273fe9ea248f3b1683cc72aeb9f9de43f74fa9195588495c313596829','html_1/body_0/section_0/div_2/div_0/div_0/div_0/div_1/h4_0','63589c','h4','2025-09-18 09:08:43','2025-09-19 12:10:32'),('t_centarzakulturu_664f9d_a55ff7','centarzakulturu','Retrospektiva','633095c6a847c6ea90e189dd46bc74f564f5a0313813d994a1d900b4bc303cd6','html_1/body_0/section_0/div_0/div_0/div_1/h2_0/span_0','664f9d','span','2025-09-18 09:08:43','2025-09-19 12:10:32'),('t_centarzakulturu_68b754_12db56','centarzakulturu','1200 RSD','12db56','html_1/body_0/section_0/div_2/div_0/div_0/div_1/div_0/span_1','68b754','span','2025-09-18 09:22:41','2025-09-18 12:15:12'),('t_centarzakulturu_6a9275_7a12a0','centarzakulturu','Pocetna','7a12a0','a_0','6a9275','a','2025-09-18 10:20:10','2025-09-18 10:20:10'),('t_centarzakulturu_6b4933_9ba517','centarzakulturu','Datum','9ba517','html_1/body_0/section_0/div_0/div_0/div_1/div_0/div_0/div_0','6b4933','div','2025-09-18 10:20:10','2025-09-18 10:20:10'),('t_centarzakulturu_6fe912_04a394','centarzakulturu','Mapa lokacije','0fc46a952ebd653d05f04ac2358d917d9f11717dc094a63a11fde7fd3e816629','html_1/body_0/footer_0/div_0/div_0/div_3/h4_0','6fe912','h4','2025-09-18 09:08:43','2025-09-19 12:10:32'),('t_centarzakulturu_715742_da6298','centarzakulturu','Radionice','da6298','html_1/body_0/footer_0/div_0/div_0/div_0/ul_0/li_3','715742','li','2025-09-18 10:20:10','2025-09-18 10:20:10'),('t_centarzakulturu_717ee7_676022','centarzakulturu','##COMMENT_3##','be67f6','html_1/body_0/section_0/div_0','717ee7','div','2025-09-18 09:22:41','2025-09-18 12:15:12'),('t_centarzakulturu_794512_04a394','centarzakulturu','Mapa lokacije','04a394','html_1/body_0/footer_0/div_0/div_0/div_2','794512','div','2025-09-18 10:20:10','2025-09-18 10:20:10'),('t_centarzakulturu_7c0e83_d4f4b1','centarzakulturu','Informacije','d4f4b1','html_1/body_0/footer_0/div_0/div_0/div_1','7c0e83','div','2025-09-18 10:20:10','2025-09-18 10:20:10'),('t_centarzakulturu_7e42d1_41299a','centarzakulturu','Mesto gde se umetnost, film i','41299a','div_0/h1_0','7e42d1','h1','2025-09-18 10:20:10','2025-09-18 10:20:10'),('t_centarzakulturu_7f4507_5496b0','centarzakulturu','1. jun - 15. jul','5496b0','html_1/body_0/section_0/div_0/div_0/div_1/div_0/div_0/div_0/p_1','7f4507','p','2025-09-18 09:22:41','2025-09-18 12:15:12'),('t_centarzakulturu_7fa6bf_991a31','centarzakulturu','Galerija','991a31','html_1/body_0/header_0/div_0/nav_0/a_1','7fa6bf','a','2025-09-18 10:20:10','2025-09-18 10:20:10'),('t_centarzakulturu_7fdf15_30db86','centarzakulturu','Muzika','d72c799a32ef01fc333d85b1abac1d9a55efa21f0fea2aea605680c6ea9e2450','html_1/body_0/section_0/div_1/div_0/div_1/div_0/div_3/div_1','7fdf15','div','2025-09-18 09:08:43','2025-09-19 12:10:32'),('t_centarzakulturu_80634c_92316d','centarzakulturu','Kontakt','325eecf9d30156c2e6f261e611c40f571de28ad8924b6b2167b2aa78a3d9dadb','html_1/body_0/div_0/div_1/div_0/nav_0/a_4','80634c','a','2025-09-18 09:08:43','2025-09-19 12:10:32'),('t_centarzakulturu_812828_16f2a3','centarzakulturu','Radno vreme','16f2a3','html_1/body_0/section_0/div_2/div_0/div_0/div_0/div_1','812828','div','2025-09-18 10:20:10','2025-09-18 10:20:10'),('t_centarzakulturu_83e894_41299a','centarzakulturu','Mesto gde se umetnost, film i','7f24cccdf5cef13a7c8545ac7ba314f579ba77dc48d7306deb010868768ee3df','html_1/body_0/section_0/div_1/div_0/div_0/div_0/h1_0/span_0','83e894','span','2025-09-18 09:08:43','2025-09-19 12:10:32'),('t_centarzakulturu_840e4c_7f65a1','centarzakulturu','##COMMENT_4##','7f65a1','html_1/body_0/header_0/div_0/div_1/div_0','840e4c','div','2025-09-18 09:22:41','2025-09-18 12:15:12'),('t_centarzakulturu_8509d6_b6f254','centarzakulturu','Kalendar događaja','b6f254','html_1/body_0/footer_0/div_0/div_0/div_0/ul_0/li_4','8509d6','li','2025-09-18 10:20:10','2025-09-18 10:20:10'),('t_centarzakulturu_8631df_adfef6','centarzakulturu','Cilj','adfef6','html_1/body_0/header_0/div_0/nav_0/div_0/div_0','8631df','div','2025-09-18 10:20:10','2025-09-18 10:20:10'),('t_centarzakulturu_89bd5c_ad9428','centarzakulturu','Doživite živopisnu spoju vizuelnih umetnosti, nezavisnog filma, pozorišta i kulturne baštine\n                            u našem novom renoviranom prostoru.','ad9428','html_1/body_0/section_0/div_1/div_0/div_0/div_0','89bd5c','div','2025-09-18 10:20:10','2025-09-18 10:20:10'),('t_centarzakulturu_8e14ae_c52c22','centarzakulturu','Pozorište','c52c22','html_1/body_0/section_0/div_1/div_0/div_1/div_0/div_1','8e14ae','div','2025-09-18 10:20:10','2025-09-18 10:20:10'),('t_centarzakulturu_8e362c_30122c','centarzakulturu','info@kulturninexus.rs','30122c','html_1/body_0/footer_0/div_0/div_0/div_1/ul_0','8e362c','ul','2025-09-18 10:20:10','2025-09-18 10:20:10'),('t_centarzakulturu_92b29d_a1660e','centarzakulturu','Vreme','66e6fcac738d07d2e1354f3ed3947576b13669a4fd72b3adc0bb15d010f13335','html_1/body_0/section_0/div_0/div_0/div_1/div_0/div_1/div_0/p_0','92b29d','p','2025-09-18 09:08:43','2025-09-19 12:10:32'),('t_centarzakulturu_9d2a51_4d3355','centarzakulturu','10:00 - 20:00','4d3355','html_1/body_0/section_0/div_0/div_0/div_1/div_0/div_1/div_0/p_1','9d2a51','p','2025-09-18 11:06:26','2025-09-18 11:08:28'),('t_centarzakulturu_9ff7fd_679bb5','centarzakulturu','##COMMENT_11##','fb518b','html_1/body_0/section_0','9ff7fd','section','2025-09-18 09:22:41','2025-09-18 12:15:12'),('t_centarzakulturu_a1ee47_0a335d','centarzakulturu','Dogadjaji','fd994bdbf8b219b492102f9835f9e2fbc143c4894d97bdb1ad269aff54e33f02','html_1/body_0/header_0/div_0/nav_0/a_1/span_0','a1ee47','span','2025-09-18 09:08:43','2025-09-19 12:10:32'),('t_centarzakulturu_a24795_30122c','centarzakulturu','info@kulturninexus.rs','dac9b6dd232f79069552b7de61dbdc8be1f8ce402e28b69bdf8dd7f236df1943','html_1/body_0/footer_0/div_0/div_0/div_2/ul_0/li_2/span_0','a24795','span','2025-09-18 09:08:43','2025-09-19 12:10:32'),('t_centarzakulturu_a332d6_bd54ef','centarzakulturu','Dokumenti','070ffde3b223069fcfcfc97afcd4209da9297d000acb6fdf91052de2314bcc8b','html_1/body_0/div_0/div_1/div_0/nav_0/a_3','a332d6','a','2025-09-18 09:08:43','2025-09-19 12:10:32'),('t_centarzakulturu_a3a049_89e3ac','centarzakulturu','Muzički događaji','1a74eb45120a3eacc6f17c22dbdc8b926a3a501fa018476d475c08dfc382a41c','html_1/body_0/section_0/div_1/div_0/div_0/div_2/a_3','a3a049','a','2025-09-18 09:08:43','2025-09-19 12:10:32'),('t_centarzakulturu_a3e540_98b2cc','centarzakulturu','Bioskop','e78ac68fa3d183de669074268decd5140f192d01a4d0b837040fdd3f9f40f60a','html_1/body_0/footer_0/div_0/div_0/div_1/ul_0/li_1/a_0','a3e540','a','2025-09-18 09:08:43','2025-09-19 12:10:32'),('t_centarzakulturu_a3e67b_bd54ef','centarzakulturu','Dokumenti','070ffde3b223069fcfcfc97afcd4209da9297d000acb6fdf91052de2314bcc8b','html_1/body_0/header_0/div_0/nav_0/a_3/span_0','a3e67b','span','2025-09-18 09:08:43','2025-09-19 12:10:32'),('t_centarzakulturu_a48fbd_954ce7','centarzakulturu','Specijalna ponuda','954ce7','html_1/body_0/section_0/div_0/div_0/div_1','a48fbd','div','2025-09-18 10:20:10','2025-09-18 10:20:10'),('t_centarzakulturu_a742ee_1111f9','centarzakulturu','Besplatno','553a0f8681c9e22056e6ce503fe67eb8b299dabcdbc9fb61b5d47b63bb9e4a5d','html_1/body_0/section_0/div_2/div_0/div_0/div_1/div_2/span_1','a742ee','span','2025-09-18 09:08:43','2025-09-19 12:10:32'),('t_centarzakulturu_a876b8_92316d','centarzakulturu','Kontakt','325eecf9d30156c2e6f261e611c40f571de28ad8924b6b2167b2aa78a3d9dadb','html_1/body_0/header_0/div_0/nav_0/a_4/span_0','a876b8','span','2025-09-18 09:08:43','2025-09-19 12:10:32'),('t_centarzakulturu_a9fece_9ba517','centarzakulturu','Datum','9135882d323cd839a5239648d28440a256c299c08d108c1b09fc4b9872efcc3a','html_1/body_0/section_0/div_0/div_0/div_1/div_0/div_0/div_0/p_0','a9fece','p','2025-09-18 09:08:43','2025-09-19 12:10:32'),('t_centarzakulturu_ac03ad_e33d35','centarzakulturu','Umetnost','5095b6090361b6827a61d218f773d58697755c3b9786bfc67de49719cd392982','html_1/body_0/section_0/div_1/div_0/div_1/div_0/div_0/div_1','ac03ad','div','2025-09-18 09:08:43','2025-09-19 12:10:32'),('t_centarzakulturu_aeacfe_988e15','centarzakulturu','LokacijaGalerija Savremene Umetnosti','988e15','html_1/body_0/section_0/div_0/div_0/div_1/div_0/div_2','aeacfe','div','2025-09-18 10:20:10','2025-09-18 10:20:10'),('t_centarzakulturu_aee8a7_241596','centarzakulturu','Miodraga Miće Popovića','97a0e17f9c127ff71421fe80d9591509fb1554017303a589c9b05a3b756e80e6','html_1/body_0/section_0/div_0/div_0/div_1/h2_0/span_1','aee8a7','span','2025-09-18 09:08:43','2025-09-19 12:10:32'),('t_centarzakulturu_b28457_1e0e44','centarzakulturu','Predstave na otvorenom','84109ae918299f8942f6bf43c5daf96e6c6bc6dd167de4cb6ed40adc83737644','html_1/body_0/section_0/div_1/div_0/div_1/div_0/div_2/div_2/p_0','b28457','p','2025-09-18 09:08:43','2025-09-19 12:10:32'),('t_centarzakulturu_b30fb1_af81c8','centarzakulturu','Ekskluzivna izložba koja obuhvata najznačajnija dela jednog od najuticajnijih srpskih umetnika\n                        20. veka. Ova retrospektiva predstavlja jedinstvenu priliku da se upoznate sa evolucijom\n                        Popovićevog stvaralaštva kroz pet decenija.','af81c8','html_1/body_0/section_0/div_0/div_0/div_1/p_0','b30fb1','p','2025-09-18 09:22:41','2025-09-18 12:15:12'),('t_centarzakulturu_bb270b_da1c6e','centarzakulturu','KULTURNI NEXUS','b39bba2f81dd980fcebf383512540fa53408d86c3883cb8830a8e94ffe2bd7e4','html_1/body_0/header_0/div_0/div_0/div_1/h1_0','bb270b','h1','2025-09-18 09:08:43','2025-09-19 12:10:32'),('t_centarzakulturu_bbb89f_da4935','centarzakulturu','Mesto gde se umetnost, film ikultura susreću','da4935','html_1/body_0/section_0/div_1/div_0/div_0/div_0/h1_0','bbb89f','h1','2025-09-18 09:50:56','2025-09-18 09:52:53'),('t_centarzakulturu_bbd598_4825a1','centarzakulturu','##COMMENT_5##','4825a1','html_1/body_0/section_0/div_1/div_0','bbd598','div','2025-09-18 10:53:42','2025-09-18 12:15:12'),('t_centarzakulturu_bc303f_d053b1','centarzakulturu','Savremene Perspektive','07384e','div_0/div_1','bc303f','div','2025-09-18 10:20:10','2025-09-18 10:20:10'),('t_centarzakulturu_bdc1a9_759d29','centarzakulturu','##COMMENT_4##','7f65a1','html_1/body_0/section_0/div_1/div_0/div_0','bdc1a9','div','2025-09-18 10:20:10','2025-09-18 12:15:12'),('t_centarzakulturu_c11ae3_e30e4c','centarzakulturu','Šekspir u parku','728ed1977a6df8dc1dd78c36021b748b804ea1d68122cda40b34e767f143bf8f','html_1/body_0/section_0/div_1/div_0/div_1/div_0/div_2/div_2/h3_0','c11ae3','h3','2025-09-18 09:08:43','2025-09-19 12:10:32'),('t_centarzakulturu_c39e5e_7bbb9b','centarzakulturu','Međunarodni Filmski Festival','548b9603da4cbe8cd9dc5fa04c94fd87f03f46358c32783080d0f62a4de4e0c6','html_1/body_0/section_0/div_1/div_0/div_1/div_0/div_1/div_2/h3_0','c39e5e','h3','2025-09-18 09:08:43','2025-09-19 12:10:32'),('t_centarzakulturu_c53f5d_ad9428','centarzakulturu','Doživite živopisnu spoju vizuelnih umetnosti, nezavisnog filma, pozorišta i kulturne baštine\n                            u našem novom renoviranom prostoru.','d0a7209f6905c473cfd0fc09c83e87499eb3d2e37c125d699f18b26d262f863b','html_1/body_0/section_0/div_1/div_0/div_0/div_1/p_0','c53f5d','p','2025-09-18 09:08:43','2025-09-19 12:10:32'),('t_centarzakulturu_c6a7ab_de7814','centarzakulturu','Istaknuto ovog meseca','288591f896aba3f04120de11481e057006a3fe300960f77df12fcb8a437d08c5','html_1/body_0/section_0/div_1/div_0/div_0/div_0/span_0','c6a7ab','span','2025-09-18 09:08:43','2025-09-19 12:10:32'),('t_centarzakulturu_c6ae99_b6f254','centarzakulturu','Kalendar događaja','d41c12b40dd5d0483a421d509f56f77e191aa6702dfa9ba623cde067f34550c3','html_1/body_0/footer_0/div_0/div_0/div_1/ul_0/li_5/a_0','c6ae99','a','2025-09-18 09:08:43','2025-09-19 12:10:32'),('t_centarzakulturu_c75ac7_d158c6','centarzakulturu','Moderni, inspirativni prostori dizajnirani za raznovrsne kulturne aktivnosti','a9f7113e226eaf4ac881762d1b818264df901b939ebb89b50900ebf227581ed2','html_1/body_0/section_0/div_0/div_0/p_0','5147da85133db65c388abd216c44d1d05cb75f011e6df90a33c61098f25ed3e6','p','2025-09-19 12:10:32','2025-09-19 12:10:32'),('t_centarzakulturu_c9f8eb_04228a','centarzakulturu','Ponedeljak: zatvoreno','0f9c0f928a8bd754576dc9dbe41d29a763cc9c203fced9413cf78045d5b91bc5','html_1/body_0/footer_0/div_0/div_0/div_2/ul_0/li_3/span_0','c9f8eb','span','2025-09-18 09:08:43','2025-09-19 12:10:32'),('t_centarzakulturu_ca7d3f_82aa77','centarzakulturu','Studenti/Penzioneri:','f36cd3d486e33879e7044afce2d5f133dbcd7ddfed86a32d31ecccf1a69bf313','html_1/body_0/section_0/div_2/div_0/div_0/div_1/div_1/span_0','ca7d3f','span','2025-09-18 09:08:43','2025-09-19 12:10:32'),('t_centarzakulturu_cb9492_c7e413','centarzakulturu','Trenutne izložbe','abf917229dba404a27a805b8475be108dd42674774ace71e8221b339cd486d43','html_1/body_0/section_0/div_1/div_0/div_0/div_2/a_0','cb9492','a','2025-09-18 09:08:43','2025-09-19 12:10:32'),('t_centarzakulturu_cc9304_5641d5','centarzakulturu','Brzi linkovi','c3e97ff61f666e13e5265ded703f25a3a964a8ac30fdc398a3a1c281c8d62fcf','html_1/body_0/footer_0/div_0/div_0/div_1/h4_0','cc9304','h4','2025-09-18 09:08:43','2025-09-19 12:10:32'),('t_centarzakulturu_cd142a_0e3dcd','centarzakulturu','MenuPočetna\n                    O nama\n                            Cilj\n                            Zaposleni\n                            Misija\n                            Dogadjaji\n                    Galerija\n                    Dokumenti\n                    Kontakt','0e3dcd','html_1/body_0','cd142a','body','2025-09-18 10:20:10','2025-09-18 10:20:10'),('t_centarzakulturu_cddb44_360def','centarzakulturu','Jazz & Blues Večeri','e6ac4284a4592b1ed8154a7431916329e635d1b009c759a5eae122476fa63be8','html_1/body_0/section_0/div_1/div_0/div_1/div_0/div_3/div_2/h3_0','cddb44','h3','2025-09-18 09:08:43','2025-09-19 12:10:32'),('t_centarzakulturu_cffc6f_86351c','centarzakulturu','##PHP_BLOCK_5##','86351c','html_1/body_0/section_0/div_0/div_1/div_0/div_1/div_1/div_0/div_0/span_0','cffc6f','span','2025-09-18 09:22:41','2025-09-18 12:15:12'),('t_centarzakulturu_d14284_da1c6e','centarzakulturu','KULTURNI NEXUS','b39bba2f81dd980fcebf383512540fa53408d86c3883cb8830a8e94ffe2bd7e4','html_1/body_0/footer_0/div_0/div_0/div_0/div_0/h3_0','d14284','h3','2025-09-18 09:08:43','2025-09-19 12:10:32'),('t_centarzakulturu_d17545_a55ff7','centarzakulturu','Retrospektiva','a55ff7','html_1/body_0/section_0/div_0/div_0/div_1/h2_0','d17545','h2','2025-09-18 10:20:10','2025-09-18 10:20:10'),('t_centarzakulturu_d2192f_e254c2','centarzakulturu','Savremena umetnička izložba','39fae72cbbc023a00de05405f2f71784fc22a420a9a77c8ee146aeb4a08b773f','html_1/body_0/section_0/div_1/div_0/div_1/div_0/div_0/div_2/p_0','d2192f','p','2025-09-18 09:08:43','2025-09-19 12:10:32'),('t_centarzakulturu_d2dc76_c623a0','centarzakulturu','— Elena Rodriguez, Umetnički\n                                direktor','21f330bc0bb1fc72e716c617f41344bb1ac7cfdb060e2989a8ae26755aa79202','html_1/body_0/section_0/div_1/div_0/div_0/div_1/p_1/span_0','d2dc76','span','2025-09-18 09:08:43','2025-09-19 12:10:32'),('t_centarzakulturu_d7a64f_6f5b3e','centarzakulturu','##PHP_BLOCK_3##','6f5b3e','html_1/body_0/section_0/div_0/div_1/div_0/div_1/h3_0','d7a64f','h3','2025-09-18 09:22:41','2025-09-18 12:15:12'),('t_centarzakulturu_d8c29b_aa5516','centarzakulturu','O nama','5f6b7a038f40174a48f08ab9bd6bb4010c557c016a5772fefd819daddae4d293','html_1/body_0/div_0/div_1/div_0/nav_0/div_0/button_0/div_0','d8c29b','div','2025-09-18 09:08:43','2025-09-19 12:10:32'),('t_centarzakulturu_e12a44_991a31','centarzakulturu','Galerija','6e320ec0db4ed44c16aec667e4190c76408ec930eee97fe79b8f192929d925d0','html_1/body_0/header_0/div_0/nav_0/a_2/span_0','e12a44','span','2025-09-18 09:08:43','2025-09-19 12:10:32'),('t_centarzakulturu_e18b25_de2f0d','centarzakulturu','##PHP_BLOCK_2##','de2f0d','html_1/body_0/section_0/div_0/div_1/div_0/div_0/h3_0','e18b25','h3','2025-09-18 09:22:41','2025-09-18 12:15:12'),('t_centarzakulturu_e1f7df_c01af6','centarzakulturu','Izložbe','c01af6','html_1/body_0/footer_0/div_0/div_0/div_0/ul_0','e1f7df','ul','2025-09-18 10:20:10','2025-09-18 10:20:10'),('t_centarzakulturu_e2a445_aa5516','centarzakulturu','O nama','5f6b7a038f40174a48f08ab9bd6bb4010c557c016a5772fefd819daddae4d293','html_1/body_0/header_0/div_0/nav_0/div_0/button_0/span_0','e2a445','span','2025-09-18 09:08:43','2025-09-19 12:10:32'),('t_centarzakulturu_e58528_71f7bc','centarzakulturu','##PHP_BLOCK_4##','71f7bc','html_1/body_0/section_0/div_0/div_1/div_0/div_1/p_0','e58528','p','2025-09-18 09:22:41','2025-09-18 12:15:12'),('t_centarzakulturu_e7b6f0_70254b','centarzakulturu','800 RSD','70254b','html_1/body_0/section_0/div_2/div_0/div_0/div_1/div_1/span_1','e7b6f0','span','2025-09-18 09:22:41','2025-09-18 12:15:12'),('t_centarzakulturu_e91337_c01af6','centarzakulturu','info@kulturninexus.rs','30122c','li_0','e91337','li','2025-09-18 10:20:10','2025-09-18 10:20:10'),('t_centarzakulturu_eac86f_6f5b3e','centarzakulturu','##PHP_BLOCK_3##','6f5b3e','html_1/body_0/section_0/div_0/div_1/div_0/div_0/p_0','eac86f','p','2025-09-18 09:22:41','2025-09-18 12:15:12'),('t_centarzakulturu_ec5f15_a527c8','centarzakulturu','Upoznajte Naš Prostor','97f3697b5c3b20328c89e26935927f6499d8720767453b91afb50730634ae291','html_1/body_0/section_0/div_0/div_0/h2_0','4375356dc067748c6306edac8d10f5dfd1c4951f178a9296665a09084a9fd9cd','h2','2025-09-19 12:10:32','2025-09-19 12:10:32'),('t_centarzakulturu_ee091b_954ce7','centarzakulturu','Specijalna ponuda','f28648c024a532eab05e4fa9ea278e6f55e9c23b307ab343ab660f37c3a2ee35','html_1/body_0/section_0/div_0/div_0/div_1/span_0','ee091b','span','2025-09-18 09:08:43','2025-09-19 12:10:32'),('t_centarzakulturu_ef0a07_bb2b3d','centarzakulturu','15-30. jun','bb2b3d','html_1/body_0/section_0/div_1/div_0/div_1/div_0/div_1/div_2/p_0','ef0a07','p','2025-09-18 09:22:41','2025-09-18 12:15:12'),('t_centarzakulturu_f4b8df_bd54ef','centarzakulturu','Dokumenti','bd54ef','html_1/body_0/header_0/div_0/nav_0/a_2','f4b8df','a','2025-09-18 10:20:10','2025-09-18 10:20:10'),('t_centarzakulturu_f5cd28_92316d','centarzakulturu','Kontakt','92316d','html_1/body_0/header_0/div_0/nav_0/a_3','f5cd28','a','2025-09-18 10:20:10','2025-09-18 10:20:10'),('t_centarzakulturu_f5d062_0a335d','centarzakulturu','Dogadjaji','0a335d','html_1/body_0/header_0/div_0/nav_0/a_0','f5d062','a','2025-09-18 10:20:10','2025-09-18 10:20:10'),('t_centarzakulturu_f6501a_667f72','centarzakulturu','kultura susreću','ca1e66a2b899cc49ad2a3658e1f9a5f0eb293df8694786d5fa3327769e938afc','html_1/body_0/section_0/div_1/div_0/div_0/div_0/h1_0/span_1','f6501a','span','2025-09-18 09:08:43','2025-09-19 12:10:32'),('t_centarzakulturu_f83920_d053b1','centarzakulturu','NEXUS','52b797a276d825aaa28f449f1d35682bd4d271f6455be84e3869cdd7aed2ca03','html_1/body_0/header_0/div_0/div_0/div_2/h1_0','f83920','h1','2025-09-18 09:08:43','2025-09-19 12:10:32'),('t_centarzakulturu_f910b9_ef6076','centarzakulturu','\"Kulturni centar je srce zajednice, gde različiti izrazi pronalaze zajednički jezik.\"','1bce11c273773c7d40d9d4933ad34bff2454083127fe5a765846d261147cbfd4','html_1/body_0/section_0/div_1/div_0/div_0/div_1/p_1','f910b9','p','2025-09-18 09:08:43','2025-09-19 12:10:32'),('t_cilj_0aef9a_adfef6','cilj','Cilj','8a73aa9692f7780ce56b4c436436fe84bd2ceb9dfa196ecddf3a178b18d88e37','html_1/body_0/title_0','0aef9a','title','2025-09-18 09:08:43','2025-09-19 12:10:32'),('t_cilj_19d405_ca7cce','cilj','Welcome\n                This is a basic page template that can be customized further.','ca7cce','html_1/body_0/main_0/section_0','19d405','section','2025-09-18 10:20:10','2025-09-18 10:20:10'),('t_cilj_454605_ca7cce','cilj','Welcome','83218a','div_0','454605','div','2025-09-18 10:20:10','2025-09-18 10:20:10'),('t_cilj_4b313b_256d70','cilj','This is a basic page template that can be customized further.','f510f0d253e0bd5d59dd3485518fd7440ef5a3a39fa4995f104ca72239aa17ce','html_1/body_0/main_0/section_0/div_0/div_0/p_0','4b313b','p','2025-09-18 09:08:43','2025-09-19 12:10:32'),('t_cilj_cbbeff_83218a','cilj','Welcome','0e2226b5235f0ff94a276eb4d07a3bfea74b7e3b8b85e9efca6c18430f041bf8','html_1/body_0/main_0/section_0/div_0/div_0/h1_0','cbbeff','h1','2025-09-18 09:08:43','2025-09-19 12:10:32'),('t_cilj_cd142a_2294f6','cilj','##PHP_BLOCK_2##','de2f0d','html_1/body_0','cd142a','body','2025-09-18 09:22:41','2025-09-18 12:15:12'),('t_dogadjaji_0aef9a_cb0d20','dogadjaji','dogadjaji','8d4133996a34dcfdbe3cbb60091fac7c5a3cd216e0eaf355badacfbe02753cef','html_1/body_0/title_0','0aef9a','title','2025-09-18 09:08:43','2025-09-19 12:10:32'),('t_dogadjaji_305c3b_de2f0d','dogadjaji','##PHP_BLOCK_7##','12d80f','html_1/body_0/main_0/section_0/section_0/div_0/div_1','305c3b','div','2025-09-18 09:22:41','2025-09-18 12:15:12'),('t_dogadjaji_3784ea_f84aee','dogadjaji','Događaji','c33ae8ff4576e7d2d1613995ace9ff4bc4d9f44cc775a9d05a0d0aedd28eba57','html_1/body_0/main_0/section_0/section_0/div_0/div_0/h2_0','3784ea','h2','2025-09-18 09:08:43','2025-09-19 12:10:32'),('t_dogadjaji_3994c0_b843d2','dogadjaji','Koncert','b843d2','html_1/body_0/main_0/section_0/section_0/div_0/div_0/div_0/div_1','3994c0','div','2025-09-18 10:20:10','2025-09-18 10:20:10'),('t_dogadjaji_454605_f84aee','dogadjaji','Stari Grad, Trg Sv. Marka','2f64b9','div_0','454605','div','2025-09-18 10:20:10','2025-09-18 10:20:10'),('t_dogadjaji_466e25_703b3d','dogadjaji','##PHP_BLOCK_6##','703b3d','html_1/body_0/main_0/section_0/section_0/div_0/div_1/div_0/div_1/p_0','466e25','p','2025-09-18 09:22:41','2025-09-18 12:15:12'),('t_dogadjaji_7e3109_e7b96b','dogadjaji','##PHP_BLOCK_16##','3ab2eb','html_1/body_0/main_0/section_0/section_0/div_0/div_2/ul_0','7e3109','ul','2025-09-18 09:22:41','2025-09-18 12:15:12'),('t_dogadjaji_8801d7_86351c','dogadjaji','##PHP_BLOCK_5##','86351c','html_1/body_0/main_0/section_0/section_0/div_0/div_1/div_0/div_1/h3_0','8801d7','h3','2025-09-18 09:22:41','2025-09-18 12:15:12'),('t_dogadjaji_9349b3_2f4a5a','dogadjaji','##PHP_BLOCK_20##','5d14a9','html_1/body_0/main_0/section_0/section_0/div_0','9349b3','div','2025-09-18 10:20:10','2025-09-18 12:15:12'),('t_dogadjaji_9516aa_b843d2','dogadjaji','Koncert','38a0653583f15e8685d726e0607fdb3539141c463a4d0574fe82af467618e471','html_1/body_0/main_0/section_0/section_0/div_0/div_1/div_0/div_1/div_0/span_0','9516aa','span','2025-09-18 09:08:43','2025-09-19 12:10:32'),('t_dogadjaji_95bb71_2f64b9','dogadjaji','Stari Grad, Trg Sv. Marka','2df4d25510418d23ec49d371e75368ef644525d8d833daa507e1963eef1bc837','html_1/body_0/main_0/section_0/section_0/div_0/div_1/div_0/div_1/div_1/div_0/div_1/span_0','95bb71','span','2025-09-18 09:08:43','2025-09-19 12:10:32'),('t_dogadjaji_a277c6_2f64b9','dogadjaji','Stari Grad, Trg Sv. Marka','2f64b9','html_1/body_0/main_0/section_0/section_0/div_0/div_0/div_0/div_1/div_0/div_0','a277c6','div','2025-09-18 10:20:10','2025-09-18 10:20:10'),('t_dogadjaji_a9688d_06ad89','dogadjaji','##PHP_BLOCK_15##','06ad89','html_1/body_0/main_0/section_0/section_0/div_0/div_2/ul_0/li_1/a_0','a9688d','a','2025-09-18 09:22:41','2025-09-18 12:15:12'),('t_dogadjaji_bb1773_7c9b57','dogadjaji','Istražite našu bogatu ponudu kulturnih događaja','b7b97933c1ffa64f5daabedffa22fe6d4afbc4ca94cd42bf2b4775b6f72c3099','html_1/body_0/main_0/section_0/section_0/div_0/div_0/p_0','bb1773','p','2025-09-18 09:08:43','2025-09-19 12:10:32'),('t_dogadjaji_cd142a_2294f6','dogadjaji','##PHP_BLOCK_21##','4e38f2','html_1/body_0','cd142a','body','2025-09-18 09:22:41','2025-09-18 12:15:12'),('t_dogadjaji_f4fe05_71f7bc','dogadjaji','##PHP_BLOCK_4##','71f7bc','html_1/body_0/main_0/section_0/section_0/div_0/div_1/div_0/div_0/div_0','f4fe05','div','2025-09-18 09:22:41','2025-09-18 12:15:12'),('t_dokumenti_0aef9a_74324e','dokumenti','dokumenti','fb747daf7a7481aea59721f340042604beacb694b4e8b5908dd7fe25a3afe12d','html_1/body_0/title_0','0aef9a','title','2025-09-18 09:08:43','2025-09-19 12:10:32'),('t_dokumenti_17fa7b_901c93','dokumenti','Dokumenti za preuzimanje','901c93','html_1/body_0/main_0/div_0','17fa7b','div','2025-09-18 10:20:10','2025-09-18 10:20:10'),('t_dokumenti_20826c_33f03d','dokumenti','##PHP_BLOCK_36##','3af5e5','html_1/body_0/main_0/div_0/div_0/div_2/div_0','20826c','div','2025-09-18 09:22:41','2025-09-18 12:15:12'),('t_dokumenti_2c7a9f_723c3f','dokumenti','##PHP_BLOCK_22##','723c3f','html_1/body_0/main_0/div_0/div_0/div_1/article_0/div_0/p_0','2c7a9f','p','2025-09-18 09:22:41','2025-09-18 12:15:12'),('t_dokumenti_2e840c_1cc7f0','dokumenti','Resetuj filtere','c1c85c7e61a0a692e43ead6e4edb2b624e61204eada89ecb8db620d857128a9f','html_1/body_0/main_0/div_0/div_0/div_3/a_0','2e840c','a','2025-09-18 09:08:43','2025-09-19 12:10:32'),('t_dokumenti_2f6b9a_75c180','dokumenti','Primeni','216c59e151c2d782d601932699198398f245d8d2febea3cc7b29020098a0ab8d','html_1/body_0/main_0/div_0/div_0/form_0/div_0/button_0','2f6b9a','button','2025-09-18 09:08:43','2025-09-19 12:10:32'),('t_dokumenti_3be794_b21245','dokumenti','##PHP_BLOCK_24## MB','b21245','html_1/body_0/main_0/div_0/div_0/div_1/article_0/div_0/div_1/div_1','3be794','div','2025-09-18 09:22:41','2025-09-18 12:15:12'),('t_dokumenti_3f7011_fac577','dokumenti','« Prethodna','1c2a4d6f4fde0eed7816826c4fdece98b134777c47f881ddbb59d642025b654d','html_1/body_0/main_0/div_0/div_0/div_2/a_0','3f7011','a','2025-09-18 09:08:43','2025-09-19 12:10:32'),('t_dokumenti_417ff9_8487f2','dokumenti','##PHP_BLOCK_41##','40fd44','html_1/body_0/main_0/div_0/div_0','417ff9','div','2025-09-18 10:20:10','2025-09-18 12:15:12'),('t_dokumenti_447ab4_c353b3','dokumenti','Promenite filtere da biste videli druge dokumente ili proverite kasnije.','2747b1d4e7da70a7e28ccf2c1b41e0c7112ef03997e7c8131704341453d3db84','html_1/body_0/main_0/div_0/div_0/div_3/p_0','447ab4','p','2025-09-18 09:08:43','2025-09-19 12:10:32'),('t_dokumenti_454605_8487f2','dokumenti','Preuzmi','6ea27e','div_0','454605','div','2025-09-18 10:20:10','2025-09-18 10:20:10'),('t_dokumenti_4d976f_b05dc7','dokumenti','Sledeća »','f71ae9b609bd3a71aba99664d5de6b81d87bfcd69d2b9ccd4346b269e1d93e36','html_1/body_0/main_0/div_0/div_0/div_2/a_1','4d976f','a','2025-09-18 09:08:43','2025-09-19 12:10:32'),('t_dokumenti_5936c2_848317','dokumenti','Nema pronađenih dokumenata','b03d9889cc8cdb4b2756911ca22bb011111437a7e8a7f92b6191d52ae243cbc3','html_1/body_0/main_0/div_0/div_0/div_3/h3_0','5936c2','h3','2025-09-18 09:08:43','2025-09-19 12:10:32'),('t_dokumenti_63df8f_765203','dokumenti','Najnoviji prvo','67e13b12bb01dd968958c51c594fc1337f89de73cf0dff4d4520866c003ea5ff','html_1/body_0/main_0/div_0/div_0/form_0/div_0/select_1/option_0','63df8f','option','2025-09-18 09:08:43','2025-09-19 12:10:32'),('t_dokumenti_642857_6ea27e','dokumenti','Preuzmi','6ea27e','html_1/body_0/main_0/div_0/div_0/div_0/article_0','642857','article','2025-09-18 10:20:10','2025-09-18 10:20:10'),('t_dokumenti_6724a4_a3ea06','dokumenti','##PHP_BLOCK_39##','5c51dd','html_1/body_0/main_0/div_0/div_0/div_2','6724a4','div','2025-09-18 09:22:41','2025-09-18 12:15:12'),('t_dokumenti_6d0a1f_254738','dokumenti','##PHP_BLOCK_35##','254738','html_1/body_0/main_0/div_0/div_0/div_2/div_0/a_0','6d0a1f','a','2025-09-18 09:22:41','2025-09-18 12:15:12'),('t_dokumenti_776cc2_b8bbcb','dokumenti','Sve kategorije','d608b26d203f9ffaacbc53a47ff021c797a95265e1d118d1cf2434679c81a5e6','html_1/body_0/main_0/div_0/div_0/form_0/div_0/select_0/option_0','776cc2','option','2025-09-18 09:08:43','2025-09-19 12:10:32'),('t_dokumenti_9142b5_4e38f2','dokumenti','##PHP_BLOCK_21##','4e38f2','html_1/body_0/main_0/div_0/div_0/div_1/article_0/div_0/h3_0','9142b5','h3','2025-09-18 09:22:41','2025-09-18 12:15:12'),('t_dokumenti_915eef_6ea27e','dokumenti','Preuzmi','f1365703f1d94fb3d1c56f8f52816b2ccb00248c7816c3660c775f3bb1f3c14d','html_1/body_0/main_0/div_0/div_0/div_1/article_0/div_1/a_0','915eef','a','2025-09-18 09:08:43','2025-09-19 12:10:32'),('t_dokumenti_98027e_703b3d','dokumenti','##PHP_BLOCK_6##','703b3d','html_1/body_0/main_0/div_0/div_0/form_0/div_0/select_0/option_1','98027e','option','2025-09-18 09:22:41','2025-09-18 12:15:12'),('t_dokumenti_a7d8ae_2794c1','dokumenti','Po nazivu','24cd9f72bd4f125e1b0b8efbd77fc6417aa0cf85ae06392e9c50c3cbb763a277','html_1/body_0/main_0/div_0/div_0/form_0/div_0/select_1/option_2','a7d8ae','option','2025-09-18 09:08:43','2025-09-19 12:10:32'),('t_dokumenti_a9495a_5d14a9','dokumenti','##PHP_BLOCK_20##','5d14a9','html_1/body_0/main_0/div_0/div_0/div_1/article_0/div_0/div_0/div_0/div_1/div_0/span_0','a9495a','span','2025-09-18 09:22:41','2025-09-18 12:15:12'),('t_dokumenti_ad7093_cf3b77','dokumenti','Preuzmi sva potrebna dokumenta, obrasce i publikacije Kulturnog Nexusa. Slažemo ih po kategorijama radi lakšeg pronalaženja.','f3ff683c4939f7904e158a0c781d82795811848fd2cc41981f383d58a0f5791f','html_1/body_0/main_0/div_0/p_0','ad7093','p','2025-09-18 09:08:43','2025-09-19 12:10:32'),('t_dokumenti_af8be3_8487f2','dokumenti','Dokument se preuzima...','cba0908dccdffedc6c97c03959ed630105f801493e8b1860f3e266c8f6443057','html_1/body_0/main_0/div_0/div_0/div_0/div_0/span_0','af8be3','span','2025-09-18 09:08:43','2025-09-19 12:10:32'),('t_dokumenti_b1da17_21a92c','dokumenti','Ažurirano: ##PHP_BLOCK_23##','21a92c','html_1/body_0/main_0/div_0/div_0/div_1/article_0/div_0/div_1/div_0/span_0','b1da17','span','2025-09-18 09:22:41','2025-09-18 12:15:12'),('t_dokumenti_bae075_6f5b3e','dokumenti','##PHP_BLOCK_7##','12d80f','html_1/body_0/main_0/div_0/div_0/form_0/div_0/select_0','bae075','select','2025-09-18 10:53:42','2025-09-18 12:15:12'),('t_dokumenti_cd142a_2294f6','dokumenti','##PHP_BLOCK_42##','64b48b','html_1/body_0','cd142a','body','2025-09-18 09:22:41','2025-09-18 12:15:12'),('t_dokumenti_da22ca_901c93','dokumenti','Dokumenti za preuzimanje','b80e25e2beeb30bd5ddf573c8f2b948226b26d1e9f315c396d1aed624ead6d5b','html_1/body_0/main_0/div_0/h1_0','da22ca','h1','2025-09-18 09:08:43','2025-09-19 12:10:32'),('t_dokumenti_f8038d_e7b96b','dokumenti','##PHP_BLOCK_28##','f0c85b','html_1/body_0/main_0/div_0/div_0/div_1','f8038d','div','2025-09-18 09:22:41','2025-09-18 12:15:12'),('t_dokumenti_fe705a_81eb59','dokumenti','Najstariji prvo','53252809b30db5c0a9b7926e8972416499ba8dd6639eaafba691c33ce80d8740','html_1/body_0/main_0/div_0/div_0/form_0/div_0/select_1/option_1','fe705a','option','2025-09-18 09:08:43','2025-09-19 12:10:32'),('t_galerija_0aef9a_9fe721','galerija','galerija','31f0df23df4ac7ddcc73a1f204b7ea662187ba016266087ba62090c28a3ac7d5','html_1/body_0/title_0','0aef9a','title','2025-09-18 09:08:43','2025-09-19 12:10:32'),('t_galerija_0d1dcf_679bb5','galerija','##COMMENT_0##','679bb5','html_1/body_0/main_0','0d1dcf','main','2025-09-18 09:22:41','2025-09-18 12:15:12'),('t_galerija_13bf4d_550041','galerija','Istražite našu pažljivo odabranu kolekciju slika. Kliknite na bilo koju sliku da je pogledate u punoj veličini i da se krećete kroz galeriju.','47abb9724d014890f380836f99d20dcfe6e5dabff5e114cc43d78908f8d6e367','html_1/body_0/main_0/section_0/div_0/p_0','13bf4d','p','2025-09-18 09:08:43','2025-09-19 12:10:32'),('t_galerija_19d405_decd82','galerija','##COMMENT_2##','a5f8ee','html_1/body_0/main_0/section_0','19d405','section','2025-09-18 10:20:10','2025-09-18 12:15:12'),('t_galerija_33ab5c_acd9b5','galerija','##PHP_BLOCK_21##','4e38f2','html_1/body_0/main_0/section_0/div_2','33ab5c','div','2025-09-18 09:22:41','2025-09-18 12:15:12'),('t_galerija_419b4d_10ac3d','galerija','Next','10ac3d','html_1/body_0/main_0/section_0/div_1/div_1','419b4d','div','2025-09-18 10:20:10','2025-09-18 10:20:10'),('t_galerija_454605_f0e8cb','galerija','Prev','14230d','div_0','454605','div','2025-09-18 10:20:10','2025-09-18 10:20:10'),('t_galerija_5db7ae_f0e8cb','galerija','Kolekcija Slika','86a31a1fed90e0488f3ae4925100584eb06679f4b36478b168b7a68067be2b95','html_1/body_0/main_0/section_0/div_0/h2_0','5db7ae','h2','2025-09-18 09:08:43','2025-09-19 12:10:32'),('t_galerija_926fe4_d03922','galerija','##PHP_BLOCK_17##','d03922','html_1/body_0/main_0/section_0/div_2/div_1/a_0','926fe4','a','2025-09-18 09:22:41','2025-09-18 12:15:12'),('t_galerija_a62672_6f5b3e','galerija','##PHP_BLOCK_10##','e1b830','html_1/body_0/main_0/section_0/div_1','a62672','div','2025-09-18 09:22:41','2025-09-18 12:15:12'),('t_galerija_c71b81_14230d','galerija','Prev','73912999faf42cb37adc0db937015cfbb2554170d72329b88ad86bf62a75cd98','html_1/body_0/main_0/section_0/div_2/div_0/a_0','c71b81','a','2025-09-18 09:08:43','2025-09-19 12:10:32'),('t_galerija_cd142a_a7dc45','galerija','##PHP_BLOCK_22##','723c3f','html_1/body_0','cd142a','body','2025-09-18 09:22:41','2025-09-18 12:15:12'),('t_galerija_dde2bd_10ac3d','galerija','Next','1ff57a29d7c9d11bdf61c1b80f2b289b44c1ea844824d4b94a0d52b6ba5fc858','html_1/body_0/main_0/section_0/div_2/div_2/a_0','dde2bd','a','2025-09-18 09:08:43','2025-09-19 12:10:32'),('t_kontakt_02e6f3_b4afdb','kontakt','Centar za umetnost i baštinu','88adaef3fed9bce940a9de20615526e5e38204da7abb566468f37c7a86a64157','html_1/body_0/div_0/div_1/div_1/div_0/div_0/div_0/div_0/div_1/p_0','7bb6246c3a36eab08c570f1112b6ac35e59c8e3b766dcc8080201b9a0c3ba176','p','2025-09-19 11:56:38','2025-09-19 12:12:44'),('t_kontakt_09f579_9a1399','kontakt','Vaša poruka *','1fce81b0ab09c118efdd8d3ef30aabf383f14a2e9ef697649012e4b10581ccaa','html_1/body_0/main_0/div_0/div_1/div_1/div_1/div_0/form_0/div_2/label_0/span_0','09f579','span','2025-09-18 09:08:43','2025-09-19 12:10:32'),('t_kontakt_0aecc4_d9c89f','kontakt','Subota:','d205c1fc2a3efae959d02762ada8b67630345cfa20b46bb9441698e6bd074129','html_1/body_0/div_0/div_1/div_1/div_0/div_0/div_1/div_0/div_1/span_0','aedc5a21cc9ac5500c06fe69ad853eb5a6934cb74388d4b7801d27d1a02cf567','span','2025-09-19 11:56:38','2025-09-19 12:12:44'),('t_kontakt_0aef9a_fa84f0','kontakt','kontakt','139b09b78a6fb5053a38372ef0e61d3301c9c67d3a5181bfccee486639421705','html_1/body_0/title_0','0aef9a','title','2025-09-18 09:08:43','2025-09-19 12:10:32'),('t_kontakt_0b24e9_ad4848','kontakt','Email adresa *','2ce0c76bc1282cf55dd93a48fcda18bd0d0521680306ce865a38e61706aa3ed1','html_1/body_0/div_0/div_1/div_1/div_1/div_0/form_0/div_0/div_1/label_0','c24fc2fe25f0e7204bdb18147c2a6a430cb7d623277edf2182329d72131c2e59','label','2025-09-19 11:56:38','2025-09-19 12:12:44'),('t_kontakt_0ed738_a88d55','kontakt','Vaša poruka je\n                                        uspešno poslata!\n                                    Odgovoriće vam u najkraćem mogućem roku.','a88d55','html_1/body_0/main_0/div_0/div_1/div_0/div_1/div_0','0ed738','div','2025-09-18 10:20:10','2025-09-18 10:20:10'),('t_kontakt_10325a_5b3fd3','kontakt','glišić luka haaha','accb47614a335a886dde48bf71808a70890208e6565961ed246eb06c0c197512','html_1/body_0/div_0/div_1/div_0/h1_0','6e3b05f514b346375b65fc7608e5e5fc49f0aff66fc373739c83504d8afd6ed4','h1','2025-09-19 12:12:44','2025-09-19 12:12:44'),('t_kontakt_14c862_701225','kontakt','Pošaljite poruku','701225','html_1/body_0/main_0/div_0/div_1/div_0/div_1/div_0/form_0/div_2/button_0','14c862','button','2025-09-18 10:20:10','2025-09-18 10:20:10'),('t_kontakt_20c7b2_be67f6','kontakt','##COMMENT_4##','7f65a1','html_1/body_0/div_0/div_1/div_1/div_1/div_0','20c7b2','div','2025-09-18 09:14:44','2025-09-18 11:16:08'),('t_kontakt_29a64d_ac7bef','kontakt','Ponedeljak - Petak: 09:00 - 17:00','ac7bef','html_1/body_0/main_0/div_0/div_1/div_1/div_0/div_0/div_0/div_1/div_1/p_1','29a64d','p','2025-09-18 09:22:41','2025-09-18 12:15:12'),('t_kontakt_2aaec3_091dff','kontakt','Vaše mišljenje nam je važno. Kontaktirajte nas za sve informacije ili pošaljite žalbu kako bismo\n                    mogli da poboljšamo naše usluge.','e42ad4123454f2501729e8ed1fd848663c4bc5c899ebdf762dcfa9a24b302274','html_1/body_0/main_0/div_0/div_1/div_0/p_0','2aaec3','p','2025-09-18 09:08:43','2025-09-19 12:10:32'),('t_kontakt_2ad66b_c0d269','kontakt','Одговарамо у року од 24х','564e9f','html_1/body_0/div_0/div_1/div_1/div_0/div_0/div_0/div_2/div_1/p_1','2ad66b','p','2025-09-18 09:14:44','2025-09-18 11:28:51'),('t_kontakt_2af54d_0286e5','kontakt','Ponedeljak - Petak:','31cb3fde1133ef85efeebedbba31b281e8ad243daaef1752e066cea7010c0a4c','html_1/body_0/main_0/div_0/div_1/div_1/div_0/div_0/div_1/div_0/div_0/span_0','2af54d','span','2025-09-18 09:08:43','2025-09-19 12:10:32'),('t_kontakt_2e3b6f_101318','kontakt','10:00 - 14:00','101318','html_1/body_0/main_0/div_0/div_1/div_1/div_0/div_0/div_1/div_0/div_1/span_1','2e3b6f','span','2025-09-18 11:06:26','2025-09-18 11:08:28'),('t_kontakt_2ebc4e_d9c89f','kontakt','Subota:','d9c89f','html_1/body_0/main_0/div_0/div_1/div_0/div_0/div_0/div_1/div_0/div_1','2ebc4e','div','2025-09-18 10:20:10','2025-09-18 10:20:10'),('t_kontakt_3168df_c0d269','kontakt','Odgovaramo u roku od 24h','c0d269','html_1/body_0/main_0/div_0/div_1/div_1/div_0/div_0/div_0/div_2/div_1/p_1','3168df','p','2025-09-18 09:22:41','2025-09-18 12:15:12'),('t_kontakt_36f9a3_701225','kontakt','Pošaljite poruku','701225','span_0','36f9a3','span','2025-09-18 10:20:10','2025-09-18 10:20:10'),('t_kontakt_374c7c_f6999f','kontakt','Adresa','bcb91f135bb64812d6285aecdc3e54f10361f0701ea4e2143377ffb5b1c9eab6','html_1/body_0/main_0/div_0/div_1/div_1/div_0/div_0/div_0/div_0/div_1/h3_0','374c7c','h3','2025-09-18 09:08:43','2025-09-19 12:10:32'),('t_kontakt_3894dc_63e66c','kontakt','Vaša poruka je\n                                        uspešno poslata!','1e7fd89f9bbc995b187ae9d53235cefc941133a53d7d74a382834764e495ad6b','html_1/body_0/main_0/div_0/div_1/div_1/div_1/div_0/div_0/div_0/div_1/p_0','3894dc','p','2025-09-18 09:08:43','2025-09-19 12:10:32'),('t_kontakt_422ac9_693039','kontakt','Broj telefona','3da0375f3938eaa990b94623d7f46e8948150f98a1eb908e08045cdc1a693193','html_1/body_0/main_0/div_0/div_1/div_1/div_1/div_0/form_0/div_1/div_0/label_0','422ac9','label','2025-09-18 09:08:43','2025-09-19 12:10:32'),('t_kontakt_43ec95_0975cf','kontakt','Telefon','0975cf','html_1/body_0/main_0/div_0/div_1/div_0/div_0/div_0/div_0/div_1/div_1','43ec95','div','2025-09-18 10:20:10','2025-09-18 10:20:10'),('t_kontakt_443a92_0286e5','kontakt','Ponedeljak - Petak:','0286e5','html_1/body_0/main_0/div_0/div_1/div_0/div_0/div_0/div_1/div_0/div_0','443a92','div','2025-09-18 10:20:10','2025-09-18 10:20:10'),('t_kontakt_454605_e42ffd','kontakt','Ime i prezime *','3539f9','div_0','454605','div','2025-09-18 10:20:10','2025-09-18 10:20:10'),('t_kontakt_47952f_16f2a3','kontakt','Radno vreme','1be2592273fe9ea248f3b1683cc72aeb9f9de43f74fa9195588495c313596829','html_1/body_0/main_0/div_0/div_1/div_1/div_0/div_0/div_1/h3_0','47952f','h3','2025-09-18 09:08:43','2025-09-19 12:10:32'),('t_kontakt_49f371_701225','kontakt','Pošaljite poruku','d9980bf255905b294dd67a187c26dea1258d906882a23069dca579b76985e868','html_1/body_0/main_0/div_0/div_1/div_1/div_1/div_0/form_0/div_3/button_0/span_0/span_0','49f371','span','2025-09-18 09:08:43','2025-09-19 12:10:32'),('t_kontakt_4f8c3e_d6f9f0','kontakt','Kontakt informacije','2b31fdd773e66c94fe4fd86e314d4a394bee7413c2bdbbbba709ced4abe52305','html_1/body_0/div_0/div_1/div_1/div_0/div_0/h2_0','2f83cfaad6b4fc9a29bb936e38b31bf1fba301f915bae6d6f171b97e4ae0f065','h2','2025-09-19 11:56:38','2025-09-19 12:12:44'),('t_kontakt_52b948_d6f9f0','kontakt','Kontakt informacije','2b31fdd773e66c94fe4fd86e314d4a394bee7413c2bdbbbba709ced4abe52305','html_1/body_0/main_0/div_0/div_1/div_1/div_0/div_0/h2_0','52b948','h2','2025-09-18 09:08:43','2025-09-19 12:10:32'),('t_kontakt_59032b_9a1399','kontakt','Vaša poruka *','1fce81b0ab09c118efdd8d3ef30aabf383f14a2e9ef697649012e4b10581ccaa','html_1/body_0/div_0/div_1/div_1/div_1/div_0/form_0/div_2/label_0/span_0','b5f0df18c7736d317ff961b069714afda7638421fcf6e2ea3ec3ad9ee7d6d90a','span','2025-09-19 11:56:38','2025-09-19 12:12:44'),('t_kontakt_5a17fd_d9c89f','kontakt','Subota:','d205c1fc2a3efae959d02762ada8b67630345cfa20b46bb9441698e6bd074129','html_1/body_0/main_0/div_0/div_1/div_1/div_0/div_0/div_1/div_0/div_1/span_0','5a17fd','span','2025-09-18 09:08:43','2025-09-19 12:10:32'),('t_kontakt_5ad711_701225','kontakt','Pošaljite poruku','d9980bf255905b294dd67a187c26dea1258d906882a23069dca579b76985e868','html_1/body_0/div_0/div_1/div_1/div_1/div_0/form_0/div_3/button_0/span_0/span_0','74a21987dec396f86557afda2b91c740e52dd4802356c1a1fdb4c5984d13ec82','span','2025-09-19 11:56:38','2025-09-19 12:12:44'),('t_kontakt_5ccae6_454f27','kontakt','Nedelja:','454f27','html_1/body_0/main_0/div_0/div_1/div_0/div_0/div_0/div_1/div_0/div_2','5ccae6','div','2025-09-18 10:20:10','2025-09-18 10:20:10'),('t_kontakt_5edbaf_676022','kontakt','##COMMENT_2##','a5f8ee','html_1/body_0/div_0/div_1/div_1','5edbaf','div','2025-09-18 09:14:44','2025-09-18 11:16:08'),('t_kontakt_6390ab_f50368','kontakt','Zatvoreno','1227aa724038557e268a84388b968ddeaa6d046e70922f808e543936f4474593','html_1/body_0/div_0/div_1/div_1/div_0/div_0/div_1/div_0/div_2/span_1','481450af6cdd7d54146c7ba207737404f409ddcfb967c81a592e39447283d3ef','span','2025-09-19 11:56:38','2025-09-19 12:12:44'),('t_kontakt_6572cf_d6f9f0','kontakt','Kontakt informacije','d6f9f0','html_1/body_0/main_0/div_0/div_1/div_0/div_0/div_0','6572cf','div','2025-09-18 10:20:10','2025-09-18 10:20:10'),('t_kontakt_75fee6_16f2a3','kontakt','Radno vreme','16f2a3','html_1/body_0/main_0/div_0/div_1/div_0/div_0/div_0/div_1','75fee6','div','2025-09-18 10:20:10','2025-09-18 10:20:10'),('t_kontakt_7b871b_84204f','kontakt','09:00 - 17:00','84204f','html_1/body_0/main_0/div_0/div_1/div_1/div_0/div_0/div_1/div_0/div_0/span_1','7b871b','span','2025-09-18 11:06:26','2025-09-18 11:08:28'),('t_kontakt_837873_d0ce73','kontakt','Odgovoriće vam u najkraćem mogućem roku.','2eb83768595cb3ad02490b1e500246594a667cdc11b35c59c6b1eaf7c4aceb6b','html_1/body_0/div_0/div_1/div_1/div_1/div_0/div_0/div_0/div_1/p_1','3f1bd4df154d5a48f0b9e170e7d91e600ba13201ccdd9e559fd2ddf010c3e1aa','p','2025-09-19 11:56:38','2025-09-19 12:12:44'),('t_kontakt_848909_baa1d9','kontakt','Petak,Nedelja:','664c4dba920bfdc306b19b791472bd7f584500213892a20abd762e9f3de0b77b','html_1/body_0/div_0/div_1/div_1/div_0/div_0/div_1/div_0/div_2/span_0','2b69bc07076988c5977b4fc3e49d6c89bece5b6e54004ac76745b3ab9fa1c983','span','2025-09-19 12:11:24','2025-09-19 12:12:44'),('t_kontakt_84df39_ac7bef','kontakt','Понедељак - Петак: 09:00 - 17:00','f05480','html_1/body_0/div_0/div_1/div_1/div_0/div_0/div_0/div_1/div_1/p_1','84df39','p','2025-09-18 09:14:44','2025-09-18 11:28:51'),('t_kontakt_85cccb_c9f8c3','kontakt','Ime i prezime *\n                                    \n                                    \n                                \n                                \n                                    \n                                        Email adresa *','c9f8c3','html_1/body_0/main_0/div_0/div_1/div_0/div_1/div_0/form_0','85cccb','form','2025-09-18 10:20:10','2025-09-18 10:20:10'),('t_kontakt_88f6ca_454f27','kontakt','Nedelja:','eca9b94caac553a63d9ec96737687faff725bbfc329b4ba4f95e006f0c73c4a8','html_1/body_0/main_0/div_0/div_1/div_1/div_0/div_0/div_1/div_0/div_2/span_0','88f6ca','span','2025-09-18 09:08:43','2025-09-19 12:10:32'),('t_kontakt_8b3337_693039','kontakt','Broj telefona','693039','html_1/body_0/main_0/div_0/div_1/div_0/div_1/div_0/form_0/div_0','8b3337','div','2025-09-18 10:20:10','2025-09-18 10:20:10'),('t_kontakt_90b8b2_ad4848','kontakt','Email adresa *','2ce0c76bc1282cf55dd93a48fcda18bd0d0521680306ce865a38e61706aa3ed1','html_1/body_0/main_0/div_0/div_1/div_1/div_1/div_0/form_0/div_0/div_1/label_0','90b8b2','label','2025-09-18 09:08:43','2025-09-19 12:10:32'),('t_kontakt_974906_ce8ae9','kontakt','Email','969ccbd3cf6300ecd5c880459d81ae9027df7517563184a1b8b15282db230621','html_1/body_0/main_0/div_0/div_1/div_1/div_0/div_0/div_0/div_2/div_1/h3_0','974906','h3','2025-09-18 09:08:43','2025-09-19 12:10:32'),('t_kontakt_9d2e1a_676022','kontakt','##COMMENT_2##','a5f8ee','html_1/body_0/main_0/div_0/div_1/div_1','9d2e1a','div','2025-09-18 09:22:41','2025-09-18 12:15:12'),('t_kontakt_a0cc58_ce8ae9','kontakt','Email','969ccbd3cf6300ecd5c880459d81ae9027df7517563184a1b8b15282db230621','html_1/body_0/div_0/div_1/div_1/div_0/div_0/div_0/div_2/div_1/h3_0','f206a67a44011189c8c91eefffc62c0d1072d25da83f99569fc4e074ba46dbd9','h3','2025-09-19 11:56:38','2025-09-19 12:12:44'),('t_kontakt_a1a72e_9a1399','kontakt','Vaša poruka *','9a1399','html_1/body_0/main_0/div_0/div_1/div_0/div_1/div_0/form_0/div_1/label_0','a1a72e','label','2025-09-18 10:20:10','2025-09-18 10:20:10'),('t_kontakt_a4120e_693039','kontakt','Broj telefona','3da0375f3938eaa990b94623d7f46e8948150f98a1eb908e08045cdc1a693193','html_1/body_0/div_0/div_1/div_1/div_1/div_0/form_0/div_1/div_0/label_0','a902c79a29643a15bbd61902091ffd96706614fc3c8d24a1ece9446a736123c6','label','2025-09-19 11:56:38','2025-09-19 12:12:44'),('t_kontakt_a4af74_866bf7','kontakt','lalalalallalalala zdravo','c971d462df625b715fca10f45a0e16a78aee912813d3e147572bd66f8fb332ad','html_1/body_0/div_0/div_1/div_0/p_0','8ff7db19fb6f31253ca59e9b7fec733a7cb929f72dd2c9481ca569af0c844446','p','2025-09-19 12:11:24','2025-09-19 12:12:44'),('t_kontakt_a9e6dc_f6999f','kontakt','Adresa','bcb91f135bb64812d6285aecdc3e54f10361f0701ea4e2143377ffb5b1c9eab6','html_1/body_0/div_0/div_1/div_1/div_0/div_0/div_0/div_0/div_1/h3_0','c257efb4d82812dbd8c1fd876cb55c7ecf8080f6ffa3a04fa705b809854fc3e1','h3','2025-09-19 11:56:38','2025-09-19 12:12:44'),('t_kontakt_b0a5a1_55e18c','kontakt','Naslov poruke *','3bf12cbb832ad28cfacfd7e2fe829f3c38368bba5e4399e5573f3f83e8e3565d','html_1/body_0/main_0/div_0/div_1/div_1/div_1/div_0/form_0/div_1/div_1/label_0/span_0','b0a5a1','span','2025-09-18 09:08:43','2025-09-19 12:10:32'),('t_kontakt_b20f7a_f0ff31','kontakt','Ponedeljak - Četvrtak:','e0820905df8685bbdf92414f0058ce143b39d683f5b2a0c6338afb50a677b32f','html_1/body_0/div_0/div_1/div_1/div_0/div_0/div_1/div_0/div_0/span_0','5fd597411a23ce2fada165ef8d4cd9a36b69865574410e08ab09c3d907a614e2','span','2025-09-19 12:11:24','2025-09-19 12:12:44'),('t_kontakt_b367d2_be67f6','kontakt','##COMMENT_4##','7f65a1','html_1/body_0/main_0/div_0/div_1/div_1/div_1/div_0','b367d2','div','2025-09-18 09:22:41','2025-09-18 12:15:12'),('t_kontakt_b4c1da_fe971b','kontakt','info@kulturnynexus.rs','2244cbca9897955ba2d47ba2563089ac80eaa1eb1bee2a6de3da94599d64bdaa','html_1/body_0/div_0/div_1/div_1/div_0/div_0/div_0/div_2/div_1/p_0','5dce328154756261af1155ecf277d19e56a19235493c3b57b96bd61ecdaa00fe','p','2025-09-19 11:56:38','2025-09-19 12:12:44'),('t_kontakt_b95ab8_b4afdb','kontakt','Centar za umetnost i baštinu','88adaef3fed9bce940a9de20615526e5e38204da7abb566468f37c7a86a64157','html_1/body_0/main_0/div_0/div_1/div_1/div_0/div_0/div_0/div_0/div_1/p_0','b95ab8','p','2025-09-18 09:08:43','2025-09-19 12:10:32'),('t_kontakt_bb3ca2_63e66c','kontakt','Vaša poruka je\n                                        uspešno poslata!','1e7fd89f9bbc995b187ae9d53235cefc941133a53d7d74a382834764e495ad6b','html_1/body_0/div_0/div_1/div_1/div_1/div_0/div_0/div_0/div_1/p_0','ec7e3724169b0c7ab89e08d8b195873316b38ffab92d769176627e0445406d22','p','2025-09-19 11:56:38','2025-09-19 12:12:44'),('t_kontakt_c0c5dd_3539f9','kontakt','Ime i prezime *','5ef28ed563f84061ea007bfa96359ec0aad1c991a57abbb5b2e96ae8f02ebbe9','html_1/body_0/main_0/div_0/div_1/div_1/div_1/div_0/form_0/div_0/div_0/label_0','c0c5dd','label','2025-09-18 09:08:43','2025-09-19 12:10:32'),('t_kontakt_c10a6f_d0ce73','kontakt','Odgovoriće vam u najkraćem mogućem roku.','2eb83768595cb3ad02490b1e500246594a667cdc11b35c59c6b1eaf7c4aceb6b','html_1/body_0/main_0/div_0/div_1/div_1/div_1/div_0/div_0/div_0/div_1/p_1','c10a6f','p','2025-09-18 09:08:43','2025-09-19 12:10:32'),('t_kontakt_c7b9c6_55e18c','kontakt','Naslov poruke *','3bf12cbb832ad28cfacfd7e2fe829f3c38368bba5e4399e5573f3f83e8e3565d','html_1/body_0/div_0/div_1/div_1/div_1/div_0/form_0/div_1/div_1/label_0/span_0','8e3e0483427357f70b8e7bf5454001ec53ae7ddee46f1404562ebc162b0c17ba','span','2025-09-19 11:56:38','2025-09-19 12:12:44'),('t_kontakt_c9b20e_e42ffd','kontakt','Kontaktirajte nas','59b14deae18c8101104ea6273782a227c4f244fc0f08e2550977ae2c77503cf1','html_1/body_0/main_0/div_0/div_1/div_0/h1_0','c9b20e','h1','2025-09-18 09:08:43','2025-09-19 12:10:32'),('t_kontakt_cb8298_679bb5','kontakt','##COMMENT_0##','679bb5','html_1/body_0/div_0/div_1','cb8298','div','2025-09-18 09:14:44','2025-09-18 11:16:08'),('t_kontakt_cd142a_2294f6','kontakt','##PHP_BLOCK_2##','de2f0d','html_1/body_0','cd142a','body','2025-09-18 09:22:41','2025-09-18 12:15:12'),('t_kontakt_d78abc_fe971b','kontakt','info@kulturnynexus.rs','2244cbca9897955ba2d47ba2563089ac80eaa1eb1bee2a6de3da94599d64bdaa','html_1/body_0/main_0/div_0/div_1/div_1/div_0/div_0/div_0/div_2/div_1/p_0','d78abc','p','2025-09-18 09:08:43','2025-09-19 12:10:32'),('t_kontakt_dcc6ca_f6999f','kontakt','Adresa','f6999f','html_1/body_0/main_0/div_0/div_1/div_0/div_0/div_0/div_0/div_0/div_1','dcc6ca','div','2025-09-18 10:20:10','2025-09-18 10:20:10'),('t_kontakt_ddcc7d_0975cf','kontakt','Telefon','fa6906d76ee94d4e8d05a2424fb89005840522ab6dec0ee8055247424977169e','html_1/body_0/div_0/div_1/div_1/div_0/div_0/div_0/div_1/div_1/h3_0','ee1d2e05c934600d4c10bfc1d4fa350099ebb681f39042fe167f6d021831d057','h3','2025-09-19 11:56:38','2025-09-19 12:12:44'),('t_kontakt_e59646_ce8ae9','kontakt','Email','ce8ae9','html_1/body_0/main_0/div_0/div_1/div_0/div_0/div_0/div_0/div_2/div_1','e59646','div','2025-09-18 10:20:10','2025-09-18 10:20:10'),('t_kontakt_e5c3fe_f50368','kontakt','Zatvoreno','1227aa724038557e268a84388b968ddeaa6d046e70922f808e543936f4474593','html_1/body_0/main_0/div_0/div_1/div_1/div_0/div_0/div_1/div_0/div_2/span_1','e5c3fe','span','2025-09-18 09:08:43','2025-09-19 12:10:32'),('t_kontakt_ee386c_16f2a3','kontakt','Radno vreme','1be2592273fe9ea248f3b1683cc72aeb9f9de43f74fa9195588495c313596829','html_1/body_0/div_0/div_1/div_1/div_0/div_0/div_1/h3_0','5b9117a16bbc2483d650e9d5d9847fe8e191d230e9891e5f3a31e963e4c7ad05','h3','2025-09-19 11:56:38','2025-09-19 12:12:44'),('t_kontakt_f93bea_679bb5','kontakt','##COMMENT_0##','679bb5','html_1/body_0/main_0/div_0/div_1','f93bea','div','2025-09-18 09:22:41','2025-09-18 12:15:12'),('t_kontakt_f96196_55e18c','kontakt','Naslov poruke *','55e18c','html_1/body_0/main_0/div_0/div_1/div_0/div_1/div_0/form_0/div_0/div_0/label_0','f96196','label','2025-09-18 10:20:10','2025-09-18 10:20:10'),('t_kontakt_f9bbb8_3539f9','kontakt','Ime i prezime *','5ef28ed563f84061ea007bfa96359ec0aad1c991a57abbb5b2e96ae8f02ebbe9','html_1/body_0/div_0/div_1/div_1/div_1/div_0/form_0/div_0/div_0/label_0','ef427ead96e0ccd4b66016de4b2f104b649894e6893555daf5a3180735fa76e1','label','2025-09-19 11:56:38','2025-09-19 12:12:44'),('t_kontakt_fd6751_0975cf','kontakt','Telefon','fa6906d76ee94d4e8d05a2424fb89005840522ab6dec0ee8055247424977169e','html_1/body_0/main_0/div_0/div_1/div_1/div_0/div_0/div_0/div_1/div_1/h3_0','fd6751','h3','2025-09-18 09:08:43','2025-09-19 12:10:32'),('t_misija_0aef9a_5a54a2','misija','Misija','e28bed716fdad1c4c9cd6a5953bcce5db2fc7bdb44862b973ecc2b1204f53dd1','html_1/body_0/title_0','0aef9a','title','2025-09-18 09:08:43','2025-09-19 12:10:32'),('t_misija_19d405_679bb5','misija','##COMMENT_0##','679bb5','html_1/body_0/main_0/section_0','19d405','section','2025-09-18 09:22:41','2025-09-18 12:15:12'),('t_misija_720cca_de2f0d','misija','##PHP_BLOCK_2##','de2f0d','html_1/body_0/main_0/section_0/div_1/h2_0','720cca','h2','2025-09-18 09:22:41','2025-09-18 12:15:12'),('t_misija_a62672_afd2f0','misija','Misija naše institucije','afd2f0','html_1/body_0/main_0/section_0/div_1','a62672','div','2025-09-18 10:20:10','2025-09-18 10:20:10'),('t_misija_cd142a_2294f6','misija','##PHP_BLOCK_3##','6f5b3e','html_1/body_0','cd142a','body','2025-09-18 09:22:41','2025-09-18 12:15:12'),('t_misija_ffef92_afd2f0','misija','Misija naše institucije','eced49d111a47f3a8776ff090fa68b85af36343644ecb0ff612b5b0c9a7c279e','html_1/body_0/main_0/section_0/div_1/h1_0','ffef92','h1','2025-09-18 09:08:43','2025-09-19 12:10:32'),('t_zaposleni_0aef9a_0aa0ce','zaposleni','Zaposleni','ce80709ddba5b038fa936cdf1112d43aaae8621c07a22bb983149159c6bc6817','html_1/body_0/title_0','0aef9a','title','2025-09-18 09:08:43','2025-09-19 12:10:32'),('t_zaposleni_19d405_ca7cce','zaposleni','Welcome\n                This is a basic page template that can be customized further.','ca7cce','html_1/body_0/main_0/section_0','19d405','section','2025-09-18 10:20:10','2025-09-18 10:20:10'),('t_zaposleni_454605_ca7cce','zaposleni','Welcome','83218a','div_0','454605','div','2025-09-18 10:20:10','2025-09-18 10:20:10'),('t_zaposleni_4b313b_256d70','zaposleni','This is a basic page template that can be customized further.','f510f0d253e0bd5d59dd3485518fd7440ef5a3a39fa4995f104ca72239aa17ce','html_1/body_0/main_0/section_0/div_0/div_0/p_0','4b313b','p','2025-09-18 09:08:43','2025-09-19 12:10:32'),('t_zaposleni_cbbeff_83218a','zaposleni','Welcome','0e2226b5235f0ff94a276eb4d07a3bfea74b7e3b8b85e9efca6c18430f041bf8','html_1/body_0/main_0/section_0/div_0/div_0/h1_0','cbbeff','h1','2025-09-18 09:08:43','2025-09-19 12:10:32'),('t_zaposleni_cd142a_2294f6','zaposleni','##PHP_BLOCK_2##','de2f0d','html_1/body_0','cd142a','body','2025-09-18 09:22:41','2025-09-18 12:15:12');
/*!40000 ALTER TABLE `text_entries` ENABLE KEYS */;
UNLOCK TABLES;

--
-- Table structure for table `text_translations`
--

DROP TABLE IF EXISTS `text_translations`;
/*!40101 SET @saved_cs_client     = @@character_set_client */;
/*!50503 SET character_set_client = utf8mb4 */;
CREATE TABLE `text_translations` (
  `entry_id` varchar(64) NOT NULL,
  `lang` varchar(16) NOT NULL,
  `translated_text` text NOT NULL,
  `created_at` timestamp NULL DEFAULT CURRENT_TIMESTAMP,
  `updated_at` timestamp NULL DEFAULT CURRENT_TIMESTAMP ON UPDATE CURRENT_TIMESTAMP,
  PRIMARY KEY (`entry_id`,`lang`),
  CONSTRAINT `fk_text_translations_entry` FOREIGN KEY (`entry_id`) REFERENCES `text_entries` (`id`) ON DELETE CASCADE ON UPDATE CASCADE,
  CONSTRAINT `fk_translations_entry` FOREIGN KEY (`entry_id`) REFERENCES `text_entries` (`id`) ON DELETE CASCADE ON UPDATE CASCADE
) ENGINE=InnoDB DEFAULT CHARSET=utf8mb4 COLLATE=utf8mb4_0900_ai_ci;
/*!40101 SET character_set_client = @saved_cs_client */;

--
-- Dumping data for table `text_translations`
--

LOCK TABLES `text_translations` WRITE;
/*!40000 ALTER TABLE `text_translations` DISABLE KEYS */;
INSERT INTO `text_translations` VALUES ('t__19d405_ca7cce','sr','Welcome\n                This is a basic page template that can be customized further.','2025-09-18 10:20:10','2025-09-18 10:20:10'),('t__19d405_ca7cce','sr-Cyrl','Wелцоме\n                Тхис ис а басиц паге темплате тхат цан бе цустомизед фуртхер.','2025-09-18 10:20:10','2025-09-18 10:20:10'),('t__454605_ca7cce','sr','Welcome','2025-09-18 10:20:10','2025-09-18 10:20:10'),('t__454605_ca7cce','sr-Cyrl','Wелцоме','2025-09-18 10:20:10','2025-09-18 10:20:10'),('t__4b313b_256d70','sr','This is a basic page template that can be customized further.','2025-09-18 09:08:43','2025-09-19 12:10:32'),('t__4b313b_256d70','sr-Cyrl','Тхис ис а басиц паге темплате тхат цан бе цустомизед фуртхер.','2025-09-18 09:08:43','2025-09-19 12:10:32'),('t__cbbeff_83218a','sr','Welcome','2025-09-18 09:08:43','2025-09-19 12:10:32'),('t__cbbeff_83218a','sr-Cyrl','Wелцоме','2025-09-18 09:08:43','2025-09-19 12:10:32'),('t__cd142a_2294f6','sr','##PHP_BLOCK_2##','2025-09-18 09:22:41','2025-09-18 12:15:12'),('t__cd142a_2294f6','sr-Cyrl','##ПХП_БЛОЦК_2##','2025-09-18 09:22:41','2025-09-18 12:15:12'),('t_centarzakulturu_02306c_ac3ca2','sr','Članovi:','2025-09-18 09:08:43','2025-09-19 12:10:32'),('t_centarzakulturu_02306c_ac3ca2','sr-Cyrl','Чланови:','2025-09-18 09:08:43','2025-09-19 12:10:32'),('t_centarzakulturu_04ab88_c01af6','sr','Izložbe','2025-09-18 09:08:43','2025-09-19 12:10:32'),('t_centarzakulturu_04ab88_c01af6','sr-Cyrl','Изложбе','2025-09-18 09:08:43','2025-09-19 12:10:32'),('t_centarzakulturu_07bdd4_adfef6','sr','Cilj','2025-09-18 10:20:10','2025-09-18 10:20:10'),('t_centarzakulturu_07bdd4_adfef6','sr-Cyrl','Циљ','2025-09-18 10:20:10','2025-09-18 10:20:10'),('t_centarzakulturu_08a215_84b566','sr','Raspored filmova','2025-09-18 09:08:43','2025-09-19 12:10:32'),('t_centarzakulturu_08a215_84b566','sr-Cyrl','Распоред филмова','2025-09-18 09:08:43','2025-09-19 12:10:32'),('t_centarzakulturu_0d6e8a_39e7f4','sr','Saznaj više','2025-09-18 09:08:43','2025-09-19 12:10:32'),('t_centarzakulturu_0d6e8a_39e7f4','sr-Cyrl','Сазнај више','2025-09-18 09:08:43','2025-09-19 12:10:32'),('t_centarzakulturu_0de10a_adfef6','sr','Cilj','2025-09-18 09:08:43','2025-09-19 12:10:32'),('t_centarzakulturu_0de10a_adfef6','sr-Cyrl','Циљ','2025-09-18 09:08:43','2025-09-19 12:10:32'),('t_centarzakulturu_0fe543_ac3ca2','sr','Članovi:','2025-09-18 10:20:10','2025-09-18 10:20:10'),('t_centarzakulturu_0fe543_ac3ca2','sr-Cyrl','Чланови:','2025-09-18 10:20:10','2025-09-18 10:20:10'),('t_centarzakulturu_109754_0aa0ce','sr','Zaposleni','2025-09-18 09:08:43','2025-09-19 12:10:32'),('t_centarzakulturu_109754_0aa0ce','sr-Cyrl','Запослени','2025-09-18 09:08:43','2025-09-19 12:10:32'),('t_centarzakulturu_126fec_a1660e','sr','Vreme','2025-09-18 10:20:10','2025-09-18 10:20:10'),('t_centarzakulturu_126fec_a1660e','sr-Cyrl','Време','2025-09-18 10:20:10','2025-09-18 10:20:10'),('t_centarzakulturu_12bd84_2496af','sr','50%','2025-09-18 11:06:26','2025-09-18 11:08:28'),('t_centarzakulturu_12bd84_2496af','sr-Cyrl','50%','2025-09-18 11:06:26','2025-09-18 11:08:28'),('t_centarzakulturu_12d8e0_2fb40e','sr','KULTURNI NEXUS\n                        Centar za umetnost i kulturu koji okuplja kreativce i publiku u srcu Beograda.','2025-09-18 10:20:10','2025-09-18 10:20:10'),('t_centarzakulturu_12d8e0_2fb40e','sr-Cyrl','КУЛТУРНИ НЕXУС\n                        Центар за уметност и културу који окупља креативце и публику у срцу Београда.','2025-09-18 10:20:10','2025-09-18 10:20:10'),('t_centarzakulturu_14a83e_679bb5','sr','##COMMENT_2##','2025-09-18 09:22:41','2025-09-18 12:15:12'),('t_centarzakulturu_14a83e_679bb5','sr-Cyrl','##ЦОММЕНТ_2##','2025-09-18 09:22:41','2025-09-18 12:15:12'),('t_centarzakulturu_187dbe_7a12a0','sr','Pocetna','2025-09-18 10:20:10','2025-09-18 10:20:10'),('t_centarzakulturu_187dbe_7a12a0','sr-Cyrl','Поцетна','2025-09-18 10:20:10','2025-09-18 10:20:10'),('t_centarzakulturu_1a844b_8f0003','sr','##COMMENT_9##','2025-09-18 09:22:41','2025-09-18 12:15:12'),('t_centarzakulturu_1a844b_8f0003','sr-Cyrl','##ЦОММЕНТ_9##','2025-09-18 09:22:41','2025-09-18 12:15:12'),('t_centarzakulturu_1a9d5e_d4f4b1','sr','Informacije','2025-09-18 09:08:43','2025-09-19 12:10:32'),('t_centarzakulturu_1a9d5e_d4f4b1','sr-Cyrl','Информације','2025-09-18 09:08:43','2025-09-19 12:10:32'),('t_centarzakulturu_1b5dc6_703b3d','sr','##PHP_BLOCK_6##','2025-09-18 09:22:41','2025-09-18 12:15:12'),('t_centarzakulturu_1b5dc6_703b3d','sr-Cyrl','##ПХП_БЛОЦК_6##','2025-09-18 09:22:41','2025-09-18 12:15:12'),('t_centarzakulturu_1bb70c_c623a0','sr','— Elena Rodriguez, Umetnički\n                                direktor','2025-09-18 10:20:10','2025-09-18 10:20:10'),('t_centarzakulturu_1bb70c_c623a0','sr-Cyrl','— Елена Родригуез, Уметнички\n                                директор','2025-09-18 10:20:10','2025-09-18 10:20:10'),('t_centarzakulturu_1ca7a0_07384e','sr','Savremene Perspektive','2025-09-18 09:08:43','2025-09-19 12:10:32'),('t_centarzakulturu_1ca7a0_07384e','sr-Cyrl','Савремене Перспективе','2025-09-18 09:08:43','2025-09-19 12:10:32'),('t_centarzakulturu_1d2bea_adfef6','sr','Cilj','2025-09-18 09:08:43','2025-09-19 12:10:32'),('t_centarzakulturu_1d2bea_adfef6','sr-Cyrl','Циљ','2025-09-18 09:08:43','2025-09-19 12:10:32'),('t_centarzakulturu_1da411_991a31','sr','Galerija','2025-09-18 09:08:43','2025-09-19 12:10:32'),('t_centarzakulturu_1da411_991a31','sr-Cyrl','Галерија','2025-09-18 09:08:43','2025-09-19 12:10:32'),('t_centarzakulturu_1f0574_84e6c0','sr','Lokacija','2025-09-18 09:08:43','2025-09-19 12:10:32'),('t_centarzakulturu_1f0574_84e6c0','sr-Cyrl','Локација','2025-09-18 09:08:43','2025-09-19 12:10:32'),('t_centarzakulturu_22f386_76de0c','sr','Svakog petka','2025-09-18 09:08:43','2025-09-19 12:10:32'),('t_centarzakulturu_22f386_76de0c','sr-Cyrl','Сваког петка','2025-09-18 09:08:43','2025-09-19 12:10:32'),('t_centarzakulturu_24f76e_37b927','sr','Početna','2025-09-18 09:08:43','2025-09-19 12:10:32'),('t_centarzakulturu_24f76e_37b927','sr-Cyrl','Почетна','2025-09-18 09:08:43','2025-09-19 12:10:32'),('t_centarzakulturu_24fafb_30db86','sr','Muzika','2025-09-18 10:20:10','2025-09-18 10:20:10'),('t_centarzakulturu_24fafb_30db86','sr-Cyrl','Музика','2025-09-18 10:20:10','2025-09-18 10:20:10'),('t_centarzakulturu_295d59_c52c22','sr','Pozorište','2025-09-18 09:08:43','2025-09-19 12:10:32'),('t_centarzakulturu_295d59_c52c22','sr-Cyrl','Позориште','2025-09-18 09:08:43','2025-09-19 12:10:32'),('t_centarzakulturu_298889_5641d5','sr','Brzi linkovi','2025-09-18 10:20:10','2025-09-18 10:20:10'),('t_centarzakulturu_298889_5641d5','sr-Cyrl','Брзи линкови','2025-09-18 10:20:10','2025-09-18 10:20:10'),('t_centarzakulturu_2b3637_5a54a2','sr','Misija','2025-09-18 09:08:43','2025-09-19 12:10:32'),('t_centarzakulturu_2b3637_5a54a2','sr-Cyrl','Мисија','2025-09-18 09:08:43','2025-09-19 12:10:32'),('t_centarzakulturu_2c1914_2294f6','sr','##PHP_BLOCK_4##','2025-09-18 09:22:41','2025-09-18 12:15:12'),('t_centarzakulturu_2c1914_2294f6','sr-Cyrl','##ПХП_БЛОЦК_4##','2025-09-18 09:22:41','2025-09-18 12:15:12'),('t_centarzakulturu_2c939a_0aa0ce','sr','Zaposleni','2025-09-18 09:08:43','2025-09-19 12:10:32'),('t_centarzakulturu_2c939a_0aa0ce','sr-Cyrl','Запослени','2025-09-18 09:08:43','2025-09-19 12:10:32'),('t_centarzakulturu_2ff96c_aa5516','sr','O nama','2025-09-18 10:20:10','2025-09-18 10:20:10'),('t_centarzakulturu_2ff96c_aa5516','sr-Cyrl','О нама','2025-09-18 10:20:10','2025-09-18 10:20:10'),('t_centarzakulturu_31506b_ea6e1c','sr','CENTAR ZA UMETNOST I BAŠTINU','2025-09-18 09:08:43','2025-09-19 12:10:32'),('t_centarzakulturu_31506b_ea6e1c','sr-Cyrl','ЦЕНТАР ЗА УМЕТНОСТ И БАШТИНУ','2025-09-18 09:08:43','2025-09-19 12:10:32'),('t_centarzakulturu_316e1b_aa5516','sr','O nama','2025-09-18 10:20:10','2025-09-18 10:20:10'),('t_centarzakulturu_316e1b_aa5516','sr-Cyrl','О нама','2025-09-18 10:20:10','2025-09-18 10:20:10'),('t_centarzakulturu_321822_e66309','sr','Rezerviši karte','2025-09-18 09:08:43','2025-09-19 12:10:32'),('t_centarzakulturu_321822_e66309','sr-Cyrl','Резервиши карте','2025-09-18 09:08:43','2025-09-19 12:10:32'),('t_centarzakulturu_349d5d_df0931','sr','Opšta:','2025-09-18 09:22:41','2025-09-18 12:15:12'),('t_centarzakulturu_349d5d_df0931','sr-Cyrl','Општа:','2025-09-18 09:22:41','2025-09-18 12:15:12'),('t_centarzakulturu_3726ee_be67f6','sr','##COMMENT_5##','2025-09-18 09:22:41','2025-09-18 12:15:12'),('t_centarzakulturu_3726ee_be67f6','sr-Cyrl','##ЦОММЕНТ_5##','2025-09-18 09:22:41','2025-09-18 12:15:12'),('t_centarzakulturu_389439_98b2cc','sr','Bioskop','2025-09-18 10:20:10','2025-09-18 10:20:10'),('t_centarzakulturu_389439_98b2cc','sr-Cyrl','Биоскоп','2025-09-18 10:20:10','2025-09-18 10:20:10'),('t_centarzakulturu_391e45_98b2cc','sr','Bioskop','2025-09-18 10:20:10','2025-09-18 10:20:10'),('t_centarzakulturu_391e45_98b2cc','sr-Cyrl','Биоскоп','2025-09-18 10:20:10','2025-09-18 10:20:10'),('t_centarzakulturu_39bb6d_c7e413','sr','Trenutne izložbe','2025-09-18 10:20:10','2025-09-18 10:20:10'),('t_centarzakulturu_39bb6d_c7e413','sr-Cyrl','Тренутне изложбе','2025-09-18 10:20:10','2025-09-18 10:20:10'),('t_centarzakulturu_3a5aa2_b61541','sr','Menu','2025-09-18 09:08:43','2025-09-19 12:10:32'),('t_centarzakulturu_3a5aa2_b61541','sr-Cyrl','Мену','2025-09-18 09:08:43','2025-09-19 12:10:32'),('t_centarzakulturu_3c1a90_37b927','sr','Početna','2025-09-18 10:20:10','2025-09-18 10:20:10'),('t_centarzakulturu_3c1a90_37b927','sr-Cyrl','Почетна','2025-09-18 10:20:10','2025-09-18 10:20:10'),('t_centarzakulturu_3f96c2_7a12a0','sr','Pocetna','2025-09-18 09:08:43','2025-09-19 12:10:32'),('t_centarzakulturu_3f96c2_7a12a0','sr-Cyrl','Поцетна','2025-09-18 09:08:43','2025-09-19 12:10:32'),('t_centarzakulturu_413149_0a4e1f','sr','Koncerti','2025-09-18 10:20:10','2025-09-18 10:20:10'),('t_centarzakulturu_413149_0a4e1f','sr-Cyrl','Концерти','2025-09-18 10:20:10','2025-09-18 10:20:10'),('t_centarzakulturu_429e80_0a4e1f','sr','Koncerti','2025-09-18 09:08:43','2025-09-19 12:10:32'),('t_centarzakulturu_429e80_0a4e1f','sr-Cyrl','Концерти','2025-09-18 09:08:43','2025-09-19 12:10:32'),('t_centarzakulturu_42b7fc_da6298','sr','Radionice','2025-09-18 09:08:43','2025-09-19 12:10:32'),('t_centarzakulturu_42b7fc_da6298','sr-Cyrl','Радионице','2025-09-18 09:08:43','2025-09-19 12:10:32'),('t_centarzakulturu_4360b3_85a8b7','sr','Pozorišne predstave','2025-09-18 09:08:43','2025-09-19 12:10:32'),('t_centarzakulturu_4360b3_85a8b7','sr-Cyrl','Позоришне представе','2025-09-18 09:08:43','2025-09-19 12:10:32'),('t_centarzakulturu_454605_0e3dcd','sr','KULTURNI NEXUS','2025-09-18 10:20:10','2025-09-18 10:20:10'),('t_centarzakulturu_454605_0e3dcd','sr-Cyrl','КУЛТУРНИ НЕXУС','2025-09-18 10:20:10','2025-09-18 10:20:10'),('t_centarzakulturu_4549c7_de2f0d','sr','##PHP_BLOCK_2##','2025-09-18 09:22:41','2025-09-18 12:15:12'),('t_centarzakulturu_4549c7_de2f0d','sr-Cyrl','##ПХП_БЛОЦК_2##','2025-09-18 09:22:41','2025-09-18 12:15:12'),('t_centarzakulturu_458bb7_82aa77','sr','Studenti/Penzioneri:','2025-09-18 10:20:10','2025-09-18 10:20:10'),('t_centarzakulturu_458bb7_82aa77','sr-Cyrl','Студенти/Пензионери:','2025-09-18 10:20:10','2025-09-18 10:20:10'),('t_centarzakulturu_474d79_b91551','sr','Utorak-Nedelja: 10:00-21:00','2025-09-18 09:22:41','2025-09-18 12:15:12'),('t_centarzakulturu_474d79_b91551','sr-Cyrl','Уторак-Недеља: 10:00-21:00','2025-09-18 09:22:41','2025-09-18 12:15:12'),('t_centarzakulturu_48c713_98b2cc','sr','Bioskop','2025-09-18 09:08:43','2025-09-19 12:10:32'),('t_centarzakulturu_48c713_98b2cc','sr-Cyrl','Биоскоп','2025-09-18 09:08:43','2025-09-19 12:10:32'),('t_centarzakulturu_4b5a15_833ec1','sr','Pogledaj sve događaje','2025-09-18 09:08:43','2025-09-19 12:10:32'),('t_centarzakulturu_4b5a15_833ec1','sr-Cyrl','Погледај све догађаје','2025-09-18 09:08:43','2025-09-19 12:10:32'),('t_centarzakulturu_4d17a7_0a335d','sr','Dogadjaji','2025-09-18 09:08:43','2025-09-19 12:10:32'),('t_centarzakulturu_4d17a7_0a335d','sr-Cyrl','Догађаји','2025-09-18 09:08:43','2025-09-19 12:10:32'),('t_centarzakulturu_4fd4d7_c52c22','sr','Pozorište','2025-09-18 10:20:10','2025-09-18 10:20:10'),('t_centarzakulturu_4fd4d7_c52c22','sr-Cyrl','Позориште','2025-09-18 10:20:10','2025-09-18 10:20:10'),('t_centarzakulturu_549fe3_c52c22','sr','Pozorište','2025-09-18 09:08:43','2025-09-19 12:10:32'),('t_centarzakulturu_549fe3_c52c22','sr-Cyrl','Позориште','2025-09-18 09:08:43','2025-09-19 12:10:32'),('t_centarzakulturu_57335b_5a54a2','sr','Misija','2025-09-18 09:08:43','2025-09-19 12:10:32'),('t_centarzakulturu_57335b_5a54a2','sr-Cyrl','Мисија','2025-09-18 09:08:43','2025-09-19 12:10:32'),('t_centarzakulturu_5740f1_ea9795','sr','Knez Mihailova 56, 11000 Beograd','2025-09-18 09:22:41','2025-09-18 12:15:12'),('t_centarzakulturu_5740f1_ea9795','sr-Cyrl','Кнез Михаилова 56, 11000 Београд','2025-09-18 09:22:41','2025-09-18 12:15:12'),('t_centarzakulturu_5882fc_03899a','sr','Galerija Savremene Umetnosti','2025-09-18 09:08:43','2025-09-19 12:10:32'),('t_centarzakulturu_5882fc_03899a','sr-Cyrl','Галерија Савремене Уметности','2025-09-18 09:08:43','2025-09-19 12:10:32'),('t_centarzakulturu_5c9a37_c7a56d','sr','Centar za umetnost i kulturu koji okuplja kreativce i publiku u srcu Beograda.','2025-09-18 09:08:43','2025-09-19 12:10:32'),('t_centarzakulturu_5c9a37_c7a56d','sr-Cyrl','Центар за уметност и културу који окупља креативце и публику у срцу Београда.','2025-09-18 09:08:43','2025-09-19 12:10:32'),('t_centarzakulturu_63589c_16f2a3','sr','Radno vreme','2025-09-18 09:08:43','2025-09-19 12:10:32'),('t_centarzakulturu_63589c_16f2a3','sr-Cyrl','Радно време','2025-09-18 09:08:43','2025-09-19 12:10:32'),('t_centarzakulturu_664f9d_a55ff7','sr','Retrospektiva','2025-09-18 09:08:43','2025-09-19 12:10:32'),('t_centarzakulturu_664f9d_a55ff7','sr-Cyrl','Ретроспектива','2025-09-18 09:08:43','2025-09-19 12:10:32'),('t_centarzakulturu_68b754_12db56','sr','1200 RSD','2025-09-18 09:22:41','2025-09-18 12:15:12'),('t_centarzakulturu_68b754_12db56','sr-Cyrl','1200 РСД','2025-09-18 09:22:41','2025-09-18 12:15:12'),('t_centarzakulturu_6a9275_7a12a0','sr','Pocetna','2025-09-18 10:20:10','2025-09-18 10:20:10'),('t_centarzakulturu_6a9275_7a12a0','sr-Cyrl','Поцетна','2025-09-18 10:20:10','2025-09-18 10:20:10'),('t_centarzakulturu_6b4933_9ba517','sr','Datum','2025-09-18 10:20:10','2025-09-18 10:20:10'),('t_centarzakulturu_6b4933_9ba517','sr-Cyrl','Датум','2025-09-18 10:20:10','2025-09-18 10:20:10'),('t_centarzakulturu_6fe912_04a394','sr','Mapa lokacije','2025-09-18 09:08:43','2025-09-19 12:10:32'),('t_centarzakulturu_6fe912_04a394','sr-Cyrl','Мапа локације','2025-09-18 09:08:43','2025-09-19 12:10:32'),('t_centarzakulturu_715742_da6298','sr','Radionice','2025-09-18 10:20:10','2025-09-18 10:20:10'),('t_centarzakulturu_715742_da6298','sr-Cyrl','Радионице','2025-09-18 10:20:10','2025-09-18 10:20:10'),('t_centarzakulturu_717ee7_676022','sr','##COMMENT_3##','2025-09-18 09:22:41','2025-09-18 12:15:12'),('t_centarzakulturu_717ee7_676022','sr-Cyrl','##ЦОММЕНТ_3##','2025-09-18 09:22:41','2025-09-18 12:15:12'),('t_centarzakulturu_794512_04a394','sr','Mapa lokacije','2025-09-18 10:20:10','2025-09-18 10:20:10'),('t_centarzakulturu_794512_04a394','sr-Cyrl','Мапа локације','2025-09-18 10:20:10','2025-09-18 10:20:10'),('t_centarzakulturu_7c0e83_d4f4b1','sr','Informacije','2025-09-18 10:20:10','2025-09-18 10:20:10'),('t_centarzakulturu_7c0e83_d4f4b1','sr-Cyrl','Информације','2025-09-18 10:20:10','2025-09-18 10:20:10'),('t_centarzakulturu_7e42d1_41299a','sr','Mesto gde se umetnost, film i','2025-09-18 10:20:10','2025-09-18 10:20:10'),('t_centarzakulturu_7e42d1_41299a','sr-Cyrl','Место где се уметност, филм и','2025-09-18 10:20:10','2025-09-18 10:20:10'),('t_centarzakulturu_7f4507_5496b0','sr','1. jun - 15. jul','2025-09-18 09:22:41','2025-09-18 12:15:12'),('t_centarzakulturu_7f4507_5496b0','sr-Cyrl','1. јун - 15. јул','2025-09-18 09:22:41','2025-09-18 12:15:12'),('t_centarzakulturu_7fa6bf_991a31','sr','Galerija','2025-09-18 10:20:10','2025-09-18 10:20:10'),('t_centarzakulturu_7fa6bf_991a31','sr-Cyrl','Галерија','2025-09-18 10:20:10','2025-09-18 10:20:10'),('t_centarzakulturu_7fdf15_30db86','sr','Muzika','2025-09-18 09:08:43','2025-09-19 12:10:32'),('t_centarzakulturu_7fdf15_30db86','sr-Cyrl','Музика','2025-09-18 09:08:43','2025-09-19 12:10:32'),('t_centarzakulturu_80634c_92316d','sr','Kontakt','2025-09-18 09:08:43','2025-09-19 12:10:32'),('t_centarzakulturu_80634c_92316d','sr-Cyrl','Контакт','2025-09-18 09:08:43','2025-09-19 12:10:32'),('t_centarzakulturu_812828_16f2a3','sr','Radno vreme','2025-09-18 10:20:10','2025-09-18 10:20:10'),('t_centarzakulturu_812828_16f2a3','sr-Cyrl','Радно време','2025-09-18 10:20:10','2025-09-18 10:20:10'),('t_centarzakulturu_83e894_41299a','sr','Mesto gde se umetnost, film i','2025-09-18 09:08:43','2025-09-19 12:10:32'),('t_centarzakulturu_83e894_41299a','sr-Cyrl','Место где се уметност, филм и','2025-09-18 09:08:43','2025-09-19 12:10:32'),('t_centarzakulturu_840e4c_7f65a1','sr','##COMMENT_4##','2025-09-18 09:22:41','2025-09-18 12:15:12'),('t_centarzakulturu_840e4c_7f65a1','sr-Cyrl','##ЦОММЕНТ_4##','2025-09-18 09:22:41','2025-09-18 12:15:12'),('t_centarzakulturu_8509d6_b6f254','sr','Kalendar događaja','2025-09-18 10:20:10','2025-09-18 10:20:10'),('t_centarzakulturu_8509d6_b6f254','sr-Cyrl','Календар догађаја','2025-09-18 10:20:10','2025-09-18 10:20:10'),('t_centarzakulturu_8631df_adfef6','sr','Cilj','2025-09-18 10:20:10','2025-09-18 10:20:10'),('t_centarzakulturu_8631df_adfef6','sr-Cyrl','Циљ','2025-09-18 10:20:10','2025-09-18 10:20:10'),('t_centarzakulturu_89bd5c_ad9428','sr','Doživite živopisnu spoju vizuelnih umetnosti, nezavisnog filma, pozorišta i kulturne baštine\n                            u našem novom renoviranom prostoru.','2025-09-18 10:20:10','2025-09-18 10:20:10'),('t_centarzakulturu_89bd5c_ad9428','sr-Cyrl','Доживите живописну споју визуелних уметности, независног филма, позоришта и културне баштине\n                            у нашем новом реновираном простору.','2025-09-18 10:20:10','2025-09-18 10:20:10'),('t_centarzakulturu_8e14ae_c52c22','sr','Pozorište','2025-09-18 10:20:10','2025-09-18 10:20:10'),('t_centarzakulturu_8e14ae_c52c22','sr-Cyrl','Позориште','2025-09-18 10:20:10','2025-09-18 10:20:10'),('t_centarzakulturu_8e362c_30122c','sr','info@kulturninexus.rs','2025-09-18 10:20:10','2025-09-18 10:20:10'),('t_centarzakulturu_8e362c_30122c','sr-Cyrl','инфо@културнинеxус.рс','2025-09-18 10:20:10','2025-09-18 10:20:10'),('t_centarzakulturu_92b29d_a1660e','sr','Vreme','2025-09-18 09:08:43','2025-09-19 12:10:32'),('t_centarzakulturu_92b29d_a1660e','sr-Cyrl','Време','2025-09-18 09:08:43','2025-09-19 12:10:32'),('t_centarzakulturu_9d2a51_4d3355','sr','10:00 - 20:00','2025-09-18 11:06:26','2025-09-18 11:08:28'),('t_centarzakulturu_9d2a51_4d3355','sr-Cyrl','10:00 - 20:00','2025-09-18 11:06:26','2025-09-18 11:08:28'),('t_centarzakulturu_9ff7fd_679bb5','sr','##COMMENT_11##','2025-09-18 09:22:41','2025-09-18 12:15:12'),('t_centarzakulturu_9ff7fd_679bb5','sr-Cyrl','##ЦОММЕНТ_11##','2025-09-18 09:22:41','2025-09-18 12:15:12'),('t_centarzakulturu_a1ee47_0a335d','sr','Dogadjaji','2025-09-18 09:08:43','2025-09-19 12:10:32'),('t_centarzakulturu_a1ee47_0a335d','sr-Cyrl','Догађаји','2025-09-18 09:08:43','2025-09-19 12:10:32'),('t_centarzakulturu_a24795_30122c','sr','info@kulturninexus.rs','2025-09-18 09:08:43','2025-09-19 12:10:32'),('t_centarzakulturu_a24795_30122c','sr-Cyrl','инфо@културнинеxус.рс','2025-09-18 09:08:43','2025-09-19 12:10:32'),('t_centarzakulturu_a332d6_bd54ef','sr','Dokumenti','2025-09-18 09:08:43','2025-09-19 12:10:32'),('t_centarzakulturu_a332d6_bd54ef','sr-Cyrl','Документи','2025-09-18 09:08:43','2025-09-19 12:10:32'),('t_centarzakulturu_a3a049_89e3ac','sr','Muzički događaji','2025-09-18 09:08:43','2025-09-19 12:10:32'),('t_centarzakulturu_a3a049_89e3ac','sr-Cyrl','Музички догађаји','2025-09-18 09:08:43','2025-09-19 12:10:32'),('t_centarzakulturu_a3e540_98b2cc','sr','Bioskop','2025-09-18 09:08:43','2025-09-19 12:10:32'),('t_centarzakulturu_a3e540_98b2cc','sr-Cyrl','Биоскоп','2025-09-18 09:08:43','2025-09-19 12:10:32'),('t_centarzakulturu_a3e67b_bd54ef','sr','Dokumenti','2025-09-18 09:08:43','2025-09-19 12:10:32'),('t_centarzakulturu_a3e67b_bd54ef','sr-Cyrl','Документи','2025-09-18 09:08:43','2025-09-19 12:10:32'),('t_centarzakulturu_a48fbd_954ce7','sr','Specijalna ponuda','2025-09-18 10:20:10','2025-09-18 10:20:10'),('t_centarzakulturu_a48fbd_954ce7','sr-Cyrl','Специјална понуда','2025-09-18 10:20:10','2025-09-18 10:20:10'),('t_centarzakulturu_a742ee_1111f9','sr','Besplatno','2025-09-18 09:08:43','2025-09-19 12:10:32'),('t_centarzakulturu_a742ee_1111f9','sr-Cyrl','Бесплатно','2025-09-18 09:08:43','2025-09-19 12:10:32'),('t_centarzakulturu_a876b8_92316d','sr','Kontakt','2025-09-18 09:08:43','2025-09-19 12:10:32'),('t_centarzakulturu_a876b8_92316d','sr-Cyrl','Контакт','2025-09-18 09:08:43','2025-09-19 12:10:32'),('t_centarzakulturu_a9fece_9ba517','sr','Datum','2025-09-18 09:08:43','2025-09-19 12:10:32'),('t_centarzakulturu_a9fece_9ba517','sr-Cyrl','Датум','2025-09-18 09:08:43','2025-09-19 12:10:32'),('t_centarzakulturu_ac03ad_e33d35','sr','Umetnost','2025-09-18 09:08:43','2025-09-19 12:10:32'),('t_centarzakulturu_ac03ad_e33d35','sr-Cyrl','Уметност','2025-09-18 09:08:43','2025-09-19 12:10:32'),('t_centarzakulturu_aeacfe_988e15','sr','LokacijaGalerija Savremene Umetnosti','2025-09-18 10:20:10','2025-09-18 10:20:10'),('t_centarzakulturu_aeacfe_988e15','sr-Cyrl','ЛокацијаГалерија Савремене Уметности','2025-09-18 10:20:10','2025-09-18 10:20:10'),('t_centarzakulturu_aee8a7_241596','sr','Miodraga Miće Popovića','2025-09-18 09:08:43','2025-09-19 12:10:32'),('t_centarzakulturu_aee8a7_241596','sr-Cyrl','Миодрага Миће Поповића','2025-09-18 09:08:43','2025-09-19 12:10:32'),('t_centarzakulturu_b28457_1e0e44','sr','Predstave na otvorenom','2025-09-18 09:08:43','2025-09-19 12:10:32'),('t_centarzakulturu_b28457_1e0e44','sr-Cyrl','Представе на отвореном','2025-09-18 09:08:43','2025-09-19 12:10:32'),('t_centarzakulturu_b30fb1_af81c8','sr','Ekskluzivna izložba koja obuhvata najznačajnija dela jednog od najuticajnijih srpskih umetnika\n                        20. veka. Ova retrospektiva predstavlja jedinstvenu priliku da se upoznate sa evolucijom\n                        Popovićevog stvaralaštva kroz pet decenija.','2025-09-18 09:22:41','2025-09-18 12:15:12'),('t_centarzakulturu_b30fb1_af81c8','sr-Cyrl','Ексклузивна изложба која обухвата најзначајнија дела једног од најутицајнијих српских уметника\n                        20. века. Ова ретроспектива представља јединствену прилику да се упознате са еволуцијом\n                        Поповићевог стваралаштва кроз пет деценија.','2025-09-18 09:22:41','2025-09-18 12:15:12'),('t_centarzakulturu_bb270b_da1c6e','sr','KULTURNI NEXUS','2025-09-18 09:08:43','2025-09-19 12:10:32'),('t_centarzakulturu_bb270b_da1c6e','sr-Cyrl','КУЛТУРНИ НЕXУС','2025-09-18 09:08:43','2025-09-19 12:10:32'),('t_centarzakulturu_bbb89f_da4935','sr','Mesto gde se umetnost, film ikultura susreću','2025-09-18 09:50:56','2025-09-18 09:52:53'),('t_centarzakulturu_bbb89f_da4935','sr-Cyrl','Место где се уметност, филм икултура сусрећу','2025-09-18 09:50:56','2025-09-18 09:52:53'),('t_centarzakulturu_bbd598_4825a1','sr','##COMMENT_5##','2025-09-18 10:53:42','2025-09-18 12:15:12'),('t_centarzakulturu_bbd598_4825a1','sr-Cyrl','##ЦОММЕНТ_5##','2025-09-18 10:53:42','2025-09-18 12:15:12'),('t_centarzakulturu_bc303f_d053b1','sr','Savremene Perspektive','2025-09-18 10:20:10','2025-09-18 10:20:10'),('t_centarzakulturu_bc303f_d053b1','sr-Cyrl','Савремене Перспективе','2025-09-18 10:20:10','2025-09-18 10:20:10'),('t_centarzakulturu_bdc1a9_759d29','sr','##COMMENT_4##','2025-09-18 10:20:10','2025-09-18 12:15:12'),('t_centarzakulturu_bdc1a9_759d29','sr-Cyrl','##ЦОММЕНТ_4##','2025-09-18 10:20:10','2025-09-18 12:15:12'),('t_centarzakulturu_c11ae3_e30e4c','sr','Šekspir u parku','2025-09-18 09:08:43','2025-09-19 12:10:32'),('t_centarzakulturu_c11ae3_e30e4c','sr-Cyrl','Шекспир у парку','2025-09-18 09:08:43','2025-09-19 12:10:32'),('t_centarzakulturu_c39e5e_7bbb9b','sr','Međunarodni Filmski Festival','2025-09-18 09:08:43','2025-09-19 12:10:32'),('t_centarzakulturu_c39e5e_7bbb9b','sr-Cyrl','Међународни Филмски Фестивал','2025-09-18 09:08:43','2025-09-19 12:10:32'),('t_centarzakulturu_c53f5d_ad9428','sr','Doživite živopisnu spoju vizuelnih umetnosti, nezavisnog filma, pozorišta i kulturne baštine\n                            u našem novom renoviranom prostoru.','2025-09-18 09:08:43','2025-09-19 12:10:32'),('t_centarzakulturu_c53f5d_ad9428','sr-Cyrl','Доживите живописну споју визуелних уметности, независног филма, позоришта и културне баштине\n                            у нашем новом реновираном простору.','2025-09-18 09:08:43','2025-09-19 12:10:32'),('t_centarzakulturu_c6a7ab_de7814','sr','Istaknuto ovog meseca','2025-09-18 09:08:43','2025-09-19 12:10:32'),('t_centarzakulturu_c6a7ab_de7814','sr-Cyrl','Истакнуто овог месеца','2025-09-18 09:08:43','2025-09-19 12:10:32'),('t_centarzakulturu_c6ae99_b6f254','sr','Kalendar događaja','2025-09-18 09:08:43','2025-09-19 12:10:32'),('t_centarzakulturu_c6ae99_b6f254','sr-Cyrl','Календар догађаја','2025-09-18 09:08:43','2025-09-19 12:10:32'),('t_centarzakulturu_c75ac7_d158c6','sr','Moderni, inspirativni prostori dizajnirani za raznovrsne kulturne aktivnosti','2025-09-18 09:08:43','2025-09-19 12:10:32'),('t_centarzakulturu_c75ac7_d158c6','sr-Cyrl','Модерни, инспиративни простори дизајнирани за разноврсне културне активности','2025-09-18 09:08:43','2025-09-19 12:10:32'),('t_centarzakulturu_c9f8eb_04228a','sr','Ponedeljak: zatvoreno','2025-09-18 09:08:43','2025-09-19 12:10:32'),('t_centarzakulturu_c9f8eb_04228a','sr-Cyrl','Понедељак: затворено','2025-09-18 09:08:43','2025-09-19 12:10:32'),('t_centarzakulturu_ca7d3f_82aa77','sr','Studenti/Penzioneri:','2025-09-18 09:08:43','2025-09-19 12:10:32'),('t_centarzakulturu_ca7d3f_82aa77','sr-Cyrl','Студенти/Пензионери:','2025-09-18 09:08:43','2025-09-19 12:10:32'),('t_centarzakulturu_cb9492_c7e413','sr','Trenutne izložbe','2025-09-18 09:08:43','2025-09-19 12:10:32'),('t_centarzakulturu_cb9492_c7e413','sr-Cyrl','Тренутне изложбе','2025-09-18 09:08:43','2025-09-19 12:10:32'),('t_centarzakulturu_cc9304_5641d5','sr','Brzi linkovi','2025-09-18 09:08:43','2025-09-19 12:10:32'),('t_centarzakulturu_cc9304_5641d5','sr-Cyrl','Брзи линкови','2025-09-18 09:08:43','2025-09-19 12:10:32'),('t_centarzakulturu_cd142a_0e3dcd','sr','MenuPočetna\n                    O nama\n                            Cilj\n                            Zaposleni\n                            Misija\n                            Dogadjaji\n                    Galerija\n                    Dokumenti\n                    Kontakt','2025-09-18 10:20:10','2025-09-18 10:20:10'),('t_centarzakulturu_cd142a_0e3dcd','sr-Cyrl','МенуПочетна\n                    О нама\n                            Циљ\n                            Запослени\n                            Мисија\n                            Догађаји\n                    Галерија\n                    Документи\n                    Контакт','2025-09-18 10:20:10','2025-09-18 10:20:10'),('t_centarzakulturu_cddb44_360def','sr','Jazz & Blues Večeri','2025-09-18 09:08:43','2025-09-19 12:10:32'),('t_centarzakulturu_cddb44_360def','sr-Cyrl','Јазз & Блуес Вечери','2025-09-18 09:08:43','2025-09-19 12:10:32'),('t_centarzakulturu_cffc6f_86351c','sr','##PHP_BLOCK_5##','2025-09-18 09:22:41','2025-09-18 12:15:12'),('t_centarzakulturu_cffc6f_86351c','sr-Cyrl','##ПХП_БЛОЦК_5##','2025-09-18 09:22:41','2025-09-18 12:15:12'),('t_centarzakulturu_d14284_da1c6e','sr','KULTURNI NEXUS','2025-09-18 09:08:43','2025-09-19 12:10:32'),('t_centarzakulturu_d14284_da1c6e','sr-Cyrl','КУЛТУРНИ НЕXУС','2025-09-18 09:08:43','2025-09-19 12:10:32'),('t_centarzakulturu_d17545_a55ff7','sr','Retrospektiva','2025-09-18 10:20:10','2025-09-18 10:20:10'),('t_centarzakulturu_d17545_a55ff7','sr-Cyrl','Ретроспектива','2025-09-18 10:20:10','2025-09-18 10:20:10'),('t_centarzakulturu_d2192f_e254c2','sr','Savremena umetnička izložba','2025-09-18 09:08:43','2025-09-19 12:10:32'),('t_centarzakulturu_d2192f_e254c2','sr-Cyrl','Савремена уметничка изложба','2025-09-18 09:08:43','2025-09-19 12:10:32'),('t_centarzakulturu_d2dc76_c623a0','sr','— Elena Rodriguez, Umetnički\n                                direktor','2025-09-18 09:08:43','2025-09-19 12:10:32'),('t_centarzakulturu_d2dc76_c623a0','sr-Cyrl','— Елена Родригуез, Уметнички\n                                директор','2025-09-18 09:08:43','2025-09-19 12:10:32'),('t_centarzakulturu_d7a64f_6f5b3e','sr','##PHP_BLOCK_3##','2025-09-18 09:22:41','2025-09-18 12:15:12'),('t_centarzakulturu_d7a64f_6f5b3e','sr-Cyrl','##ПХП_БЛОЦК_3##','2025-09-18 09:22:41','2025-09-18 12:15:12'),('t_centarzakulturu_d8c29b_aa5516','sr','O nama','2025-09-18 09:08:43','2025-09-19 12:10:32'),('t_centarzakulturu_d8c29b_aa5516','sr-Cyrl','О нама','2025-09-18 09:08:43','2025-09-19 12:10:32'),('t_centarzakulturu_e12a44_991a31','sr','Galerija','2025-09-18 09:08:43','2025-09-19 12:10:32'),('t_centarzakulturu_e12a44_991a31','sr-Cyrl','Галерија','2025-09-18 09:08:43','2025-09-19 12:10:32'),('t_centarzakulturu_e18b25_de2f0d','sr','##PHP_BLOCK_2##','2025-09-18 09:22:41','2025-09-18 12:15:12'),('t_centarzakulturu_e18b25_de2f0d','sr-Cyrl','##ПХП_БЛОЦК_2##','2025-09-18 09:22:41','2025-09-18 12:15:12'),('t_centarzakulturu_e1f7df_c01af6','sr','Izložbe','2025-09-18 10:20:10','2025-09-18 10:20:10'),('t_centarzakulturu_e1f7df_c01af6','sr-Cyrl','Изложбе','2025-09-18 10:20:10','2025-09-18 10:20:10'),('t_centarzakulturu_e2a445_aa5516','sr','O nama','2025-09-18 09:08:43','2025-09-19 12:10:32'),('t_centarzakulturu_e2a445_aa5516','sr-Cyrl','О нама','2025-09-18 09:08:43','2025-09-19 12:10:32'),('t_centarzakulturu_e58528_71f7bc','sr','##PHP_BLOCK_4##','2025-09-18 09:22:41','2025-09-18 12:15:12'),('t_centarzakulturu_e58528_71f7bc','sr-Cyrl','##ПХП_БЛОЦК_4##','2025-09-18 09:22:41','2025-09-18 12:15:12'),('t_centarzakulturu_e7b6f0_70254b','sr','800 RSD','2025-09-18 09:22:41','2025-09-18 12:15:12'),('t_centarzakulturu_e7b6f0_70254b','sr-Cyrl','800 РСД','2025-09-18 09:22:41','2025-09-18 12:15:12'),('t_centarzakulturu_e91337_c01af6','sr','info@kulturninexus.rs','2025-09-18 10:20:10','2025-09-18 10:20:10'),('t_centarzakulturu_e91337_c01af6','sr-Cyrl','инфо@културнинеxус.рс','2025-09-18 10:20:10','2025-09-18 10:20:10'),('t_centarzakulturu_eac86f_6f5b3e','sr','##PHP_BLOCK_3##','2025-09-18 09:22:41','2025-09-18 12:15:12'),('t_centarzakulturu_eac86f_6f5b3e','sr-Cyrl','##ПХП_БЛОЦК_3##','2025-09-18 09:22:41','2025-09-18 12:15:12'),('t_centarzakulturu_ec5f15_a527c8','sr','Upoznajte Naš Prostor','2025-09-18 09:08:43','2025-09-19 12:10:32'),('t_centarzakulturu_ec5f15_a527c8','sr-Cyrl','Упознајте Наш Простор','2025-09-18 09:08:43','2025-09-19 12:10:32'),('t_centarzakulturu_ee091b_954ce7','sr','Specijalna ponuda','2025-09-18 09:08:43','2025-09-19 12:10:32'),('t_centarzakulturu_ee091b_954ce7','sr-Cyrl','Специјална понуда','2025-09-18 09:08:43','2025-09-19 12:10:32'),('t_centarzakulturu_ef0a07_bb2b3d','sr','15-30. jun','2025-09-18 09:22:41','2025-09-18 12:15:12'),('t_centarzakulturu_ef0a07_bb2b3d','sr-Cyrl','15-30. јун','2025-09-18 09:22:41','2025-09-18 12:15:12'),('t_centarzakulturu_f4b8df_bd54ef','sr','Dokumenti','2025-09-18 10:20:10','2025-09-18 10:20:10'),('t_centarzakulturu_f4b8df_bd54ef','sr-Cyrl','Документи','2025-09-18 10:20:10','2025-09-18 10:20:10'),('t_centarzakulturu_f5cd28_92316d','sr','Kontakt','2025-09-18 10:20:10','2025-09-18 10:20:10'),('t_centarzakulturu_f5cd28_92316d','sr-Cyrl','Контакт','2025-09-18 10:20:10','2025-09-18 10:20:10'),('t_centarzakulturu_f5d062_0a335d','sr','Dogadjaji','2025-09-18 10:20:10','2025-09-18 10:20:10'),('t_centarzakulturu_f5d062_0a335d','sr-Cyrl','Догађаји','2025-09-18 10:20:10','2025-09-18 10:20:10'),('t_centarzakulturu_f6501a_667f72','sr','kultura susreću','2025-09-18 09:08:43','2025-09-19 12:10:32'),('t_centarzakulturu_f6501a_667f72','sr-Cyrl','култура сусрећу','2025-09-18 09:08:43','2025-09-19 12:10:32'),('t_centarzakulturu_f83920_d053b1','sr','NEXUS','2025-09-18 09:08:43','2025-09-19 12:10:32'),('t_centarzakulturu_f83920_d053b1','sr-Cyrl','НЕXУС','2025-09-18 09:08:43','2025-09-19 12:10:32'),('t_centarzakulturu_f910b9_ef6076','sr','\"Kulturni centar je srce zajednice, gde različiti izrazi pronalaze zajednički jezik.\"','2025-09-18 09:08:43','2025-09-19 12:10:32'),('t_centarzakulturu_f910b9_ef6076','sr-Cyrl','\"Културни центар је срце заједнице, где различити изрази проналазе заједнички језик.\"','2025-09-18 09:08:43','2025-09-19 12:10:32'),('t_cilj_0aef9a_adfef6','sr','Cilj','2025-09-18 09:08:43','2025-09-19 12:10:32'),('t_cilj_0aef9a_adfef6','sr-Cyrl','Циљ','2025-09-18 09:08:43','2025-09-19 12:10:32'),('t_cilj_19d405_ca7cce','sr','Welcome\n                This is a basic page template that can be customized further.','2025-09-18 10:20:10','2025-09-18 10:20:10'),('t_cilj_19d405_ca7cce','sr-Cyrl','Wелцоме\n                Тхис ис а басиц паге темплате тхат цан бе цустомизед фуртхер.','2025-09-18 10:20:10','2025-09-18 10:20:10'),('t_cilj_454605_ca7cce','sr','Welcome','2025-09-18 10:20:10','2025-09-18 10:20:10'),('t_cilj_454605_ca7cce','sr-Cyrl','Wелцоме','2025-09-18 10:20:10','2025-09-18 10:20:10'),('t_cilj_4b313b_256d70','sr','This is a basic page template that can be customized further.','2025-09-18 09:08:43','2025-09-19 12:10:32'),('t_cilj_4b313b_256d70','sr-Cyrl','Тхис ис а басиц паге темплате тхат цан бе цустомизед фуртхер.','2025-09-18 09:08:43','2025-09-19 12:10:32'),('t_cilj_cbbeff_83218a','sr','Welcome','2025-09-18 09:08:43','2025-09-19 12:10:32'),('t_cilj_cbbeff_83218a','sr-Cyrl','Wелцоме','2025-09-18 09:08:43','2025-09-19 12:10:32'),('t_cilj_cd142a_2294f6','sr','##PHP_BLOCK_2##','2025-09-18 09:22:41','2025-09-18 12:15:12'),('t_cilj_cd142a_2294f6','sr-Cyrl','##ПХП_БЛОЦК_2##','2025-09-18 09:22:41','2025-09-18 12:15:12'),('t_dogadjaji_0aef9a_cb0d20','sr','dogadjaji','2025-09-18 09:08:43','2025-09-19 12:10:32'),('t_dogadjaji_0aef9a_cb0d20','sr-Cyrl','догађаји','2025-09-18 09:08:43','2025-09-19 12:10:32'),('t_dogadjaji_305c3b_de2f0d','sr','##PHP_BLOCK_7##','2025-09-18 09:22:41','2025-09-18 12:15:12'),('t_dogadjaji_305c3b_de2f0d','sr-Cyrl','##ПХП_БЛОЦК_7##','2025-09-18 09:22:41','2025-09-18 12:15:12'),('t_dogadjaji_3784ea_f84aee','sr','Događaji','2025-09-18 09:08:43','2025-09-19 12:10:32'),('t_dogadjaji_3784ea_f84aee','sr-Cyrl','Догађаји','2025-09-18 09:08:43','2025-09-19 12:10:32'),('t_dogadjaji_3994c0_b843d2','sr','Koncert','2025-09-18 10:20:10','2025-09-18 10:20:10'),('t_dogadjaji_3994c0_b843d2','sr-Cyrl','Концерт','2025-09-18 10:20:10','2025-09-18 10:20:10'),('t_dogadjaji_454605_f84aee','sr','Stari Grad, Trg Sv. Marka','2025-09-18 10:20:10','2025-09-18 10:20:10'),('t_dogadjaji_454605_f84aee','sr-Cyrl','Стари Град, Трг Св. Марка','2025-09-18 10:20:10','2025-09-18 10:20:10'),('t_dogadjaji_466e25_703b3d','sr','##PHP_BLOCK_6##','2025-09-18 09:22:41','2025-09-18 12:15:12'),('t_dogadjaji_466e25_703b3d','sr-Cyrl','##ПХП_БЛОЦК_6##','2025-09-18 09:22:41','2025-09-18 12:15:12'),('t_dogadjaji_7e3109_e7b96b','sr','##PHP_BLOCK_16##','2025-09-18 09:22:41','2025-09-18 12:15:12'),('t_dogadjaji_7e3109_e7b96b','sr-Cyrl','##ПХП_БЛОЦК_16##','2025-09-18 09:22:41','2025-09-18 12:15:12'),('t_dogadjaji_8801d7_86351c','sr','##PHP_BLOCK_5##','2025-09-18 09:22:41','2025-09-18 12:15:12'),('t_dogadjaji_8801d7_86351c','sr-Cyrl','##ПХП_БЛОЦК_5##','2025-09-18 09:22:41','2025-09-18 12:15:12'),('t_dogadjaji_9349b3_2f4a5a','sr','##PHP_BLOCK_20##','2025-09-18 10:20:10','2025-09-18 12:15:12'),('t_dogadjaji_9349b3_2f4a5a','sr-Cyrl','##ПХП_БЛОЦК_20##','2025-09-18 10:20:10','2025-09-18 12:15:12'),('t_dogadjaji_9516aa_b843d2','sr','Koncert','2025-09-18 09:08:43','2025-09-19 12:10:32'),('t_dogadjaji_9516aa_b843d2','sr-Cyrl','Концерт','2025-09-18 09:08:43','2025-09-19 12:10:32'),('t_dogadjaji_95bb71_2f64b9','sr','Stari Grad, Trg Sv. Marka','2025-09-18 09:08:43','2025-09-19 12:10:32'),('t_dogadjaji_95bb71_2f64b9','sr-Cyrl','Стари Град, Трг Св. Марка','2025-09-18 09:08:43','2025-09-19 12:10:32'),('t_dogadjaji_a277c6_2f64b9','sr','Stari Grad, Trg Sv. Marka','2025-09-18 10:20:10','2025-09-18 10:20:10'),('t_dogadjaji_a277c6_2f64b9','sr-Cyrl','Стари Град, Трг Св. Марка','2025-09-18 10:20:10','2025-09-18 10:20:10'),('t_dogadjaji_a9688d_06ad89','sr','##PHP_BLOCK_15##','2025-09-18 09:22:41','2025-09-18 12:15:12'),('t_dogadjaji_a9688d_06ad89','sr-Cyrl','##ПХП_БЛОЦК_15##','2025-09-18 09:22:41','2025-09-18 12:15:12'),('t_dogadjaji_bb1773_7c9b57','sr','Istražite našu bogatu ponudu kulturnih događaja','2025-09-18 09:08:43','2025-09-19 12:10:32'),('t_dogadjaji_bb1773_7c9b57','sr-Cyrl','Истражите нашу богату понуду културних догађаја','2025-09-18 09:08:43','2025-09-19 12:10:32'),('t_dogadjaji_cd142a_2294f6','sr','##PHP_BLOCK_21##','2025-09-18 09:22:41','2025-09-18 12:15:12'),('t_dogadjaji_cd142a_2294f6','sr-Cyrl','##ПХП_БЛОЦК_21##','2025-09-18 09:22:41','2025-09-18 12:15:12'),('t_dogadjaji_f4fe05_71f7bc','sr','##PHP_BLOCK_4##','2025-09-18 09:22:41','2025-09-18 12:15:12'),('t_dogadjaji_f4fe05_71f7bc','sr-Cyrl','##ПХП_БЛОЦК_4##','2025-09-18 09:22:41','2025-09-18 12:15:12'),('t_dokumenti_0aef9a_74324e','sr','dokumenti','2025-09-18 09:08:43','2025-09-19 12:10:32'),('t_dokumenti_0aef9a_74324e','sr-Cyrl','документи','2025-09-18 09:08:43','2025-09-19 12:10:32'),('t_dokumenti_17fa7b_901c93','sr','Dokumenti za preuzimanje','2025-09-18 10:20:10','2025-09-18 10:20:10'),('t_dokumenti_17fa7b_901c93','sr-Cyrl','Документи за преузимање','2025-09-18 10:20:10','2025-09-18 10:20:10'),('t_dokumenti_20826c_33f03d','sr','##PHP_BLOCK_36##','2025-09-18 09:22:41','2025-09-18 12:15:12'),('t_dokumenti_20826c_33f03d','sr-Cyrl','##ПХП_БЛОЦК_36##','2025-09-18 09:22:41','2025-09-18 12:15:12'),('t_dokumenti_2c7a9f_723c3f','sr','##PHP_BLOCK_22##','2025-09-18 09:22:41','2025-09-18 12:15:12'),('t_dokumenti_2c7a9f_723c3f','sr-Cyrl','##ПХП_БЛОЦК_22##','2025-09-18 09:22:41','2025-09-18 12:15:12'),('t_dokumenti_2e840c_1cc7f0','sr','Resetuj filtere','2025-09-18 09:08:43','2025-09-19 12:10:32'),('t_dokumenti_2e840c_1cc7f0','sr-Cyrl','Ресетуј филтере','2025-09-18 09:08:43','2025-09-19 12:10:32'),('t_dokumenti_2f6b9a_75c180','sr','Primeni','2025-09-18 09:08:43','2025-09-19 12:10:32'),('t_dokumenti_2f6b9a_75c180','sr-Cyrl','Примени','2025-09-18 09:08:43','2025-09-19 12:10:32'),('t_dokumenti_3be794_b21245','sr','##PHP_BLOCK_24## MB','2025-09-18 09:22:41','2025-09-18 12:15:12'),('t_dokumenti_3be794_b21245','sr-Cyrl','##ПХП_БЛОЦК_24## МБ','2025-09-18 09:22:41','2025-09-18 12:15:12'),('t_dokumenti_3f7011_fac577','sr','« Prethodna','2025-09-18 09:08:43','2025-09-19 12:10:32'),('t_dokumenti_3f7011_fac577','sr-Cyrl','« Претходна','2025-09-18 09:08:43','2025-09-19 12:10:32'),('t_dokumenti_417ff9_8487f2','sr','##PHP_BLOCK_41##','2025-09-18 10:20:10','2025-09-18 12:15:12'),('t_dokumenti_417ff9_8487f2','sr-Cyrl','##ПХП_БЛОЦК_41##','2025-09-18 10:20:10','2025-09-18 12:15:12'),('t_dokumenti_447ab4_c353b3','sr','Promenite filtere da biste videli druge dokumente ili proverite kasnije.','2025-09-18 09:08:43','2025-09-19 12:10:32'),('t_dokumenti_447ab4_c353b3','sr-Cyrl','Промените филтере да бисте видели друге документе или проверите касније.','2025-09-18 09:08:43','2025-09-19 12:10:32'),('t_dokumenti_454605_8487f2','sr','Preuzmi','2025-09-18 10:20:10','2025-09-18 10:20:10'),('t_dokumenti_454605_8487f2','sr-Cyrl','Преузми','2025-09-18 10:20:10','2025-09-18 10:20:10'),('t_dokumenti_4d976f_b05dc7','sr','Sledeća »','2025-09-18 09:08:43','2025-09-19 12:10:32'),('t_dokumenti_4d976f_b05dc7','sr-Cyrl','Следећа »','2025-09-18 09:08:43','2025-09-19 12:10:32'),('t_dokumenti_5936c2_848317','sr','Nema pronađenih dokumenata','2025-09-18 09:08:43','2025-09-19 12:10:32'),('t_dokumenti_5936c2_848317','sr-Cyrl','Нема пронађених докумената','2025-09-18 09:08:43','2025-09-19 12:10:32'),('t_dokumenti_63df8f_765203','sr','Najnoviji prvo','2025-09-18 09:08:43','2025-09-19 12:10:32'),('t_dokumenti_63df8f_765203','sr-Cyrl','Најновији прво','2025-09-18 09:08:43','2025-09-19 12:10:32'),('t_dokumenti_642857_6ea27e','sr','Preuzmi','2025-09-18 10:20:10','2025-09-18 10:20:10'),('t_dokumenti_642857_6ea27e','sr-Cyrl','Преузми','2025-09-18 10:20:10','2025-09-18 10:20:10'),('t_dokumenti_6724a4_a3ea06','sr','##PHP_BLOCK_39##','2025-09-18 09:22:41','2025-09-18 12:15:12'),('t_dokumenti_6724a4_a3ea06','sr-Cyrl','##ПХП_БЛОЦК_39##','2025-09-18 09:22:41','2025-09-18 12:15:12'),('t_dokumenti_6d0a1f_254738','sr','##PHP_BLOCK_35##','2025-09-18 09:22:41','2025-09-18 12:15:12'),('t_dokumenti_6d0a1f_254738','sr-Cyrl','##ПХП_БЛОЦК_35##','2025-09-18 09:22:41','2025-09-18 12:15:12'),('t_dokumenti_776cc2_b8bbcb','sr','Sve kategorije','2025-09-18 09:08:43','2025-09-19 12:10:32'),('t_dokumenti_776cc2_b8bbcb','sr-Cyrl','Све категорије','2025-09-18 09:08:43','2025-09-19 12:10:32'),('t_dokumenti_9142b5_4e38f2','sr','##PHP_BLOCK_21##','2025-09-18 09:22:41','2025-09-18 12:15:12'),('t_dokumenti_9142b5_4e38f2','sr-Cyrl','##ПХП_БЛОЦК_21##','2025-09-18 09:22:41','2025-09-18 12:15:12'),('t_dokumenti_915eef_6ea27e','sr','Preuzmi','2025-09-18 09:08:43','2025-09-19 12:10:32'),('t_dokumenti_915eef_6ea27e','sr-Cyrl','Преузми','2025-09-18 09:08:43','2025-09-19 12:10:32'),('t_dokumenti_98027e_703b3d','sr','##PHP_BLOCK_6##','2025-09-18 09:22:41','2025-09-18 12:15:12'),('t_dokumenti_98027e_703b3d','sr-Cyrl','##ПХП_БЛОЦК_6##','2025-09-18 09:22:41','2025-09-18 12:15:12'),('t_dokumenti_a7d8ae_2794c1','sr','Po nazivu','2025-09-18 09:08:43','2025-09-19 12:10:32'),('t_dokumenti_a7d8ae_2794c1','sr-Cyrl','По називу','2025-09-18 09:08:43','2025-09-19 12:10:32'),('t_dokumenti_a9495a_5d14a9','sr','##PHP_BLOCK_20##','2025-09-18 09:22:41','2025-09-18 12:15:12'),('t_dokumenti_a9495a_5d14a9','sr-Cyrl','##ПХП_БЛОЦК_20##','2025-09-18 09:22:41','2025-09-18 12:15:12'),('t_dokumenti_ad7093_cf3b77','sr','Preuzmi sva potrebna dokumenta, obrasce i publikacije Kulturnog Nexusa. Slažemo ih po kategorijama radi lakšeg pronalaženja.','2025-09-18 09:08:43','2025-09-19 12:10:32'),('t_dokumenti_ad7093_cf3b77','sr-Cyrl','Преузми сва потребна документа, обрасце и публикације Културног Неxуса. Слажемо их по категоријама ради лакшег проналажења.','2025-09-18 09:08:43','2025-09-19 12:10:32'),('t_dokumenti_af8be3_8487f2','sr','Dokument se preuzima...','2025-09-18 09:08:43','2025-09-19 12:10:32'),('t_dokumenti_af8be3_8487f2','sr-Cyrl','Документ се преузима...','2025-09-18 09:08:43','2025-09-19 12:10:32'),('t_dokumenti_b1da17_21a92c','sr','Ažurirano: ##PHP_BLOCK_23##','2025-09-18 09:22:41','2025-09-18 12:15:12'),('t_dokumenti_b1da17_21a92c','sr-Cyrl','Ажурирано: ##ПХП_БЛОЦК_23##','2025-09-18 09:22:41','2025-09-18 12:15:12'),('t_dokumenti_bae075_6f5b3e','sr','##PHP_BLOCK_7##','2025-09-18 10:53:42','2025-09-18 12:15:12'),('t_dokumenti_bae075_6f5b3e','sr-Cyrl','##ПХП_БЛОЦК_7##','2025-09-18 10:53:42','2025-09-18 12:15:12'),('t_dokumenti_cd142a_2294f6','sr','##PHP_BLOCK_42##','2025-09-18 09:22:41','2025-09-18 12:15:12'),('t_dokumenti_cd142a_2294f6','sr-Cyrl','##ПХП_БЛОЦК_42##','2025-09-18 09:22:41','2025-09-18 12:15:12'),('t_dokumenti_da22ca_901c93','sr','Dokumenti za preuzimanje','2025-09-18 09:08:43','2025-09-19 12:10:32'),('t_dokumenti_da22ca_901c93','sr-Cyrl','Документи за преузимање','2025-09-18 09:08:43','2025-09-19 12:10:32'),('t_dokumenti_f8038d_e7b96b','sr','##PHP_BLOCK_28##','2025-09-18 09:22:41','2025-09-18 12:15:12'),('t_dokumenti_f8038d_e7b96b','sr-Cyrl','##ПХП_БЛОЦК_28##','2025-09-18 09:22:41','2025-09-18 12:15:12'),('t_dokumenti_fe705a_81eb59','sr','Najstariji prvo','2025-09-18 09:08:43','2025-09-19 12:10:32'),('t_dokumenti_fe705a_81eb59','sr-Cyrl','Најстарији прво','2025-09-18 09:08:43','2025-09-19 12:10:32'),('t_galerija_0aef9a_9fe721','sr','galerija','2025-09-18 09:08:43','2025-09-19 12:10:32'),('t_galerija_0aef9a_9fe721','sr-Cyrl','галерија','2025-09-18 09:08:43','2025-09-19 12:10:32'),('t_galerija_0d1dcf_679bb5','sr','##COMMENT_0##','2025-09-18 09:22:41','2025-09-18 12:15:12'),('t_galerija_0d1dcf_679bb5','sr-Cyrl','##ЦОММЕНТ_0##','2025-09-18 09:22:41','2025-09-18 12:15:12'),('t_galerija_13bf4d_550041','sr','Istražite našu pažljivo odabranu kolekciju slika. Kliknite na bilo koju sliku da je pogledate u punoj veličini i da se krećete kroz galeriju.','2025-09-18 09:08:43','2025-09-19 12:10:32'),('t_galerija_13bf4d_550041','sr-Cyrl','Истражите нашу пажљиво одабрану колекцију слика. Кликните на било коју слику да је погледате у пуној величини и да се крећете кроз галерију.','2025-09-18 09:08:43','2025-09-19 12:10:32'),('t_galerija_19d405_decd82','sr','##COMMENT_2##','2025-09-18 10:20:10','2025-09-18 12:15:12'),('t_galerija_19d405_decd82','sr-Cyrl','##ЦОММЕНТ_2##','2025-09-18 10:20:10','2025-09-18 12:15:12'),('t_galerija_33ab5c_acd9b5','sr','##PHP_BLOCK_21##','2025-09-18 09:22:41','2025-09-18 12:15:12'),('t_galerija_33ab5c_acd9b5','sr-Cyrl','##ПХП_БЛОЦК_21##','2025-09-18 09:22:41','2025-09-18 12:15:12'),('t_galerija_419b4d_10ac3d','sr','Next','2025-09-18 10:20:10','2025-09-18 10:20:10'),('t_galerija_419b4d_10ac3d','sr-Cyrl','Неxт','2025-09-18 10:20:10','2025-09-18 10:20:10'),('t_galerija_454605_f0e8cb','sr','Prev','2025-09-18 10:20:10','2025-09-18 10:20:10'),('t_galerija_454605_f0e8cb','sr-Cyrl','Прев','2025-09-18 10:20:10','2025-09-18 10:20:10'),('t_galerija_5db7ae_f0e8cb','sr','Kolekcija Slika','2025-09-18 09:08:43','2025-09-19 12:10:32'),('t_galerija_5db7ae_f0e8cb','sr-Cyrl','Колекција Слика','2025-09-18 09:08:43','2025-09-19 12:10:32'),('t_galerija_926fe4_d03922','sr','##PHP_BLOCK_17##','2025-09-18 09:22:41','2025-09-18 12:15:12'),('t_galerija_926fe4_d03922','sr-Cyrl','##ПХП_БЛОЦК_17##','2025-09-18 09:22:41','2025-09-18 12:15:12'),('t_galerija_a62672_6f5b3e','sr','##PHP_BLOCK_10##','2025-09-18 09:22:41','2025-09-18 12:15:12'),('t_galerija_a62672_6f5b3e','sr-Cyrl','##ПХП_БЛОЦК_10##','2025-09-18 09:22:41','2025-09-18 12:15:12'),('t_galerija_c71b81_14230d','sr','Prev','2025-09-18 09:08:43','2025-09-19 12:10:32'),('t_galerija_c71b81_14230d','sr-Cyrl','Прев','2025-09-18 09:08:43','2025-09-19 12:10:32'),('t_galerija_cd142a_a7dc45','sr','##PHP_BLOCK_22##','2025-09-18 09:22:41','2025-09-18 12:15:12'),('t_galerija_cd142a_a7dc45','sr-Cyrl','##ПХП_БЛОЦК_22##','2025-09-18 09:22:41','2025-09-18 12:15:12'),('t_galerija_dde2bd_10ac3d','sr','Next','2025-09-18 09:08:43','2025-09-19 12:10:32'),('t_galerija_dde2bd_10ac3d','sr-Cyrl','Неxт','2025-09-18 09:08:43','2025-09-19 12:10:32'),('t_kontakt_02e6f3_b4afdb','sr','Centar za umetnost i baštinu','2025-09-18 09:10:12','2025-09-19 12:12:44'),('t_kontakt_02e6f3_b4afdb','sr-Cyrl','Центар за уметност и баштину','2025-09-18 09:10:12','2025-09-19 12:12:44'),('t_kontakt_09f579_9a1399','sr','Vaša poruka *','2025-09-18 09:08:43','2025-09-19 12:10:32'),('t_kontakt_09f579_9a1399','sr-Cyrl','Ваша порука *','2025-09-18 09:08:43','2025-09-19 12:10:32'),('t_kontakt_0aecc4_d9c89f','sr','Subota:','2025-09-18 09:10:12','2025-09-19 12:12:44'),('t_kontakt_0aecc4_d9c89f','sr-Cyrl','Субота:','2025-09-18 09:10:12','2025-09-19 12:12:44'),('t_kontakt_0aef9a_fa84f0','sr','kontakt','2025-09-18 09:08:43','2025-09-19 12:10:32'),('t_kontakt_0aef9a_fa84f0','sr-Cyrl','контакт','2025-09-18 09:08:43','2025-09-19 12:10:32'),('t_kontakt_0b24e9_ad4848','sr','Email adresa *','2025-09-18 09:10:12','2025-09-19 12:12:44'),('t_kontakt_0b24e9_ad4848','sr-Cyrl','Емаил адреса *','2025-09-18 09:10:12','2025-09-19 12:12:44'),('t_kontakt_0ed738_a88d55','sr','Vaša poruka je\n                                        uspešno poslata!\n                                    Odgovoriće vam u najkraćem mogućem roku.','2025-09-18 10:20:10','2025-09-18 10:20:10'),('t_kontakt_0ed738_a88d55','sr-Cyrl','Ваша порука је\n                                        успешно послата!\n                                    Одговориће вам у најкраћем могућем року.','2025-09-18 10:20:10','2025-09-18 10:20:10'),('t_kontakt_10325a_5b3fd3','sr','glišić luka haaha','2025-09-18 09:10:12','2025-09-19 12:12:44'),('t_kontakt_10325a_5b3fd3','sr-Cyrl','глишић лука хааха','2025-09-18 09:10:12','2025-09-19 12:12:44'),('t_kontakt_14c862_701225','sr','Pošaljite poruku','2025-09-18 10:20:10','2025-09-18 10:20:10'),('t_kontakt_14c862_701225','sr-Cyrl','Пошаљите поруку','2025-09-18 10:20:10','2025-09-18 10:20:10'),('t_kontakt_20c7b2_be67f6','sr','##COMMENT_4##','2025-09-18 09:14:44','2025-09-18 11:16:08'),('t_kontakt_20c7b2_be67f6','sr-Cyrl','##ЦОММЕНТ_4##','2025-09-18 09:14:44','2025-09-18 11:16:08'),('t_kontakt_29a64d_ac7bef','sr','Ponedeljak - Petak: 09:00 - 17:00','2025-09-18 09:22:41','2025-09-18 12:15:12'),('t_kontakt_29a64d_ac7bef','sr-Cyrl','Понедељак - Петак: 09:00 - 17:00','2025-09-18 09:22:41','2025-09-18 12:15:12'),('t_kontakt_2aaec3_091dff','sr','Vaše mišljenje nam je važno. Kontaktirajte nas za sve informacije ili pošaljite žalbu kako bismo\n                    mogli da poboljšamo naše usluge.','2025-09-18 09:08:43','2025-09-19 12:10:32'),('t_kontakt_2aaec3_091dff','sr-Cyrl','Ваше мишљење нам је важно. Контактирајте нас за све информације или пошаљите жалбу како бисмо\n                    могли да побољшамо наше услуге.','2025-09-18 09:08:43','2025-09-19 12:10:32'),('t_kontakt_2ad66b_c0d269','sr','Одговарамо у року од 24х','2025-09-18 09:14:44','2025-09-18 11:28:51'),('t_kontakt_2ad66b_c0d269','sr-Cyrl','Одговарамо у року од 24х','2025-09-18 09:14:44','2025-09-18 11:28:51'),('t_kontakt_2af54d_0286e5','sr','Ponedeljak - Petak:','2025-09-18 09:08:43','2025-09-19 12:10:32'),('t_kontakt_2af54d_0286e5','sr-Cyrl','Понедељак - Петак:','2025-09-18 09:08:43','2025-09-19 12:10:32'),('t_kontakt_2e3b6f_101318','sr','10:00 - 14:00','2025-09-18 11:06:26','2025-09-18 11:08:28'),('t_kontakt_2e3b6f_101318','sr-Cyrl','10:00 - 14:00','2025-09-18 11:06:26','2025-09-18 11:08:28'),('t_kontakt_2ebc4e_d9c89f','sr','Subota:','2025-09-18 10:20:10','2025-09-18 10:20:10'),('t_kontakt_2ebc4e_d9c89f','sr-Cyrl','Субота:','2025-09-18 10:20:10','2025-09-18 10:20:10'),('t_kontakt_3168df_c0d269','sr','Odgovaramo u roku od 24h','2025-09-18 09:22:41','2025-09-18 12:15:12'),('t_kontakt_3168df_c0d269','sr-Cyrl','Одговарамо у року од 24х','2025-09-18 09:22:41','2025-09-18 12:15:12'),('t_kontakt_36f9a3_701225','sr','Pošaljite poruku','2025-09-18 10:20:10','2025-09-18 10:20:10'),('t_kontakt_36f9a3_701225','sr-Cyrl','Пошаљите поруку','2025-09-18 10:20:10','2025-09-18 10:20:10'),('t_kontakt_374c7c_f6999f','sr','Adresa','2025-09-18 09:08:43','2025-09-19 12:10:32'),('t_kontakt_374c7c_f6999f','sr-Cyrl','Адреса','2025-09-18 09:08:43','2025-09-19 12:10:32'),('t_kontakt_3894dc_63e66c','sr','Vaša poruka je\n                                        uspešno poslata!','2025-09-18 09:08:43','2025-09-19 12:10:32'),('t_kontakt_3894dc_63e66c','sr-Cyrl','Ваша порука је\n                                        успешно послата!','2025-09-18 09:08:43','2025-09-19 12:10:32'),('t_kontakt_422ac9_693039','sr','Broj telefona','2025-09-18 09:08:43','2025-09-19 12:10:32'),('t_kontakt_422ac9_693039','sr-Cyrl','Број телефона','2025-09-18 09:08:43','2025-09-19 12:10:32'),('t_kontakt_43ec95_0975cf','sr','Telefon','2025-09-18 10:20:10','2025-09-18 10:20:10'),('t_kontakt_43ec95_0975cf','sr-Cyrl','Телефон','2025-09-18 10:20:10','2025-09-18 10:20:10'),('t_kontakt_443a92_0286e5','sr','Ponedeljak - Petak:','2025-09-18 10:20:10','2025-09-18 10:20:10'),('t_kontakt_443a92_0286e5','sr-Cyrl','Понедељак - Петак:','2025-09-18 10:20:10','2025-09-18 10:20:10'),('t_kontakt_454605_e42ffd','sr','Ime i prezime *','2025-09-18 10:20:10','2025-09-18 10:20:10'),('t_kontakt_454605_e42ffd','sr-Cyrl','Име и презиме *','2025-09-18 10:20:10','2025-09-18 10:20:10'),('t_kontakt_47952f_16f2a3','sr','Radno vreme','2025-09-18 09:08:43','2025-09-19 12:10:32'),('t_kontakt_47952f_16f2a3','sr-Cyrl','Радно време','2025-09-18 09:08:43','2025-09-19 12:10:32'),('t_kontakt_49f371_701225','sr','Pošaljite poruku','2025-09-18 09:08:43','2025-09-19 12:10:32'),('t_kontakt_49f371_701225','sr-Cyrl','Пошаљите поруку','2025-09-18 09:08:43','2025-09-19 12:10:32'),('t_kontakt_4f8c3e_d6f9f0','sr','Kontakt informacije','2025-09-18 09:10:12','2025-09-19 12:12:44'),('t_kontakt_4f8c3e_d6f9f0','sr-Cyrl','Контакт информације','2025-09-18 09:10:12','2025-09-19 12:12:44'),('t_kontakt_52b948_d6f9f0','sr','Kontakt informacije','2025-09-18 09:08:43','2025-09-19 12:10:32'),('t_kontakt_52b948_d6f9f0','sr-Cyrl','Контакт информације','2025-09-18 09:08:43','2025-09-19 12:10:32'),('t_kontakt_59032b_9a1399','sr','Vaša poruka *','2025-09-18 09:10:12','2025-09-19 12:12:44'),('t_kontakt_59032b_9a1399','sr-Cyrl','Ваша порука *','2025-09-18 09:10:12','2025-09-19 12:12:44'),('t_kontakt_5a17fd_d9c89f','sr','Subota:','2025-09-18 09:08:43','2025-09-19 12:10:32'),('t_kontakt_5a17fd_d9c89f','sr-Cyrl','Субота:','2025-09-18 09:08:43','2025-09-19 12:10:32'),('t_kontakt_5ad711_701225','sr','Pošaljite poruku','2025-09-18 09:10:12','2025-09-19 12:12:44'),('t_kontakt_5ad711_701225','sr-Cyrl','Пошаљите поруку','2025-09-18 09:10:12','2025-09-19 12:12:44'),('t_kontakt_5ccae6_454f27','sr','Nedelja:','2025-09-18 10:20:10','2025-09-18 10:20:10'),('t_kontakt_5ccae6_454f27','sr-Cyrl','Недеља:','2025-09-18 10:20:10','2025-09-18 10:20:10'),('t_kontakt_5edbaf_676022','sr','##COMMENT_2##','2025-09-18 09:14:44','2025-09-18 11:16:08'),('t_kontakt_5edbaf_676022','sr-Cyrl','##ЦОММЕНТ_2##','2025-09-18 09:14:44','2025-09-18 11:16:08'),('t_kontakt_6390ab_f50368','sr','Zatvoreno','2025-09-18 09:10:12','2025-09-19 12:12:44'),('t_kontakt_6390ab_f50368','sr-Cyrl','Затворено','2025-09-18 09:10:12','2025-09-19 12:12:44'),('t_kontakt_6572cf_d6f9f0','sr','Kontakt informacije','2025-09-18 10:20:10','2025-09-18 10:20:10'),('t_kontakt_6572cf_d6f9f0','sr-Cyrl','Контакт информације','2025-09-18 10:20:10','2025-09-18 10:20:10'),('t_kontakt_75fee6_16f2a3','sr','Radno vreme','2025-09-18 10:20:10','2025-09-18 10:20:10'),('t_kontakt_75fee6_16f2a3','sr-Cyrl','Радно време','2025-09-18 10:20:10','2025-09-18 10:20:10'),('t_kontakt_7b871b_84204f','sr','09:00 - 17:00','2025-09-18 11:06:26','2025-09-18 11:08:28'),('t_kontakt_7b871b_84204f','sr-Cyrl','09:00 - 17:00','2025-09-18 11:06:26','2025-09-18 11:08:28'),('t_kontakt_837873_d0ce73','sr','Odgovoriće vam u najkraćem mogućem roku.','2025-09-18 09:10:12','2025-09-19 12:12:44'),('t_kontakt_837873_d0ce73','sr-Cyrl','Одговориће вам у најкраћем могућем року.','2025-09-18 09:10:12','2025-09-19 12:12:44'),('t_kontakt_848909_baa1d9','sr','Petak,Nedelja:','2025-09-18 09:10:12','2025-09-19 12:12:44'),('t_kontakt_848909_baa1d9','sr-Cyrl','Петак,Недеља:','2025-09-18 09:10:12','2025-09-19 12:12:44'),('t_kontakt_84df39_ac7bef','sr','Понедељак - Петак: 09:00 - 17:00','2025-09-18 09:14:44','2025-09-18 11:28:51'),('t_kontakt_84df39_ac7bef','sr-Cyrl','Понедељак - Петак: 09:00 - 17:00','2025-09-18 09:14:44','2025-09-18 11:28:51'),('t_kontakt_85cccb_c9f8c3','sr','Ime i prezime *\n                                    \n                                    \n                                \n                                \n                                    \n                                        Email adresa *','2025-09-18 10:20:10','2025-09-18 10:20:10'),('t_kontakt_85cccb_c9f8c3','sr-Cyrl','Име и презиме *\n                                    \n                                    \n                                \n                                \n                                    \n                                        Емаил адреса *','2025-09-18 10:20:10','2025-09-18 10:20:10'),('t_kontakt_88f6ca_454f27','sr','Nedelja:','2025-09-18 09:08:43','2025-09-19 12:10:32'),('t_kontakt_88f6ca_454f27','sr-Cyrl','Недеља:','2025-09-18 09:08:43','2025-09-19 12:10:32'),('t_kontakt_8b3337_693039','sr','Broj telefona','2025-09-18 10:20:10','2025-09-18 10:20:10'),('t_kontakt_8b3337_693039','sr-Cyrl','Број телефона','2025-09-18 10:20:10','2025-09-18 10:20:10'),('t_kontakt_90b8b2_ad4848','sr','Email adresa *','2025-09-18 09:08:43','2025-09-19 12:10:32'),('t_kontakt_90b8b2_ad4848','sr-Cyrl','Емаил адреса *','2025-09-18 09:08:43','2025-09-19 12:10:32'),('t_kontakt_974906_ce8ae9','sr','Email','2025-09-18 09:08:43','2025-09-19 12:10:32'),('t_kontakt_974906_ce8ae9','sr-Cyrl','Емаил','2025-09-18 09:08:43','2025-09-19 12:10:32'),('t_kontakt_9d2e1a_676022','sr','##COMMENT_2##','2025-09-18 09:22:41','2025-09-18 12:15:12'),('t_kontakt_9d2e1a_676022','sr-Cyrl','##ЦОММЕНТ_2##','2025-09-18 09:22:41','2025-09-18 12:15:12'),('t_kontakt_a0cc58_ce8ae9','sr','Email','2025-09-18 09:10:12','2025-09-19 12:12:44'),('t_kontakt_a0cc58_ce8ae9','sr-Cyrl','Емаил','2025-09-18 09:10:12','2025-09-19 12:12:44'),('t_kontakt_a1a72e_9a1399','sr','Vaša poruka *','2025-09-18 10:20:10','2025-09-18 10:20:10'),('t_kontakt_a1a72e_9a1399','sr-Cyrl','Ваша порука *','2025-09-18 10:20:10','2025-09-18 10:20:10'),('t_kontakt_a4120e_693039','sr','Broj telefona','2025-09-18 09:10:12','2025-09-19 12:12:44'),('t_kontakt_a4120e_693039','sr-Cyrl','Број телефона','2025-09-18 09:10:12','2025-09-19 12:12:44'),('t_kontakt_a4af74_866bf7','sr','lalalalallalalala zdravo','2025-09-18 09:10:12','2025-09-19 12:12:44'),('t_kontakt_a4af74_866bf7','sr-Cyrl','лалалалаллалалала здраво','2025-09-18 09:10:12','2025-09-19 12:12:44'),('t_kontakt_a9e6dc_f6999f','sr','Adresa','2025-09-18 09:10:12','2025-09-19 12:12:44'),('t_kontakt_a9e6dc_f6999f','sr-Cyrl','Адреса','2025-09-18 09:10:12','2025-09-19 12:12:44'),('t_kontakt_b0a5a1_55e18c','sr','Naslov poruke *','2025-09-18 09:08:43','2025-09-19 12:10:32'),('t_kontakt_b0a5a1_55e18c','sr-Cyrl','Наслов поруке *','2025-09-18 09:08:43','2025-09-19 12:10:32'),('t_kontakt_b20f7a_f0ff31','sr','Ponedeljak - Četvrtak:','2025-09-18 09:10:12','2025-09-19 12:12:44'),('t_kontakt_b20f7a_f0ff31','sr-Cyrl','Понедељак - Четвртак:','2025-09-18 09:10:12','2025-09-19 12:12:44'),('t_kontakt_b367d2_be67f6','sr','##COMMENT_4##','2025-09-18 09:22:41','2025-09-18 12:15:12'),('t_kontakt_b367d2_be67f6','sr-Cyrl','##ЦОММЕНТ_4##','2025-09-18 09:22:41','2025-09-18 12:15:12'),('t_kontakt_b4c1da_fe971b','sr','info@kulturnynexus.rs','2025-09-18 09:10:12','2025-09-19 12:12:44'),('t_kontakt_b4c1da_fe971b','sr-Cyrl','инфо@културнyнеxус.рс','2025-09-18 09:10:12','2025-09-19 12:12:44'),('t_kontakt_b95ab8_b4afdb','sr','Centar za umetnost i baštinu','2025-09-18 09:08:43','2025-09-19 12:10:32'),('t_kontakt_b95ab8_b4afdb','sr-Cyrl','Центар за уметност и баштину','2025-09-18 09:08:43','2025-09-19 12:10:32'),('t_kontakt_bb3ca2_63e66c','sr','Vaša poruka je\n                                        uspešno poslata!','2025-09-18 09:10:12','2025-09-19 12:12:44'),('t_kontakt_bb3ca2_63e66c','sr-Cyrl','Ваша порука је\n                                        успешно послата!','2025-09-18 09:10:12','2025-09-19 12:12:44'),('t_kontakt_c0c5dd_3539f9','sr','Ime i prezime *','2025-09-18 09:08:43','2025-09-19 12:10:32'),('t_kontakt_c0c5dd_3539f9','sr-Cyrl','Име и презиме *','2025-09-18 09:08:43','2025-09-19 12:10:32'),('t_kontakt_c10a6f_d0ce73','sr','Odgovoriće vam u najkraćem mogućem roku.','2025-09-18 09:08:43','2025-09-19 12:10:32'),('t_kontakt_c10a6f_d0ce73','sr-Cyrl','Одговориће вам у најкраћем могућем року.','2025-09-18 09:08:43','2025-09-19 12:10:32'),('t_kontakt_c7b9c6_55e18c','sr','Naslov poruke *','2025-09-18 09:10:12','2025-09-19 12:12:44'),('t_kontakt_c7b9c6_55e18c','sr-Cyrl','Наслов поруке *','2025-09-18 09:10:12','2025-09-19 12:12:44'),('t_kontakt_c9b20e_e42ffd','sr','Kontaktirajte nas','2025-09-18 09:08:43','2025-09-19 12:10:32'),('t_kontakt_c9b20e_e42ffd','sr-Cyrl','Контактирајте нас','2025-09-18 09:08:43','2025-09-19 12:10:32'),('t_kontakt_cb8298_679bb5','sr','##COMMENT_0##','2025-09-18 09:14:44','2025-09-18 11:16:08'),('t_kontakt_cb8298_679bb5','sr-Cyrl','##ЦОММЕНТ_0##','2025-09-18 09:14:44','2025-09-18 11:16:08'),('t_kontakt_cd142a_2294f6','sr','##PHP_BLOCK_2##','2025-09-18 09:22:41','2025-09-18 12:15:12'),('t_kontakt_cd142a_2294f6','sr-Cyrl','##ПХП_БЛОЦК_2##','2025-09-18 09:22:41','2025-09-18 12:15:12'),('t_kontakt_d78abc_fe971b','sr','info@kulturnynexus.rs','2025-09-18 09:08:43','2025-09-19 12:10:32'),('t_kontakt_d78abc_fe971b','sr-Cyrl','инфо@културнyнеxус.рс','2025-09-18 09:08:43','2025-09-19 12:10:32'),('t_kontakt_dcc6ca_f6999f','sr','Adresa','2025-09-18 10:20:10','2025-09-18 10:20:10'),('t_kontakt_dcc6ca_f6999f','sr-Cyrl','Адреса','2025-09-18 10:20:10','2025-09-18 10:20:10'),('t_kontakt_ddcc7d_0975cf','sr','Telefon','2025-09-18 09:10:12','2025-09-19 12:12:44'),('t_kontakt_ddcc7d_0975cf','sr-Cyrl','Телефон','2025-09-18 09:10:12','2025-09-19 12:12:44'),('t_kontakt_e59646_ce8ae9','sr','Email','2025-09-18 10:20:10','2025-09-18 10:20:10'),('t_kontakt_e59646_ce8ae9','sr-Cyrl','Емаил','2025-09-18 10:20:10','2025-09-18 10:20:10'),('t_kontakt_e5c3fe_f50368','sr','Zatvoreno','2025-09-18 09:08:43','2025-09-19 12:10:32'),('t_kontakt_e5c3fe_f50368','sr-Cyrl','Затворено','2025-09-18 09:08:43','2025-09-19 12:10:32'),('t_kontakt_ee386c_16f2a3','sr','Radno vreme','2025-09-18 09:10:12','2025-09-19 12:12:44'),('t_kontakt_ee386c_16f2a3','sr-Cyrl','Радно време','2025-09-18 09:10:12','2025-09-19 12:12:44'),('t_kontakt_f93bea_679bb5','sr','##COMMENT_0##','2025-09-18 09:22:41','2025-09-18 12:15:12'),('t_kontakt_f93bea_679bb5','sr-Cyrl','##ЦОММЕНТ_0##','2025-09-18 09:22:41','2025-09-18 12:15:12'),('t_kontakt_f96196_55e18c','sr','Naslov poruke *','2025-09-18 10:20:10','2025-09-18 10:20:10'),('t_kontakt_f96196_55e18c','sr-Cyrl','Наслов поруке *','2025-09-18 10:20:10','2025-09-18 10:20:10'),('t_kontakt_f9bbb8_3539f9','sr','Ime i prezime *','2025-09-18 09:10:12','2025-09-19 12:12:44'),('t_kontakt_f9bbb8_3539f9','sr-Cyrl','Име и презиме *','2025-09-18 09:10:12','2025-09-19 12:12:44'),('t_kontakt_fd6751_0975cf','sr','Telefon','2025-09-18 09:08:43','2025-09-19 12:10:32'),('t_kontakt_fd6751_0975cf','sr-Cyrl','Телефон','2025-09-18 09:08:43','2025-09-19 12:10:32'),('t_misija_0aef9a_5a54a2','sr','Misija','2025-09-18 09:08:43','2025-09-19 12:10:32'),('t_misija_0aef9a_5a54a2','sr-Cyrl','Мисија','2025-09-18 09:08:43','2025-09-19 12:10:32'),('t_misija_19d405_679bb5','sr','##COMMENT_0##','2025-09-18 09:22:41','2025-09-18 12:15:12'),('t_misija_19d405_679bb5','sr-Cyrl','##ЦОММЕНТ_0##','2025-09-18 09:22:41','2025-09-18 12:15:12'),('t_misija_720cca_de2f0d','sr','##PHP_BLOCK_2##','2025-09-18 09:22:41','2025-09-18 12:15:12'),('t_misija_720cca_de2f0d','sr-Cyrl','##ПХП_БЛОЦК_2##','2025-09-18 09:22:41','2025-09-18 12:15:12'),('t_misija_a62672_afd2f0','sr','Misija naše institucije','2025-09-18 10:20:10','2025-09-18 10:20:10'),('t_misija_a62672_afd2f0','sr-Cyrl','Мисија наше институције','2025-09-18 10:20:10','2025-09-18 10:20:10'),('t_misija_cd142a_2294f6','sr','##PHP_BLOCK_3##','2025-09-18 09:22:41','2025-09-18 12:15:12'),('t_misija_cd142a_2294f6','sr-Cyrl','##ПХП_БЛОЦК_3##','2025-09-18 09:22:41','2025-09-18 12:15:12'),('t_misija_ffef92_afd2f0','sr','Misija naše institucije','2025-09-18 09:08:43','2025-09-19 12:10:32'),('t_misija_ffef92_afd2f0','sr-Cyrl','Мисија наше институције','2025-09-18 09:08:43','2025-09-19 12:10:32'),('t_zaposleni_0aef9a_0aa0ce','sr','Zaposleni','2025-09-18 09:08:43','2025-09-19 12:10:32'),('t_zaposleni_0aef9a_0aa0ce','sr-Cyrl','Запослени','2025-09-18 09:08:43','2025-09-19 12:10:32'),('t_zaposleni_19d405_ca7cce','sr','Welcome\n                This is a basic page template that can be customized further.','2025-09-18 10:20:10','2025-09-18 10:20:10'),('t_zaposleni_19d405_ca7cce','sr-Cyrl','Wелцоме\n                Тхис ис а басиц паге темплате тхат цан бе цустомизед фуртхер.','2025-09-18 10:20:10','2025-09-18 10:20:10'),('t_zaposleni_454605_ca7cce','sr','Welcome','2025-09-18 10:20:10','2025-09-18 10:20:10'),('t_zaposleni_454605_ca7cce','sr-Cyrl','Wелцоме','2025-09-18 10:20:10','2025-09-18 10:20:10'),('t_zaposleni_4b313b_256d70','sr','This is a basic page template that can be customized further.','2025-09-18 09:08:43','2025-09-19 12:10:32'),('t_zaposleni_4b313b_256d70','sr-Cyrl','Тхис ис а басиц паге темплате тхат цан бе цустомизед фуртхер.','2025-09-18 09:08:43','2025-09-19 12:10:32'),('t_zaposleni_cbbeff_83218a','sr','Welcome','2025-09-18 09:08:43','2025-09-19 12:10:32'),('t_zaposleni_cbbeff_83218a','sr-Cyrl','Wелцоме','2025-09-18 09:08:43','2025-09-19 12:10:32'),('t_zaposleni_cd142a_2294f6','sr','##PHP_BLOCK_2##','2025-09-18 09:22:41','2025-09-18 12:15:12'),('t_zaposleni_cd142a_2294f6','sr-Cyrl','##ПХП_БЛОЦК_2##','2025-09-18 09:22:41','2025-09-18 12:15:12');
/*!40000 ALTER TABLE `text_translations` ENABLE KEYS */;
UNLOCK TABLES;

--
-- Table structure for table `users`
--

DROP TABLE IF EXISTS `users`;
/*!40101 SET @saved_cs_client     = @@character_set_client */;
/*!50503 SET character_set_client = utf8mb4 */;
CREATE TABLE `users` (
  `id` int NOT NULL AUTO_INCREMENT,
  `username` varchar(50) COLLATE utf8mb4_unicode_ci NOT NULL,
  `password` varchar(255) COLLATE utf8mb4_unicode_ci NOT NULL,
  `role` varchar(50) COLLATE utf8mb4_unicode_ci DEFAULT NULL,
  `name` varchar(255) COLLATE utf8mb4_unicode_ci DEFAULT NULL,
  `surname` varchar(255) COLLATE utf8mb4_unicode_ci DEFAULT NULL,
  `created_at` date DEFAULT NULL,
  PRIMARY KEY (`id`),
  UNIQUE KEY `username` (`username`)
) ENGINE=InnoDB AUTO_INCREMENT=16 DEFAULT CHARSET=utf8mb4 COLLATE=utf8mb4_unicode_ci;
/*!40101 SET character_set_client = @saved_cs_client */;

--
-- Dumping data for table `users`
--

LOCK TABLES `users` WRITE;
/*!40000 ALTER TABLE `users` DISABLE KEYS */;
INSERT INTO `users` VALUES (1,'admin','$2y$12$gCJhYbZreyojxAWXyMKr/.OuDuacMFGy9PdNUECoWAAmXVGsKhpDm','admin','Luka','Glisic','2025-06-26'),(8,'markic','$2y$12$vzaIj7ajz65Sh/Uiqyb2m.Vpz0Pvntl7bucGdFqE6cIg/FqohjqGi','editor','','','2025-06-26'),(11,'fffff','$2y$12$PBHa30Tq7fClY7jCMMefouzvAyhRtjYhivciT6dftSXbpTICj.aPK','admin','fds','fds','2025-06-26'),(12,'markon','$2y$12$BFsV5gkCcE7q61ROnANi6.BCOANTer.rkBjIrK5DOyCiYmqq9EFsG','editor','testtest','test','2025-06-26'),(14,'sda','$2y$12$woGjXFR/nbfpf1MXztds5OG8FGNfypK/2lcOZupEOQJlntE3OD.La','editor','fds','fds','2025-06-26');
/*!40000 ALTER TABLE `users` ENABLE KEYS */;
UNLOCK TABLES;
/*!40103 SET TIME_ZONE=@OLD_TIME_ZONE */;

/*!40101 SET SQL_MODE=@OLD_SQL_MODE */;
/*!40014 SET FOREIGN_KEY_CHECKS=@OLD_FOREIGN_KEY_CHECKS */;
/*!40014 SET UNIQUE_CHECKS=@OLD_UNIQUE_CHECKS */;
/*!40101 SET CHARACTER_SET_CLIENT=@OLD_CHARACTER_SET_CLIENT */;
/*!40101 SET CHARACTER_SET_RESULTS=@OLD_CHARACTER_SET_RESULTS */;
/*!40101 SET COLLATION_CONNECTION=@OLD_COLLATION_CONNECTION */;
/*!40111 SET SQL_NOTES=@OLD_SQL_NOTES */;

-- Dump completed on 2025-09-19 14:35:27
