SET NAMES utf8mb4;
SET CHARACTER SET utf8mb4;
SET COLLATION_CONNECTION = utf8mb4_unicode_ci;

INSERT INTO generic_element (id, type, category_id) VALUES (37, 'Produkcija', 12);
INSERT INTO text (source_id, source_table, field_name, lang, content) VALUES (37, 'generic_element', 'naslov', 'sr-Cyrl', '(2003.) Недељом срчемо супу - Роберт Такарич');
INSERT INTO text (source_id, source_table, field_name, lang, content) VALUES (37, 'generic_element', 'naslov', 'sr', '(2003.) Nedeljom srčemo supu - Robert Takarič');
INSERT INTO text (source_id, source_table, field_name, lang, content) VALUES (37, 'generic_element', 'opis', 'sr-Cyrl', '(2003.) Недељом срчемо супу - Роберт Такарич');
INSERT INTO text (source_id, source_table, field_name, lang, content) VALUES (37, 'generic_element', 'opis', 'sr', '(2003.) Nedeljom srčemo supu - Robert Takarič');
INSERT INTO image (generic_element_id, file_path) VALUES (37, '/uploads/knjiga_37.jpg');
INSERT INTO generic_element (id, type, category_id) VALUES (36, 'Produkcija', 12);
INSERT INTO text (source_id, source_table, field_name, lang, content) VALUES (36, 'generic_element', 'naslov', 'sr-Cyrl', '(2003.) Приче из великог дворишта - Роберт Такарич');
INSERT INTO text (source_id, source_table, field_name, lang, content) VALUES (36, 'generic_element', 'naslov', 'sr', '(2003.) Priče iz velikog dvorišta - Robert Takarič');
INSERT INTO text (source_id, source_table, field_name, lang, content) VALUES (36, 'generic_element', 'opis', 'sr-Cyrl', '(2003.) Приче из великог дворишта - Роберт Такарич');
INSERT INTO text (source_id, source_table, field_name, lang, content) VALUES (36, 'generic_element', 'opis', 'sr', '(2003.) Priče iz velikog dvorišta - Robert Takarič');
INSERT INTO image (generic_element_id, file_path) VALUES (36, '/uploads/knjiga_36.jpg');
INSERT INTO generic_element (id, type, category_id) VALUES (35, 'Produkcija', 12);
INSERT INTO text (source_id, source_table, field_name, lang, content) VALUES (35, 'generic_element', 'naslov', 'sr-Cyrl', '(2003.) У потрази за коњском среćом - Роберт Такарич');
INSERT INTO text (source_id, source_table, field_name, lang, content) VALUES (35, 'generic_element', 'naslov', 'sr', '(2003.) U potrazi za konjskom srećom - Robert Takarič');
INSERT INTO text (source_id, source_table, field_name, lang, content) VALUES (35, 'generic_element', 'opis', 'sr-Cyrl', '(2003.) У потрази за коњском среćом - Роберт Такарич');
INSERT INTO text (source_id, source_table, field_name, lang, content) VALUES (35, 'generic_element', 'opis', 'sr', '(2003.) U potrazi za konjskom srećom - Robert Takarič');
INSERT INTO image (generic_element_id, file_path) VALUES (35, '/uploads/knjiga_35.jpg');
INSERT INTO generic_element (id, type, category_id) VALUES (34, 'Produkcija', 12);
INSERT INTO text (source_id, source_table, field_name, lang, content) VALUES (34, 'generic_element', 'naslov', 'sr-Cyrl', '(2004.) Мона Лиза је била лепша - Роберт Такарич');
INSERT INTO text (source_id, source_table, field_name, lang, content) VALUES (34, 'generic_element', 'naslov', 'sr', '(2004.) Mona Liza je bila lepša - Robert Takarič');
INSERT INTO text (source_id, source_table, field_name, lang, content) VALUES (34, 'generic_element', 'opis', 'sr-Cyrl', '(2004.) Мона Лиза је била лепша - Роберт Такарич');
INSERT INTO text (source_id, source_table, field_name, lang, content) VALUES (34, 'generic_element', 'opis', 'sr', '(2004.) Mona Liza je bila lepša - Robert Takarič');
INSERT INTO image (generic_element_id, file_path) VALUES (34, '/uploads/knjiga_34.jpg');
INSERT INTO generic_element (id, type, category_id) VALUES (33, 'Produkcija', 12);
INSERT INTO text (source_id, source_table, field_name, lang, content) VALUES (33, 'generic_element', 'naslov', 'sr-Cyrl', '(2007.) Ауу, сестро, и ми се играмо позоришта - Роберт Такарич');
INSERT INTO text (source_id, source_table, field_name, lang, content) VALUES (33, 'generic_element', 'naslov', 'sr', '(2007.) Auu, sestro, i mi se igramo pozorišta - Robert Takarič');
INSERT INTO text (source_id, source_table, field_name, lang, content) VALUES (33, 'generic_element', 'opis', 'sr-Cyrl', '(2007.) Ауу, сестро, и ми се играмо позоришта - Роберт Такарич');
INSERT INTO text (source_id, source_table, field_name, lang, content) VALUES (33, 'generic_element', 'opis', 'sr', '(2007.) Auu, sestro, i mi se igramo pozorišta - Robert Takarič');
INSERT INTO image (generic_element_id, file_path) VALUES (33, '/uploads/knjiga_33.jpg');
INSERT INTO generic_element (id, type, category_id) VALUES (32, 'Produkcija', 12);
INSERT INTO text (source_id, source_table, field_name, lang, content) VALUES (32, 'generic_element', 'naslov', 'sr-Cyrl', '(2007.) Рејчел, љубавна прича - Радован Настиć');
INSERT INTO text (source_id, source_table, field_name, lang, content) VALUES (32, 'generic_element', 'naslov', 'sr', '(2007.) Rejčel, ljubavna priča - Radovan Nastić');
INSERT INTO text (source_id, source_table, field_name, lang, content) VALUES (32, 'generic_element', 'opis', 'sr-Cyrl', '(2007.) Рејчел, љубавна прича - Радован Настиć');
INSERT INTO text (source_id, source_table, field_name, lang, content) VALUES (32, 'generic_element', 'opis', 'sr', '(2007.) Rejčel, ljubavna priča - Radovan Nastić');
INSERT INTO image (generic_element_id, file_path) VALUES (32, '/uploads/knjiga_32.jpg');
INSERT INTO generic_element (id, type, category_id) VALUES (31, 'Produkcija', 12);
INSERT INTO text (source_id, source_table, field_name, lang, content) VALUES (31, 'generic_element', 'naslov', 'sr-Cyrl', '(2007.) Зрењанински стрип алманах');
INSERT INTO text (source_id, source_table, field_name, lang, content) VALUES (31, 'generic_element', 'naslov', 'sr', '(2007.) Zrenjaninski strip almanah');
INSERT INTO text (source_id, source_table, field_name, lang, content) VALUES (31, 'generic_element', 'opis', 'sr-Cyrl', '(2007.) Зрењанински стрип алманах');
INSERT INTO text (source_id, source_table, field_name, lang, content) VALUES (31, 'generic_element', 'opis', 'sr', '(2007.) Zrenjaninski strip almanah');
INSERT INTO image (generic_element_id, file_path) VALUES (31, '/uploads/knjiga_31.jpg');
INSERT INTO generic_element (id, type, category_id) VALUES (30, 'Produkcija', 12);
INSERT INTO text (source_id, source_table, field_name, lang, content) VALUES (30, 'generic_element', 'naslov', 'sr-Cyrl', '(2008.) 30 година 1978-2008. - Зоран Славиć');
INSERT INTO text (source_id, source_table, field_name, lang, content) VALUES (30, 'generic_element', 'naslov', 'sr', '(2008.) 30 godina 1978-2008. - Zoran Slavić');
INSERT INTO text (source_id, source_table, field_name, lang, content) VALUES (30, 'generic_element', 'opis', 'sr-Cyrl', '(2008.) 30 година 1978-2008. - Зоран Славиć');
INSERT INTO text (source_id, source_table, field_name, lang, content) VALUES (30, 'generic_element', 'opis', 'sr', '(2008.) 30 godina 1978-2008. - Zoran Slavić');
INSERT INTO image (generic_element_id, file_path) VALUES (30, '/uploads/knjiga_30.jpg');
INSERT INTO generic_element (id, type, category_id) VALUES (29, 'Produkcija', 12);
INSERT INTO text (source_id, source_table, field_name, lang, content) VALUES (29, 'generic_element', 'naslov', 'sr-Cyrl', '(2008.) Бекан у стиху - Александар Тодоровиć');
INSERT INTO text (source_id, source_table, field_name, lang, content) VALUES (29, 'generic_element', 'naslov', 'sr', '(2008.) Bekan u stihu - Aleksandar Todorović');
INSERT INTO text (source_id, source_table, field_name, lang, content) VALUES (29, 'generic_element', 'opis', 'sr-Cyrl', '(2008.) Бекан у стиху - Александар Тодоровиć');
INSERT INTO text (source_id, source_table, field_name, lang, content) VALUES (29, 'generic_element', 'opis', 'sr', '(2008.) Bekan u stihu - Aleksandar Todorović');
INSERT INTO image (generic_element_id, file_path) VALUES (29, '/uploads/knjiga_29.jpg');
INSERT INTO generic_element (id, type, category_id) VALUES (28, 'Produkcija', 12);
INSERT INTO text (source_id, source_table, field_name, lang, content) VALUES (28, 'generic_element', 'naslov', 'sr-Cyrl', '(2008.) Др Корнел Радуловиć - Добривој Пауновиć');
INSERT INTO text (source_id, source_table, field_name, lang, content) VALUES (28, 'generic_element', 'naslov', 'sr', '(2008.) Dr Kornel Radulović - Dobrivoj Paunović');
INSERT INTO text (source_id, source_table, field_name, lang, content) VALUES (28, 'generic_element', 'opis', 'sr-Cyrl', '(2008.) Др Корнел Радуловиć - Добривој Пауновиć');
INSERT INTO text (source_id, source_table, field_name, lang, content) VALUES (28, 'generic_element', 'opis', 'sr', '(2008.) Dr Kornel Radulović - Dobrivoj Paunović');
INSERT INTO image (generic_element_id, file_path) VALUES (28, '/uploads/knjiga_28.jpg');
INSERT INTO generic_element (id, type, category_id) VALUES (27, 'Produkcija', 12);
INSERT INTO text (source_id, source_table, field_name, lang, content) VALUES (27, 'generic_element', 'naslov', 'sr-Cyrl', '(2008.) Поглед са мирисом ваниле - Марија Хармат');
INSERT INTO text (source_id, source_table, field_name, lang, content) VALUES (27, 'generic_element', 'naslov', 'sr', '(2008.) Pogled sa mirisom vanile - Marija Harmat');
INSERT INTO text (source_id, source_table, field_name, lang, content) VALUES (27, 'generic_element', 'opis', 'sr-Cyrl', '(2008.) Поглед са мирисом ваниле - Марија Хармат');
INSERT INTO text (source_id, source_table, field_name, lang, content) VALUES (27, 'generic_element', 'opis', 'sr', '(2008.) Pogled sa mirisom vanile - Marija Harmat');
INSERT INTO image (generic_element_id, file_path) VALUES (27, '/uploads/knjiga_27.jpg');
INSERT INTO generic_element (id, type, category_id) VALUES (26, 'Produkcija', 12);
INSERT INTO text (source_id, source_table, field_name, lang, content) VALUES (26, 'generic_element', 'naslov', 'sr-Cyrl', '(2008.) Стриполис бр. 1 - часопис интернационалног и ауторског стрипа');
INSERT INTO text (source_id, source_table, field_name, lang, content) VALUES (26, 'generic_element', 'naslov', 'sr', '(2008.) Stripolis br. 1 - časopis internacionalnog i autorskog stripa');
INSERT INTO text (source_id, source_table, field_name, lang, content) VALUES (26, 'generic_element', 'opis', 'sr-Cyrl', '(2008.) Стриполис бр. 1 - часопис интернационалног и ауторског стрипа');
INSERT INTO text (source_id, source_table, field_name, lang, content) VALUES (26, 'generic_element', 'opis', 'sr', '(2008.) Stripolis br. 1 - časopis internacionalnog i autorskog stripa');
INSERT INTO image (generic_element_id, file_path) VALUES (26, '/uploads/knjiga_26.jpg');
INSERT INTO generic_element (id, type, category_id) VALUES (25, 'Produkcija', 12);
INSERT INTO text (source_id, source_table, field_name, lang, content) VALUES (25, 'generic_element', 'naslov', 'sr-Cyrl', '(2009.) Школске фаце, штрербери и сестре издајице - Роберт Такарич');
INSERT INTO text (source_id, source_table, field_name, lang, content) VALUES (25, 'generic_element', 'naslov', 'sr', '(2009.) Školske face, štrerberi i sestre izdajice - Robert Takarič');
INSERT INTO text (source_id, source_table, field_name, lang, content) VALUES (25, 'generic_element', 'opis', 'sr-Cyrl', '(2009.) Школске фаце, штрербери и сестре издајице - Роберт Такарич');
INSERT INTO text (source_id, source_table, field_name, lang, content) VALUES (25, 'generic_element', 'opis', 'sr', '(2009.) Školske face, štrerberi i sestre izdajice - Robert Takarič');
INSERT INTO image (generic_element_id, file_path) VALUES (25, '/uploads/knjiga_25.jpg');
INSERT INTO generic_element (id, type, category_id) VALUES (24, 'Produkcija', 12);
INSERT INTO text (source_id, source_table, field_name, lang, content) VALUES (24, 'generic_element', 'naslov', 'sr-Cyrl', '(2009.) Урбане приче - Милутин Миćиć');
INSERT INTO text (source_id, source_table, field_name, lang, content) VALUES (24, 'generic_element', 'naslov', 'sr', '(2009.) Urbane priče - Milutin Mićić');
INSERT INTO text (source_id, source_table, field_name, lang, content) VALUES (24, 'generic_element', 'opis', 'sr-Cyrl', '(2009.) Урбане приче - Милутин Миćиć');
INSERT INTO text (source_id, source_table, field_name, lang, content) VALUES (24, 'generic_element', 'opis', 'sr', '(2009.) Urbane priče - Milutin Mićić');
INSERT INTO image (generic_element_id, file_path) VALUES (24, '/uploads/knjiga_24.jpg');
INSERT INTO generic_element (id, type, category_id) VALUES (23, 'Produkcija', 12);
INSERT INTO text (source_id, source_table, field_name, lang, content) VALUES (23, 'generic_element', 'naslov', 'sr-Cyrl', '(2010.) Метеори - Александар Đериć');
INSERT INTO text (source_id, source_table, field_name, lang, content) VALUES (23, 'generic_element', 'naslov', 'sr', '(2010.) Meteori - Aleksandar Đerić');
INSERT INTO text (source_id, source_table, field_name, lang, content) VALUES (23, 'generic_element', 'opis', 'sr-Cyrl', '(2010.) Метеори - Александар Đериć');
INSERT INTO text (source_id, source_table, field_name, lang, content) VALUES (23, 'generic_element', 'opis', 'sr', '(2010.) Meteori - Aleksandar Đerić');
INSERT INTO image (generic_element_id, file_path) VALUES (23, '/uploads/knjiga_23.jpg');
INSERT INTO generic_element (id, type, category_id) VALUES (22, 'Produkcija', 12);
INSERT INTO text (source_id, source_table, field_name, lang, content) VALUES (22, 'generic_element', 'naslov', 'sr-Cyrl', '(2010.) Стриполис бр. 2 - часопис интернационалног и ауторског стрипа');
INSERT INTO text (source_id, source_table, field_name, lang, content) VALUES (22, 'generic_element', 'naslov', 'sr', '(2010.) Stripolis br. 2 - časopis internacionalnog i autorskog stripa');
INSERT INTO text (source_id, source_table, field_name, lang, content) VALUES (22, 'generic_element', 'opis', 'sr-Cyrl', '(2010.) Стриполис бр. 2 - часопис интернационалног и ауторског стрипа');
INSERT INTO text (source_id, source_table, field_name, lang, content) VALUES (22, 'generic_element', 'opis', 'sr', '(2010.) Stripolis br. 2 - časopis internacionalnog i autorskog stripa');
INSERT INTO image (generic_element_id, file_path) VALUES (22, '/uploads/knjiga_22.jpg');
INSERT INTO generic_element (id, type, category_id) VALUES (21, 'Produkcija', 12);
INSERT INTO text (source_id, source_table, field_name, lang, content) VALUES (21, 'generic_element', 'naslov', 'sr-Cyrl', '(2011.) Стриполис бр. 3 - часопис интернационалног и ауторског стрипа');
INSERT INTO text (source_id, source_table, field_name, lang, content) VALUES (21, 'generic_element', 'naslov', 'sr', '(2011.) Stripolis br. 3 - časopis internacionalnog i autorskog stripa');
INSERT INTO text (source_id, source_table, field_name, lang, content) VALUES (21, 'generic_element', 'opis', 'sr-Cyrl', '(2011.) Стриполис бр. 3 - часопис интернационалног и ауторског стрипа');
INSERT INTO text (source_id, source_table, field_name, lang, content) VALUES (21, 'generic_element', 'opis', 'sr', '(2011.) Stripolis br. 3 - časopis internacionalnog i autorskog stripa');
INSERT INTO image (generic_element_id, file_path) VALUES (21, '/uploads/knjiga_21.jpg');
INSERT INTO generic_element (id, type, category_id) VALUES (20, 'Produkcija', 12);
INSERT INTO text (source_id, source_table, field_name, lang, content) VALUES (20, 'generic_element', 'naslov', 'sr-Cyrl', '(2012.) Бахово небо - Аца Стојанов');
INSERT INTO text (source_id, source_table, field_name, lang, content) VALUES (20, 'generic_element', 'naslov', 'sr', '(2012.) Bahovo nebo - Aca Stojanov');
INSERT INTO text (source_id, source_table, field_name, lang, content) VALUES (20, 'generic_element', 'opis', 'sr-Cyrl', '(2012.) Бахово небо - Аца Стојанов');
INSERT INTO text (source_id, source_table, field_name, lang, content) VALUES (20, 'generic_element', 'opis', 'sr', '(2012.) Bahovo nebo - Aca Stojanov');
INSERT INTO image (generic_element_id, file_path) VALUES (20, '/uploads/knjiga_20.jpg');
INSERT INTO generic_element (id, type, category_id) VALUES (19, 'Produkcija', 12);
INSERT INTO text (source_id, source_table, field_name, lang, content) VALUES (19, 'generic_element', 'naslov', 'sr-Cyrl', '(2012.) Стриполис бр. 4 - часопис интернационалног и ауторског стрипа');
INSERT INTO text (source_id, source_table, field_name, lang, content) VALUES (19, 'generic_element', 'naslov', 'sr', '(2012.) Stripolis br. 4 - časopis internacionalnog i autorskog stripa');
INSERT INTO text (source_id, source_table, field_name, lang, content) VALUES (19, 'generic_element', 'opis', 'sr-Cyrl', '(2012.) Стриполис бр. 4 - часопис интернационалног и ауторског стрипа');
INSERT INTO text (source_id, source_table, field_name, lang, content) VALUES (19, 'generic_element', 'opis', 'sr', '(2012.) Stripolis br. 4 - časopis internacionalnog i autorskog stripa');
INSERT INTO image (generic_element_id, file_path) VALUES (19, '/uploads/knjiga_19.jpg');
INSERT INTO generic_element (id, type, category_id) VALUES (18, 'Produkcija', 12);
INSERT INTO text (source_id, source_table, field_name, lang, content) VALUES (18, 'generic_element', 'naslov', 'sr-Cyrl', '(2012.) Тито - Тодор Куљиć');
INSERT INTO text (source_id, source_table, field_name, lang, content) VALUES (18, 'generic_element', 'naslov', 'sr', '(2012.) Tito - Todor Kuljić');
INSERT INTO text (source_id, source_table, field_name, lang, content) VALUES (18, 'generic_element', 'opis', 'sr-Cyrl', '(2012.) Тито - Тодор Куљиć');
INSERT INTO text (source_id, source_table, field_name, lang, content) VALUES (18, 'generic_element', 'opis', 'sr', '(2012.) Tito - Todor Kuljić');
INSERT INTO image (generic_element_id, file_path) VALUES (18, '/uploads/knjiga_18.jpg');
INSERT INTO generic_element (id, type, category_id) VALUES (17, 'Produkcija', 12);
INSERT INTO text (source_id, source_table, field_name, lang, content) VALUES (17, 'generic_element', 'naslov', 'sr-Cyrl', '(2012.) ЗРОК: 50 година');
INSERT INTO text (source_id, source_table, field_name, lang, content) VALUES (17, 'generic_element', 'naslov', 'sr', '(2012.) ZROK: 50 godina');
INSERT INTO text (source_id, source_table, field_name, lang, content) VALUES (17, 'generic_element', 'opis', 'sr-Cyrl', '(2012.) ЗРОК: 50 година');
INSERT INTO text (source_id, source_table, field_name, lang, content) VALUES (17, 'generic_element', 'opis', 'sr', '(2012.) ZROK: 50 godina');
INSERT INTO image (generic_element_id, file_path) VALUES (17, '/uploads/knjiga_17.jpg');
INSERT INTO generic_element (id, type, category_id) VALUES (16, 'Produkcija', 12);
INSERT INTO text (source_id, source_table, field_name, lang, content) VALUES (16, 'generic_element', 'naslov', 'sr-Cyrl', '(2013.) Друштвена студија америчког гангстерског филма - Љубомир Маширевиć');
INSERT INTO text (source_id, source_table, field_name, lang, content) VALUES (16, 'generic_element', 'naslov', 'sr', '(2013.) Društvena studija američkog gangsterskog filma - Ljubomir Maširević');
INSERT INTO text (source_id, source_table, field_name, lang, content) VALUES (16, 'generic_element', 'opis', 'sr-Cyrl', '(2013.) Друштвена студија америчког гангстерског филма - Љубомир Маширевиć');
INSERT INTO text (source_id, source_table, field_name, lang, content) VALUES (16, 'generic_element', 'opis', 'sr', '(2013.) Društvena studija američkog gangsterskog filma - Ljubomir Maširević');
INSERT INTO image (generic_element_id, file_path) VALUES (16, '/uploads/knjiga_16.jpg');
INSERT INTO generic_element (id, type, category_id) VALUES (15, 'Produkcija', 12);
INSERT INTO text (source_id, source_table, field_name, lang, content) VALUES (15, 'generic_element', 'naslov', 'sr-Cyrl', '(2013.) Окамењени градови - Милутин Миćиć');
INSERT INTO text (source_id, source_table, field_name, lang, content) VALUES (15, 'generic_element', 'naslov', 'sr', '(2013.) Okamenjeni gradovi - Milutin Mićić');
INSERT INTO text (source_id, source_table, field_name, lang, content) VALUES (15, 'generic_element', 'opis', 'sr-Cyrl', '(2013.) Окамењени градови - Милутин Миćиć');
INSERT INTO text (source_id, source_table, field_name, lang, content) VALUES (15, 'generic_element', 'opis', 'sr', '(2013.) Okamenjeni gradovi - Milutin Mićić');
INSERT INTO image (generic_element_id, file_path) VALUES (15, '/uploads/knjiga_15.jpg');
INSERT INTO generic_element (id, type, category_id) VALUES (14, 'Produkcija', 12);
INSERT INTO text (source_id, source_table, field_name, lang, content) VALUES (14, 'generic_element', 'naslov', 'sr-Cyrl', '(2013.) Стриполис бр. 5 - часопис интернационалног и ауторског стрипа');
INSERT INTO text (source_id, source_table, field_name, lang, content) VALUES (14, 'generic_element', 'naslov', 'sr', '(2013.) Stripolis br. 5 - časopis internacionalnog i autorskog stripa');
INSERT INTO text (source_id, source_table, field_name, lang, content) VALUES (14, 'generic_element', 'opis', 'sr-Cyrl', '(2013.) Стриполис бр. 5 - часопис интернационалног и ауторског стрипа');
INSERT INTO text (source_id, source_table, field_name, lang, content) VALUES (14, 'generic_element', 'opis', 'sr', '(2013.) Stripolis br. 5 - časopis internacionalnog i autorskog stripa');
INSERT INTO image (generic_element_id, file_path) VALUES (14, '/uploads/knjiga_14.jpg');
INSERT INTO generic_element (id, type, category_id) VALUES (13, 'Produkcija', 12);
INSERT INTO text (source_id, source_table, field_name, lang, content) VALUES (13, 'generic_element', 'naslov', 'sr-Cyrl', '(2014.) Стриполис бр. 6 - часопис интернационалног и ауторског стрипа');
INSERT INTO text (source_id, source_table, field_name, lang, content) VALUES (13, 'generic_element', 'naslov', 'sr', '(2014.) Stripolis br. 6 - časopis internacionalnog i autorskog stripa');
INSERT INTO text (source_id, source_table, field_name, lang, content) VALUES (13, 'generic_element', 'opis', 'sr-Cyrl', '(2014.) Стриполис бр. 6 - часопис интернационалног и ауторског стрипа');
INSERT INTO text (source_id, source_table, field_name, lang, content) VALUES (13, 'generic_element', 'opis', 'sr', '(2014.) Stripolis br. 6 - časopis internacionalnog i autorskog stripa');
INSERT INTO image (generic_element_id, file_path) VALUES (13, '/uploads/knjiga_13.jpg');
INSERT INTO generic_element (id, type, category_id) VALUES (12, 'Produkcija', 12);
INSERT INTO text (source_id, source_table, field_name, lang, content) VALUES (12, 'generic_element', 'naslov', 'sr-Cyrl', '(2015.) Стриполис бр. 7 - часопис интернационалног и ауторског стрипа');
INSERT INTO text (source_id, source_table, field_name, lang, content) VALUES (12, 'generic_element', 'naslov', 'sr', '(2015.) Stripolis br. 7 - časopis internacionalnog i autorskog stripa');
INSERT INTO text (source_id, source_table, field_name, lang, content) VALUES (12, 'generic_element', 'opis', 'sr-Cyrl', '(2015.) Стриполис бр. 7 - часопис интернационалног и ауторског стрипа');
INSERT INTO text (source_id, source_table, field_name, lang, content) VALUES (12, 'generic_element', 'opis', 'sr', '(2015.) Stripolis br. 7 - časopis internacionalnog i autorskog stripa');
INSERT INTO image (generic_element_id, file_path) VALUES (12, '/uploads/knjiga_12.jpg');
INSERT INTO generic_element (id, type, category_id) VALUES (11, 'Produkcija', 12);
INSERT INTO text (source_id, source_table, field_name, lang, content) VALUES (11, 'generic_element', 'naslov', 'sr-Cyrl', '(2016.) Стриполис бр. 8 - часопис интернационалног и ауторског стрипа');
INSERT INTO text (source_id, source_table, field_name, lang, content) VALUES (11, 'generic_element', 'naslov', 'sr', '(2016.) Stripolis br. 8 - časopis internacionalnog i autorskog stripa');
INSERT INTO text (source_id, source_table, field_name, lang, content) VALUES (11, 'generic_element', 'opis', 'sr-Cyrl', '(2016.) Стриполис бр. 8 - часопис интернационалног и ауторског стрипа');
INSERT INTO text (source_id, source_table, field_name, lang, content) VALUES (11, 'generic_element', 'opis', 'sr', '(2016.) Stripolis br. 8 - časopis internacionalnog i autorskog stripa');
INSERT INTO image (generic_element_id, file_path) VALUES (11, '/uploads/knjiga_11.jpg');
INSERT INTO generic_element (id, type, category_id) VALUES (10, 'Produkcija', 12);
INSERT INTO text (source_id, source_table, field_name, lang, content) VALUES (10, 'generic_element', 'naslov', 'sr-Cyrl', '(2017.) Стриполис бр. 9 - часопис интернационалног и ауторског стрипа');
INSERT INTO text (source_id, source_table, field_name, lang, content) VALUES (10, 'generic_element', 'naslov', 'sr', '(2017.) Stripolis br. 9 - časopis internacionalnog i autorskog stripa');
INSERT INTO text (source_id, source_table, field_name, lang, content) VALUES (10, 'generic_element', 'opis', 'sr-Cyrl', '(2017.) Стриполис бр. 9 - часопис интернационалног и ауторског стрипа');
INSERT INTO text (source_id, source_table, field_name, lang, content) VALUES (10, 'generic_element', 'opis', 'sr', '(2017.) Stripolis br. 9 - časopis internacionalnog i autorskog stripa');
INSERT INTO image (generic_element_id, file_path) VALUES (10, '/uploads/knjiga_10.jpg');
INSERT INTO generic_element (id, type, category_id) VALUES (9, 'Produkcija', 12);
INSERT INTO text (source_id, source_table, field_name, lang, content) VALUES (9, 'generic_element', 'naslov', 'sr-Cyrl', '(2018.) Стриполис бр. 10 - часопис интернационалног и ауторског стрипа');
INSERT INTO text (source_id, source_table, field_name, lang, content) VALUES (9, 'generic_element', 'naslov', 'sr', '(2018.) Stripolis br. 10 - časopis internacionalnog i autorskog stripa');
INSERT INTO text (source_id, source_table, field_name, lang, content) VALUES (9, 'generic_element', 'opis', 'sr-Cyrl', '(2018.) Стриполис бр. 10 - часопис интернационалног и ауторског стрипа');
INSERT INTO text (source_id, source_table, field_name, lang, content) VALUES (9, 'generic_element', 'opis', 'sr', '(2018.) Stripolis br. 10 - časopis internacionalnog i autorskog stripa');
INSERT INTO image (generic_element_id, file_path) VALUES (9, '/uploads/knjiga_9.jpg');
INSERT INTO generic_element (id, type, category_id) VALUES (8, 'Produkcija', 12);
INSERT INTO text (source_id, source_table, field_name, lang, content) VALUES (8, 'generic_element', 'naslov', 'sr-Cyrl', '(2019.) Чудесни свет одрастања и чула - Милутин Мичич');
INSERT INTO text (source_id, source_table, field_name, lang, content) VALUES (8, 'generic_element', 'naslov', 'sr', '(2019.) Čudesni svet odrastanja i čula - Milutin Mičič');
INSERT INTO text (source_id, source_table, field_name, lang, content) VALUES (8, 'generic_element', 'opis', 'sr-Cyrl', '(2019.) Чудесни свет одрастања и чула - Милутин Мичич');
INSERT INTO text (source_id, source_table, field_name, lang, content) VALUES (8, 'generic_element', 'opis', 'sr', '(2019.) Čudesni svet odrastanja i čula - Milutin Mičič');
INSERT INTO image (generic_element_id, file_path) VALUES (8, '/uploads/knjiga_8.jpg');
INSERT INTO generic_element (id, type, category_id) VALUES (7, 'Produkcija', 12);
INSERT INTO text (source_id, source_table, field_name, lang, content) VALUES (7, 'generic_element', 'naslov', 'sr-Cyrl', '(2019.) Стопе у сенама ратникове крви - Томислав Говедарица');
INSERT INTO text (source_id, source_table, field_name, lang, content) VALUES (7, 'generic_element', 'naslov', 'sr', '(2019.) Stope u senama ratnikove krvi - Tomislav Govedarica');
INSERT INTO text (source_id, source_table, field_name, lang, content) VALUES (7, 'generic_element', 'opis', 'sr-Cyrl', '(2019.) Стопе у сенама ратникове крви - Томислав Говедарица');
INSERT INTO text (source_id, source_table, field_name, lang, content) VALUES (7, 'generic_element', 'opis', 'sr', '(2019.) Stope u senama ratnikove krvi - Tomislav Govedarica');
INSERT INTO image (generic_element_id, file_path) VALUES (7, '/uploads/knjiga_7.jpg');
INSERT INTO generic_element (id, type, category_id) VALUES (6, 'Produkcija', 12);
INSERT INTO text (source_id, source_table, field_name, lang, content) VALUES (6, 'generic_element', 'naslov', 'sr-Cyrl', '(2019.) Стриполис бр. 11 - часопис интернационалног и ауторског стрипа');
INSERT INTO text (source_id, source_table, field_name, lang, content) VALUES (6, 'generic_element', 'naslov', 'sr', '(2019.) Stripolis br. 11 - časopis internacionalnog i autorskog stripa');
INSERT INTO text (source_id, source_table, field_name, lang, content) VALUES (6, 'generic_element', 'opis', 'sr-Cyrl', '(2019.) Стриполис бр. 11 - часопис интернационалног и ауторског стрипа');
INSERT INTO text (source_id, source_table, field_name, lang, content) VALUES (6, 'generic_element', 'opis', 'sr', '(2019.) Stripolis br. 11 - časopis internacionalnog i autorskog stripa');
INSERT INTO image (generic_element_id, file_path) VALUES (6, '/uploads/knjiga_6.jpg');
INSERT INTO generic_element (id, type, category_id) VALUES (5, 'Produkcija', 12);
INSERT INTO text (source_id, source_table, field_name, lang, content) VALUES (5, 'generic_element', 'naslov', 'sr-Cyrl', '(2020.) Равницом, распевано');
INSERT INTO text (source_id, source_table, field_name, lang, content) VALUES (5, 'generic_element', 'naslov', 'sr', '(2020.) Ravnicom, raspevano');
INSERT INTO text (source_id, source_table, field_name, lang, content) VALUES (5, 'generic_element', 'opis', 'sr-Cyrl', '(2020.) Равницом, распевано');
INSERT INTO text (source_id, source_table, field_name, lang, content) VALUES (5, 'generic_element', 'opis', 'sr', '(2020.) Ravnicom, raspevano');
INSERT INTO image (generic_element_id, file_path) VALUES (5, '/uploads/knjiga_5.jpg');
INSERT INTO generic_element (id, type, category_id) VALUES (4, 'Produkcija', 12);
INSERT INTO text (source_id, source_table, field_name, lang, content) VALUES (4, 'generic_element', 'naslov', 'sr-Cyrl', '(2020.) Стриполис бр. 12 - часопис интернационалног и ауторског стрипа');
INSERT INTO text (source_id, source_table, field_name, lang, content) VALUES (4, 'generic_element', 'naslov', 'sr', '(2020.) Stripolis br. 12 - časopis internacionalnog i autorskog stripa');
INSERT INTO text (source_id, source_table, field_name, lang, content) VALUES (4, 'generic_element', 'opis', 'sr-Cyrl', '(2020.) Стриполис бр. 12 - часопис интернационалног и ауторског стрипа');
INSERT INTO text (source_id, source_table, field_name, lang, content) VALUES (4, 'generic_element', 'opis', 'sr', '(2020.) Stripolis br. 12 - časopis internacionalnog i autorskog stripa');
INSERT INTO image (generic_element_id, file_path) VALUES (4, '/uploads/knjiga_4.jpg');
INSERT INTO generic_element (id, type, category_id) VALUES (3, 'Produkcija', 12);
INSERT INTO text (source_id, source_table, field_name, lang, content) VALUES (3, 'generic_element', 'naslov', 'sr-Cyrl', '(2021.) Стриполис бр. 13 - часопис интернационалног и ауторског стрипа');
INSERT INTO text (source_id, source_table, field_name, lang, content) VALUES (3, 'generic_element', 'naslov', 'sr', '(2021.) Stripolis br. 13 - časopis internacionalnog i autorskog stripa');
INSERT INTO text (source_id, source_table, field_name, lang, content) VALUES (3, 'generic_element', 'opis', 'sr-Cyrl', '(2021.) Стриполис бр. 13 - часопис интернационалног и ауторског стрипа');
INSERT INTO text (source_id, source_table, field_name, lang, content) VALUES (3, 'generic_element', 'opis', 'sr', '(2021.) Stripolis br. 13 - časopis internacionalnog i autorskog stripa');
INSERT INTO image (generic_element_id, file_path) VALUES (3, '/uploads/knjiga_3.jpg');
INSERT INTO generic_element (id, type, category_id) VALUES (2, 'Produkcija', 12);
INSERT INTO text (source_id, source_table, field_name, lang, content) VALUES (2, 'generic_element', 'naslov', 'sr-Cyrl', '(2022.) Стриполис бр. 14 - часопис интернационалног и ауторског стрипа');
INSERT INTO text (source_id, source_table, field_name, lang, content) VALUES (2, 'generic_element', 'naslov', 'sr', '(2022.) Stripolis br. 14 - časopis internacionalnog i autorskog stripa');
INSERT INTO text (source_id, source_table, field_name, lang, content) VALUES (2, 'generic_element', 'opis', 'sr-Cyrl', '(2022.) Стриполис бр. 14 - часопис интернационалног и ауторског стрипа');
INSERT INTO text (source_id, source_table, field_name, lang, content) VALUES (2, 'generic_element', 'opis', 'sr', '(2022.) Stripolis br. 14 - časopis internacionalnog i autorskog stripa');
INSERT INTO image (generic_element_id, file_path) VALUES (2, '/uploads/knjiga_2.jpg');
INSERT INTO generic_element (id, type, category_id) VALUES (1, 'Produkcija', 12);
INSERT INTO text (source_id, source_table, field_name, lang, content) VALUES (1, 'generic_element', 'naslov', 'sr-Cyrl', '(2023.) Стриполис бр. 15 - часопис интернационалног и ауторског стрипа');
INSERT INTO text (source_id, source_table, field_name, lang, content) VALUES (1, 'generic_element', 'naslov', 'sr', '(2023.) Stripolis br. 15 - časopis internacionalnog i autorskog stripa');
INSERT INTO text (source_id, source_table, field_name, lang, content) VALUES (1, 'generic_element', 'opis', 'sr-Cyrl', '(2023.) Стриполис бр. 15 - часопис интернационалног и ауторског стрипа');
INSERT INTO text (source_id, source_table, field_name, lang, content) VALUES (1, 'generic_element', 'opis', 'sr', '(2023.) Stripolis br. 15 - časopis internacionalnog i autorskog stripa');
INSERT INTO image (generic_element_id, file_path) VALUES (1, '/uploads/knjiga_1.jpg');

-- Kraj SQL fajla
