-- PODEŠAVANJA ZA UTF8 (ĆIRILICA) PRE INSERTOVANJA
SET NAMES utf8mb4;
SET CHARACTER SET utf8mb4;
SET COLLATION_CONNECTION = utf8mb4_unicode_ci;

INSERT INTO generic_element (id, type, category_id) VALUES (42, 'Vesti', 1);
INSERT INTO text (source_id, source_table, field_name, lang, content) VALUES (42, 'generic_element', 'naslov', 'sr-Cyrl', 'ЦРКВЕНЕ АРХИВАЛИЈЕ О КОРЕНИМА БАНАТСКИХ СРБА');
INSERT INTO text (source_id, source_table, field_name, lang, content) VALUES (42, 'generic_element', 'naslov', 'sr', 'CRKVENE ARHIVALIJE O KORENIMA BANATSKIH SRBA');
INSERT INTO text (source_id, source_table, field_name, lang, content) VALUES (42, 'generic_element', 'opis', 'sr-Cyrl', 'Aрхива најстаријег храма Успења Пресвете Богородице или Саборне Цркве дуго је стајала запуштена стицајем различитих историјских околности. Свештенство, које је до сада брижљиво чувало документа па и она највреднија није имало потребно знање, могућности да се ухвати у коштац са овим обимним послом.
Ради се о веома дугом периоду у коме је  Српска Православна Црква  између 1746-1946 године, сакупила и сачувала огроман број докумената. Млади историчар Слободан Милин је имао идеју и знање да се прихвати овог обимног посла уз помоћ стручњака из Историјског архива Зрењанина.
Изложба под називом „Српска православна црква у
Зрењанину 1746-1946.“ отворена је на дан преноса моштију Св. Саве у изложбеном
салону Историјског архива, у улици Народног фронта. Отварању су присуствовали и
градоначелник Зрењанина Чедомир Јањић , његов помоћник Симо Салапура и посланик
у Скупштини Републике Србије Мирко Крлић.
Аутор изложбе је историчар архивист Слободан Милин,  је  уручио градоначелнику Чедомиру Јањићу копију прве стране Домовног протокола – попис домаћинстава из 1746. Године, који је за ову прилику специјално штампала наша Народна библиотека.
Некадашњи професор младог историчара, старији
колега Игор Мицов је свечано отворио изложбу а потом говорио о значају
сређивања ове архиве и значају приказаних експоната, за Петровград.орг.
„Најзначајнији експонат на овој изложби је
Домовни протокол из 1746. године који се чувао у СПЦ. Те године, кажу
документи, Срби су били апсолутна већина у овом граду. Ови документи нам говоре
да је најстарија установа у нашем граду Успенска Црква која се налази у
Светосавској улици која је изграђена 1746. године.“
Протонамесник храма Успења ПресветеБогородице
отац Радивој Нађалин је говорио о почетку сарадње са младим историчарем и
вредним документима.
„Штампано Јеванђеље, црквенословенска Србуља из 1633 године, које овде видимо је било у богослужбеној употреби и право је чудо што је потпуно очувано. Како је време одмицало оно више није за богослужбену употребу али је задржало своју историјску вредност. А што се тиче Домовног протокола о његовом значају за Српски народ су уважени историчари довољно рекли. Слободан је наше дете из Цркве,  честит а не надри историчар, лепо смо сарађивали и он је лепо средио наш Црквени архив. Битно је да сад знамо где се шта налази. Покојни отац Веља Мунџић је чувао протокол а после смо га чували отац Слађан и ја. Знали смо да је вредан али ево, сада и шира јавност може да га види.“ – казао је отац Радивој Нађалин.
Историчар архивист Слободан Милин је годину дана напорно радио на сређивању архива уз помоћ искусног вишег помоћника архивисте Жељка Бајића и архивисте Горана Живића а круна рада је ова изложба.
„Ова изложба је сачињена од докумената које
потичу из Црквене архиве. То су Црквене архиварије које су прворазредан извор
за историју не само нашег града већ српског народа на овим нашим банатским
просторима. Они сведоче да је српски народ овде био укорењен, да је представљао
аутохтоно староседелачко становништво и да је имао изграђену инстутуцију. Он у
то време није имао своју државу али је имао своју Цркву. Са том институциом он
је дочекао ослобођење 1918.године.“
На отварању је говорила и директорка Историјског архива Зрењанин Мирјана Баста која је препознала ову идеју као добру и дала младом историчару сву неопходну помоћ у виду сарадника запослених у овој институцији.Сарадници на реализацији овог значајног пројекта су били Бранислав Милошев и Ванда Војводић Мицова.
Хор Жене Мироносице под  диригентском палицом Зорице Кецић је увеличао
ово отварање изложбе извођењем композиција : „ Покров Пресвете Богородице“ и
„Химна Светом Сави“. Новинарка Бранка Јајић је извела два пригодна духовна
рецитала.
Јавност је коначно добила прилику да види
документа која говоре о континуитету живљења Срба у овом делу Баната. Читајући
ове документе, постаје јасније зашто се овај простор у аустријским документима
називао „Мала Рашка“ или Србија.
Аутор текста: архивист Саша Младеновић');
INSERT INTO text (source_id, source_table, field_name, lang, content) VALUES (42, 'generic_element', 'opis', 'sr', 'Arhiva najstarijeg hrama Uspenja Presvete Bogorodice ili Saborne Crkve dugo je stajala zapuštena sticajem različitih istorijskih okolnosti. Sveštenstvo, koje je do sada brižljivo čuvalo dokumenta pa i ona najvrednija nije imalo potrebno znanje, mogućnosti da se uhvati u koštac sa ovim obimnim poslom.
Radi se o veoma dugom periodu u kome je  Srpska Pravoslavna Crkva  izmedju 1746-1946 godine, sakupila i sačuvala ogroman broj dokumenata. Mladi istoričar Slobodan Milin je imao ideju i znanje da se prihvati ovog obimnog posla uz pomoć stručnjaka iz Istorijskog arhiva Zrenjanina.
Izložba pod nazivom „Srpska pravoslavna crkva u
Zrenjaninu 1746-1946.“ otvorena je na dan prenosa moštiju Sv. Save u izložbenom
salonu Istorijskog arhiva, u ulici Narodnog fronta. Otvaranju su prisustvovali i
gradonačelnik Zrenjanina Čedomir Janjić , njegov pomoćnik Simo Salapura i poslanik
u Skupštini Republike Srbije Mirko Krlić.
Autor izložbe je istoričar arhivist Slobodan Milin,  je  uručio gradonačelniku Čedomiru Janjiću kopiju prve strane Domovnog protokola – popis domaćinstava iz 1746. Godine, koji je za ovu priliku specijalno štampala naša Narodna biblioteka.
Nekadašnji profesor mladog istoričara, stariji
kolega Igor Micov je svečano otvorio izložbu a potom govorio o značaju
sredjivanja ove arhive i značaju prikazanih eksponata, za Petrovgrad.org.
„Najznačajniji eksponat na ovoj izložbi je
Domovni protokol iz 1746. godine koji se čuvao u SPC. Te godine, kažu
dokumenti, Srbi su bili apsolutna većina u ovom gradu. Ovi dokumenti nam govore
da je najstarija ustanova u našem gradu Uspenska Crkva koja se nalazi u
Svetosavskoj ulici koja je izgradjena 1746. godine.“
Protonamesnik hrama Uspenja PresveteBogorodice
otac Radivoj Nadjalin je govorio o početku saradnje sa mladim istoričarem i
vrednim dokumentima.
„Štampano Jevandjelje, crkvenoslovenska Srbulja iz 1633 godine, koje ovde vidimo je bilo u bogoslužbenoj upotrebi i pravo je čudo što je potpuno očuvano. Kako je vreme odmicalo ono više nije za bogoslužbenu upotrebu ali je zadržalo svoju istorijsku vrednost. A što se tiče Domovnog protokola o njegovom značaju za Srpski narod su uvaženi istoričari dovoljno rekli. Slobodan je naše dete iz Crkve,  čestit a ne nadri istoričar, lepo smo saradjivali i on je lepo sredio naš Crkveni arhiv. Bitno je da sad znamo gde se šta nalazi. Pokojni otac Velja Mundžić je čuvao protokol a posle smo ga čuvali otac Sladjan i ja. Znali smo da je vredan ali evo, sada i šira javnost može da ga vidi.“ – kazao je otac Radivoj Nadjalin.
Istoričar arhivist Slobodan Milin je godinu dana naporno radio na sredjivanju arhiva uz pomoć iskusnog višeg pomoćnika arhiviste Željka Bajića i arhiviste Gorana Živića a kruna rada je ova izložba.
„Ova izložba je sačinjena od dokumenata koje
potiču iz Crkvene arhive. To su Crkvene arhivarije koje su prvorazredan izvor
za istoriju ne samo našeg grada već srpskog naroda na ovim našim banatskim
prostorima. Oni svedoče da je srpski narod ovde bio ukorenjen, da je predstavljao
autohtono starosedelačko stanovništvo i da je imao izgradjenu instutuciju. On u
to vreme nije imao svoju državu ali je imao svoju Crkvu. Sa tom instituciom on
je dočekao oslobodjenje 1918.godine.“
Na otvaranju je govorila i direktorka Istorijskog arhiva Zrenjanin Mirjana Basta koja je prepoznala ovu ideju kao dobru i dala mladom istoričaru svu neophodnu pomoć u vidu saradnika zaposlenih u ovoj instituciji.Saradnici na realizaciji ovog značajnog projekta su bili Branislav Milošev i Vanda Vojvodić Micova.
Hor Žene Mironosice pod  dirigentskom palicom Zorice Kecić je uveličao
ovo otvaranje izložbe izvodjenjem kompozicija : „ Pokrov Presvete Bogorodice“ i
„Himna Svetom Savi“. Novinarka Branka Jajić je izvela dva prigodna duhovna
recitala.
Javnost je konačno dobila priliku da vidi
dokumenta koja govore o kontinuitetu življenja Srba u ovom delu Banata. Čitajući
ove dokumente, postaje jasnije zašto se ovaj prostor u austrijskim dokumentima
nazivao „Mala Raška“ ili Srbija.
Autor teksta: arhivist Saša Mladenović');
INSERT INTO image (generic_element_id, file_path) VALUES (42, '/uploads/vest_42_0.jpg');
INSERT INTO image (generic_element_id, file_path) VALUES (42, '/uploads/vest_42_1.jpg');
INSERT INTO image (generic_element_id, file_path) VALUES (42, '/uploads/vest_42_2.jpg');
INSERT INTO image (generic_element_id, file_path) VALUES (42, '/uploads/vest_42_3.jpg');
INSERT INTO image (generic_element_id, file_path) VALUES (42, '/uploads/vest_42_4.jpg');
INSERT INTO image (generic_element_id, file_path) VALUES (42, '/uploads/vest_42_5.jpg');
INSERT INTO image (generic_element_id, file_path) VALUES (42, '/uploads/vest_42_6.jpg');
INSERT INTO image (generic_element_id, file_path) VALUES (42, '/uploads/vest_42_7.jpg');
INSERT INTO image (generic_element_id, file_path) VALUES (42, '/uploads/vest_42_8.jpg');
INSERT INTO image (generic_element_id, file_path) VALUES (42, '/uploads/vest_42_9.jpg');
INSERT INTO image (generic_element_id, file_path) VALUES (42, '/uploads/vest_42_10.jpg');
INSERT INTO image (generic_element_id, file_path) VALUES (42, '/uploads/vest_42_11.jpg');
INSERT INTO generic_element (id, type, category_id) VALUES (41, 'Vesti', 1);
INSERT INTO text (source_id, source_table, field_name, lang, content) VALUES (41, 'generic_element', 'naslov', 'sr-Cyrl', 'ЈУБИЛЕЈ И ПОТПИСИВАЊЕ ПРОТОКОЛА О САРАДЊИ У АРХИВУ – ИНСТИТУЦИЈА СА ВЕЛИКИМ „И“');
INSERT INTO text (source_id, source_table, field_name, lang, content) VALUES (41, 'generic_element', 'naslov', 'sr', 'JUBILEJ I POTPISIVANjE PROTOKOLA O SARADNjI U ARHIVU – INSTITUCIJA SA VELIKIM „I“');
INSERT INTO text (source_id, source_table, field_name, lang, content) VALUES (41, 'generic_element', 'opis', 'sr-Cyrl', 'У изложбеном салону Историjског архива Зрењанин потписан је свечано протокол о сарадњи те установе, Градске народне библиотеке “Жарко Зрењанин” и НИП “Зрењанин”. Догађај се поклопио са јубилејима, седамдесетом годишњицом Историjског архива и шездесет петом годишњицом листа “Зрењанин”. Историjски архив је за ову прилику приредио изложбу под називом “Историjски архив Зрењанин, институциjа са великим “И”.
Потписе на протокол о сарадњи ставили су директорка Историjског архива Зрењанин Мирјана Баста, директор Градске народне библиотеке Милан Бjелогрлић и главни и одговорни уредник листа “Зрењанин” Далибор Бубњевић.
Потписивању су присуствовали градоначелника
Зрењанина Чедомир Jањић, начелница Средњебанатског управног округа Снежане
Вучуревић, представници политичког, привредног и културног живота града.
Ову идеју је покренула директорка архива Мирјана Баста, како би се омогућило стављање архивских ресурса на увид свим грађанима.
“Наша jе жеља да што више користимо савремене
трендове дигитализациjе, а jедан од првих делова наше грађе коjи jе
дигитализован су управо примерци листа “Зрењанин”, од првог до последњег броjа,
и коjи ће након овог нашег проjекта бити доступни грађанима и корисницима наших
услуга и путем саjтова, путем библиотеке, или наше читаонице. Наша jе и обавеза
према широj заjедници да омогућимо што бољи приступ архивскоj грађи свима
коjима jе она, из различитих разлога, потребна”, обjаснила jе Баста.
Градоначелник Зрењанина Чедомир Jањић изразио jе
задовољство што присуствуjе обележавању две значаjне годишњице.
“Драго ми што Историjски архив чува грађу коjа jе
све доступниjа нашим грађанима, али и што сваке недеље излази наш локални лист,
коjи такође представља неку архивску грађу за будућност. Подсетићу на ону
крилатицу давно изречену, да оно што ниjе обjављено у листу “Зрењанин” ниjе се
ни десило у граду”, нагласио jе градоначелник Јањић.
Овом приликом Историjском архиву уручена jе и донациjа Воjвођанске банке од десет персоналних рачунара, а тим поводом присутнима се обратио директор зрењанинске филиjале те банке Милан Лисов. Директорка архива Мирјана Баста се захвалила на вредној донацији и позвала и остале привреднике да уложе средства у српску културу јер је то од општег интереса.
Пригодним обраћањима, о годишњици листа „Зрењанин“
и значаjу потписаног протокола о сарадњи говорили су и Далибор Бубњевић и Милан
Бjелогрлић. Бјелогрлић је у свом маниру, доброг говорника, изазвао пажњу свих
присутних тврдњом, да се и библиотека придружује овим јубилејима, гледајући са
кавкаских висина. Наиме, како је објаснио, следеће године се навршава 157
година од оснивања ове институције српске културе у нашем граду.
Изложбу “Историjски архив Зрењанин, институциjа са великим “И” представио jе аутор,  архивиста историчар др Филип Крчмар.
Аутор текста: архивист Саша Младеновић');
INSERT INTO text (source_id, source_table, field_name, lang, content) VALUES (41, 'generic_element', 'opis', 'sr', 'U izložbenom salonu Istorijskog arhiva Zrenjanin potpisan je svečano protokol o saradnji te ustanove, Gradske narodne biblioteke “Žarko Zrenjanin” i NIP “Zrenjanin”. Dogadjaj se poklopio sa jubilejima, sedamdesetom godišnjicom Istorijskog arhiva i šezdeset petom godišnjicom lista “Zrenjanin”. Istorijski arhiv je za ovu priliku priredio izložbu pod nazivom “Istorijski arhiv Zrenjanin, institucija sa velikim “I”.
Potpise na protokol o saradnji stavili su direktorka Istorijskog arhiva Zrenjanin Mirjana Basta, direktor Gradske narodne biblioteke Milan Bjelogrlić i glavni i odgovorni urednik lista “Zrenjanin” Dalibor Bubnjević.
Potpisivanju su prisustvovali gradonačelnika
Zrenjanina Čedomir Janjić, načelnica Srednjebanatskog upravnog okruga Snežane
Vučurević, predstavnici političkog, privrednog i kulturnog života grada.
Ovu ideju je pokrenula direktorka arhiva Mirjana Basta, kako bi se omogućilo stavljanje arhivskih resursa na uvid svim gradjanima.
“Naša je želja da što više koristimo savremene
trendove digitalizacije, a jedan od prvih delova naše gradje koji je
digitalizovan su upravo primerci lista “Zrenjanin”, od prvog do poslednjeg broja,
i koji će nakon ovog našeg projekta biti dostupni gradjanima i korisnicima naših
usluga i putem sajtova, putem biblioteke, ili naše čitaonice. Naša je i obaveza
prema široj zajednici da omogućimo što bolji pristup arhivskoj gradji svima
kojima je ona, iz različitih razloga, potrebna”, objasnila je Basta.
Gradonačelnik Zrenjanina Čedomir Janjić izrazio je
zadovoljstvo što prisustvuje obeležavanju dve značajne godišnjice.
“Drago mi što Istorijski arhiv čuva gradju koja je
sve dostupnija našim gradjanima, ali i što svake nedelje izlazi naš lokalni list,
koji takodje predstavlja neku arhivsku gradju za budućnost. Podsetiću na onu
krilaticu davno izrečenu, da ono što nije objavljeno u listu “Zrenjanin” nije se
ni desilo u gradu”, naglasio je gradonačelnik Janjić.
Ovom prilikom Istorijskom arhivu uručena je i donacija Vojvodjanske banke od deset personalnih računara, a tim povodom prisutnima se obratio direktor zrenjaninske filijale te banke Milan Lisov. Direktorka arhiva Mirjana Basta se zahvalila na vrednoj donaciji i pozvala i ostale privrednike da ulože sredstva u srpsku kulturu jer je to od opšteg interesa.
Prigodnim obraćanjima, o godišnjici lista „Zrenjanin“
i značaju potpisanog protokola o saradnji govorili su i Dalibor Bubnjević i Milan
Bjelogrlić. Bjelogrlić je u svom maniru, dobrog govornika, izazvao pažnju svih
prisutnih tvrdnjom, da se i biblioteka pridružuje ovim jubilejima, gledajući sa
kavkaskih visina. Naime, kako je objasnio, sledeće godine se navršava 157
godina od osnivanja ove institucije srpske kulture u našem gradu.
Izložbu “Istorijski arhiv Zrenjanin, institucija sa velikim “I” predstavio je autor,  arhivista istoričar dr Filip Krčmar.
Autor teksta: arhivist Saša Mladenović');
INSERT INTO image (generic_element_id, file_path) VALUES (41, '/uploads/vest_41_0.jpg');
INSERT INTO image (generic_element_id, file_path) VALUES (41, '/uploads/vest_41_1.jpg');
INSERT INTO image (generic_element_id, file_path) VALUES (41, '/uploads/vest_41_2.jpg');
INSERT INTO image (generic_element_id, file_path) VALUES (41, '/uploads/vest_41_3.jpg');
INSERT INTO image (generic_element_id, file_path) VALUES (41, '/uploads/vest_41_4.jpg');
INSERT INTO image (generic_element_id, file_path) VALUES (41, '/uploads/vest_41_5.jpg');
INSERT INTO image (generic_element_id, file_path) VALUES (41, '/uploads/vest_41_6.jpg');
INSERT INTO image (generic_element_id, file_path) VALUES (41, '/uploads/vest_41_7.jpg');
INSERT INTO image (generic_element_id, file_path) VALUES (41, '/uploads/vest_41_8.jpg');
INSERT INTO generic_element (id, type, category_id) VALUES (40, 'Vesti', 1);
INSERT INTO text (source_id, source_table, field_name, lang, content) VALUES (40, 'generic_element', 'naslov', 'sr-Cyrl', 'ИСТОРИЈА АРХИВА НА ТРГУ СЛОБОДЕ');
INSERT INTO text (source_id, source_table, field_name, lang, content) VALUES (40, 'generic_element', 'naslov', 'sr', 'ISTORIJA ARHIVA NA TRGU SLOBODE');
INSERT INTO text (source_id, source_table, field_name, lang, content) VALUES (40, 'generic_element', 'opis', 'sr-Cyrl', 'Поводом обележавања 70 година од свог оснивања (1947–2017), Историјски архив Зрењанин је уприличио отварање изложбе под називом „Ризница нашег памћења“, које се одржала у петак, 14. јула у 18.30 на Тргу слободе. Изложбу је отвориo заменик градоначелника Зрењанина Саша Сантовац.
У оквиру поставке, на укупно 15 паноа димензија 1,95 х 1,45 m, представљен је делић богатог архивског наслеђа које се чува у депоима зрењанинског архива: старе повеље, мапе и планови, плакати, дипломе, новине, фотографије и разгледнице, Осим тога, у кратким цртама представљена је хронологија архивске установе у Зрењанину, њена библиотека, издавачка и изложбена делатност.
Аутор изложбе, која је била доступна јавности током летњих месеци је архивист историчар др Филип Крчмар а дизајн поставке урадила је Данка Јечменица. Изложбу реализује Историјски архив Зрењанин уз подршку Министарства културе и информисања Републике Србије и Града Зрењанина.
Историјски архив Зрењанин почео је са радом 1. августа 1947. године, на основу Решења Главног извршног одбора Народне скупштине Аутономне покрајине Војводине донетог две недеље раније (16. јула), којим је чувени петровградски чиновник и богослов Тимотеј Тима Рајић постављен за руководиоца ондашњег Зрењанинског подручја. Тачан датум годишњице био је у недељу, те је стога датум отварања изложбе померен на 14. јул. Архив се у почетку налазио у просторијама Градског музеја у тзв. Јанковићевој кући поред Великог моста, да би у зиму 1951/1952. био пресељен у лево крило зграде Народног одбора, општине Зрењанин, Жупанијске и среске зграде где се и данас налази.
Подсећања ради, Архив је пре 10 година прославио
свој 60. рођендан отварањем Изложбеног салона у улици Народног фронта 5
(прекопута „Партизана”), а том приликом је штампана и прва свеска „Водича кроз
архивске фондове Историјског архива Зрењанин“. Ове године, у намери да обележи
70 година постојања и рада, Архив се у фебруару пријавио на конкурс
Министарства културе и информисања Републике Србије са пројектом под називом
„Седамдесет година Историјског архива Зрењанин (1947–2017)“, а у априлу је
добио одговор да су у ту сврху обезбеђена и одговарајућа средства. Овим
пројектом је предвиђен циклус програмских активности који обухвата две изложбе
и публиковање репрезентативне монографије („споменице”) о Архиву.
Изложба „Ризница нашег памћења“ која је отварена у петак прва је у низу тих активности, док је реализација преостале две предвиђена до краја 2017. године.
Аутор текста: архивист Саша Младеновић (Фото: Александар С. Блануша)');
INSERT INTO text (source_id, source_table, field_name, lang, content) VALUES (40, 'generic_element', 'opis', 'sr', 'Povodom obeležavanja 70 godina od svog osnivanja (1947–2017), Istorijski arhiv Zrenjanin je upriličio otvaranje izložbe pod nazivom „Riznica našeg pamćenja“, koje se održala u petak, 14. jula u 18.30 na Trgu slobode. Izložbu je otvorio zamenik gradonačelnika Zrenjanina Saša Santovac.
U okviru postavke, na ukupno 15 panoa dimenzija 1,95 h 1,45 m, predstavljen je delić bogatog arhivskog nasledja koje se čuva u depoima zrenjaninskog arhiva: stare povelje, mape i planovi, plakati, diplome, novine, fotografije i razglednice, Osim toga, u kratkim crtama predstavljena je hronologija arhivske ustanove u Zrenjaninu, njena biblioteka, izdavačka i izložbena delatnost.
Autor izložbe, koja je bila dostupna javnosti tokom letnjih meseci je arhivist istoričar dr Filip Krčmar a dizajn postavke uradila je Danka Ječmenica. Izložbu realizuje Istorijski arhiv Zrenjanin uz podršku Ministarstva kulture i informisanja Republike Srbije i Grada Zrenjanina.
Istorijski arhiv Zrenjanin počeo je sa radom 1. avgusta 1947. godine, na osnovu Rešenja Glavnog izvršnog odbora Narodne skupštine Autonomne pokrajine Vojvodine donetog dve nedelje ranije (16. jula), kojim je čuveni petrovgradski činovnik i bogoslov Timotej Tima Rajić postavljen za rukovodioca ondašnjeg Zrenjaninskog područja. Tačan datum godišnjice bio je u nedelju, te je stoga datum otvaranja izložbe pomeren na 14. jul. Arhiv se u početku nalazio u prostorijama Gradskog muzeja u tzv. Jankovićevoj kući pored Velikog mosta, da bi u zimu 1951/1952. bio preseljen u levo krilo zgrade Narodnog odbora, opštine Zrenjanin, Županijske i sreske zgrade gde se i danas nalazi.
Podsećanja radi, Arhiv je pre 10 godina proslavio
svoj 60. rodjendan otvaranjem Izložbenog salona u ulici Narodnog fronta 5
(prekoputa „Partizana”), a tom prilikom je štampana i prva sveska „Vodiča kroz
arhivske fondove Istorijskog arhiva Zrenjanin“. Ove godine, u nameri da obeleži
70 godina postojanja i rada, Arhiv se u februaru prijavio na konkurs
Ministarstva kulture i informisanja Republike Srbije sa projektom pod nazivom
„Sedamdeset godina Istorijskog arhiva Zrenjanin (1947–2017)“, a u aprilu je
dobio odgovor da su u tu svrhu obezbedjena i odgovarajuća sredstva. Ovim
projektom je predvidjen ciklus programskih aktivnosti koji obuhvata dve izložbe
i publikovanje reprezentativne monografije („spomenice”) o Arhivu.
Izložba „Riznica našeg pamćenja“ koja je otvarena u petak prva je u nizu tih aktivnosti, dok je realizacija preostale dve predvidjena do kraja 2017. godine.
Autor teksta: arhivist Saša Mladenović (Foto: Aleksandar S. Blanuša)');
INSERT INTO image (generic_element_id, file_path) VALUES (40, '/uploads/vest_40_0.jpg');
INSERT INTO image (generic_element_id, file_path) VALUES (40, '/uploads/vest_40_1.jpg');
INSERT INTO image (generic_element_id, file_path) VALUES (40, '/uploads/vest_40_2.jpg');
INSERT INTO image (generic_element_id, file_path) VALUES (40, '/uploads/vest_40_3.jpg');
INSERT INTO image (generic_element_id, file_path) VALUES (40, '/uploads/vest_40_4.jpg');
INSERT INTO image (generic_element_id, file_path) VALUES (40, '/uploads/vest_40_5.jpg');
INSERT INTO generic_element (id, type, category_id) VALUES (39, 'Vesti', 1);
INSERT INTO text (source_id, source_table, field_name, lang, content) VALUES (39, 'generic_element', 'naslov', 'sr-Cyrl', 'ВЕЛИКИ РАТ – ДОБРОВОЉЦИ – ВОЈВОДА СТЕПА');
INSERT INTO text (source_id, source_table, field_name, lang, content) VALUES (39, 'generic_element', 'naslov', 'sr', 'VELIKI RAT – DOBROVOLjCI – VOJVODA STEPA');
INSERT INTO text (source_id, source_table, field_name, lang, content) VALUES (39, 'generic_element', 'opis', 'sr-Cyrl', 'У Банатском селу Војвода Степи код Нове Црње, обележавају се, сваке године, већ читаву деценију, Дани Бојвода Степе. Дани се одржавају у знак сећања на оснивање места 1922. године и у спомен рођендана великог српског војводе из Првог светског рата Степе Степановића. Покровитељ свечаности је било Удружење ратних добровољаца 1912 – 1918 њихових потомака и поштовалаца. У оквиру свечаности је приређена изложба Историјског архива Зрењанин: Велики рат – добровољци – Војвода Степа, ауторке, помоћника директора, више архивисткиње и историчарке Историјског архива у Зрењанину –  Ванде Војводић Мицове.
Удружење
ратних добровољаца 1912 – 1918 и њихових потомака је настало 2005.године и од
тада су Дани Војвода Степе прерасли у бренд региона, који је веома посећен са
веома квалитетним програмом, који траје неколико дана. Кроз Дом културе  у Војвода Степи прође хиљаду и шест стотина
гледалаца и слушалаца који посете књижевне вечери, историјске трибине, изложбе
и концерте.
„Ови
дани су постали чувени у Банату и Северној Србији јер чувају од заборава
успомену на наше ђедове солунце и добровољце који су подигли ово место,
успомену на њихово умеће прављења кућа, школе, цркве, зграде општине итд. Наши
преци су дошли на голу ледину али су успели да све што видимо овде изграде и
подигну своје породице“, каже председник удружења Бранко Савић Бели.
Прослава
је почела отварањем изложбе коју је приредио Историјски Архив Зрењанин, „Велики
рат – добровољци – Војвода Степе“, коју потписује историчар Ванда Војводић
Мицова. Изложба је уприличена у холу Дома културе и остаће као стална поставка
коју ће моћи да виде сви посетиоци овог места.
„Мени као историчару архива је веома драго кад неко покаже интересовање за порекло своје породице. Била сам пријатно изненађена када су Ђорђе Хајдуковић и један број чланова овог Удружења добровољаца, изразили жељу,  да се приреди оваква изложба. Ово је друга по реду изложба са овом тематиком, прву смо радили у Банатском Карађорђеву… Сва ова документа која се налазе на паноима су реплике, делом из приватне колекције а други су документи из фонда комисије за ликвидацију аграрне реформе Петровград…рекла је Ванда Војводић Мицова.“
Након изложбе је уприличена у великој сали свечана академија на којој су говорили доктор историјских наука Милан Мицић иначе заменик сектретара за културу АП Војводине, рођени степчанин и глумац првак Народног позоришта у Београду Лепомир Ивковић, који је тумачио, ове вечери, лик славног војводе Степе.
Аутор текста: архивист Саша Младеновић, Фото: архивист Живојин Радловачки');
INSERT INTO text (source_id, source_table, field_name, lang, content) VALUES (39, 'generic_element', 'opis', 'sr', 'U Banatskom selu Vojvoda Stepi kod Nove Crnje, obeležavaju se, svake godine, već čitavu deceniju, Dani Bojvoda Stepe. Dani se održavaju u znak sećanja na osnivanje mesta 1922. godine i u spomen rodjendana velikog srpskog vojvode iz Prvog svetskog rata Stepe Stepanovića. Pokrovitelj svečanosti je bilo Udruženje ratnih dobrovoljaca 1912 – 1918 njihovih potomaka i poštovalaca. U okviru svečanosti je priredjena izložba Istorijskog arhiva Zrenjanin: Veliki rat – dobrovoljci – Vojvoda Stepa, autorke, pomoćnika direktora, više arhivistkinje i istoričarke Istorijskog arhiva u Zrenjaninu –  Vande Vojvodić Micove.
Udruženje
ratnih dobrovoljaca 1912 – 1918 i njihovih potomaka je nastalo 2005.godine i od
tada su Dani Vojvoda Stepe prerasli u brend regiona, koji je veoma posećen sa
veoma kvalitetnim programom, koji traje nekoliko dana. Kroz Dom kulture  u Vojvoda Stepi prodje hiljadu i šest stotina
gledalaca i slušalaca koji posete književne večeri, istorijske tribine, izložbe
i koncerte.
„Ovi
dani su postali čuveni u Banatu i Severnoj Srbiji jer čuvaju od zaborava
uspomenu na naše djedove solunce i dobrovoljce koji su podigli ovo mesto,
uspomenu na njihovo umeće pravljenja kuća, škole, crkve, zgrade opštine itd. Naši
preci su došli na golu ledinu ali su uspeli da sve što vidimo ovde izgrade i
podignu svoje porodice“, kaže predsednik udruženja Branko Savić Beli.
Proslava
je počela otvaranjem izložbe koju je priredio Istorijski Arhiv Zrenjanin, „Veliki
rat – dobrovoljci – Vojvoda Stepe“, koju potpisuje istoričar Vanda Vojvodić
Micova. Izložba je upriličena u holu Doma kulture i ostaće kao stalna postavka
koju će moći da vide svi posetioci ovog mesta.
„Meni kao istoričaru arhiva je veoma drago kad neko pokaže interesovanje za poreklo svoje porodice. Bila sam prijatno iznenadjena kada su Djordje Hajduković i jedan broj članova ovog Udruženja dobrovoljaca, izrazili želju,  da se priredi ovakva izložba. Ovo je druga po redu izložba sa ovom tematikom, prvu smo radili u Banatskom Karadjordjevu… Sva ova dokumenta koja se nalaze na panoima su replike, delom iz privatne kolekcije a drugi su dokumenti iz fonda komisije za likvidaciju agrarne reforme Petrovgrad…rekla je Vanda Vojvodić Micova.“
Nakon izložbe je upriličena u velikoj sali svečana akademija na kojoj su govorili doktor istorijskih nauka Milan Micić inače zamenik sektretara za kulturu AP Vojvodine, rodjeni stepčanin i glumac prvak Narodnog pozorišta u Beogradu Lepomir Ivković, koji je tumačio, ove večeri, lik slavnog vojvode Stepe.
Autor teksta: arhivist Saša Mladenović, Foto: arhivist Živojin Radlovački');
INSERT INTO image (generic_element_id, file_path) VALUES (39, '/uploads/vest_39_0.jpg');
INSERT INTO image (generic_element_id, file_path) VALUES (39, '/uploads/vest_39_1.jpg');
INSERT INTO image (generic_element_id, file_path) VALUES (39, '/uploads/vest_39_2.jpg');
INSERT INTO image (generic_element_id, file_path) VALUES (39, '/uploads/vest_39_3.jpg');
INSERT INTO image (generic_element_id, file_path) VALUES (39, '/uploads/vest_39_4.jpg');
INSERT INTO image (generic_element_id, file_path) VALUES (39, '/uploads/vest_39_5.jpg');
INSERT INTO image (generic_element_id, file_path) VALUES (39, '/uploads/vest_39_6.jpg');
INSERT INTO image (generic_element_id, file_path) VALUES (39, '/uploads/vest_39_7.jpg');
INSERT INTO image (generic_element_id, file_path) VALUES (39, '/uploads/vest_39_8.jpg');
INSERT INTO image (generic_element_id, file_path) VALUES (39, '/uploads/vest_39_9.jpg');
INSERT INTO image (generic_element_id, file_path) VALUES (39, '/uploads/vest_39_10.jpg');
INSERT INTO image (generic_element_id, file_path) VALUES (39, '/uploads/vest_39_11.jpg');
INSERT INTO image (generic_element_id, file_path) VALUES (39, '/uploads/vest_39_12.jpg');
INSERT INTO generic_element (id, type, category_id) VALUES (38, 'Vesti', 1);
INSERT INTO text (source_id, source_table, field_name, lang, content) VALUES (38, 'generic_element', 'naslov', 'sr-Cyrl', 'ИСТОРИЈСКИ АРХИВ И НАРОДНИ МУЗЕЈ У ЗРЕЊАНИНУ – СТО ГОДИНА СЛОБОДЕ');
INSERT INTO text (source_id, source_table, field_name, lang, content) VALUES (38, 'generic_element', 'naslov', 'sr', 'ISTORIJSKI ARHIV I NARODNI MUZEJ U ZRENjANINU – STO GODINA SLOBODE');
INSERT INTO text (source_id, source_table, field_name, lang, content) VALUES (38, 'generic_element', 'opis', 'sr-Cyrl', 'Поводом 100 година од ослобођења града (Великог Бечкерека, Петровграда, Зрењанина) у Првом светском рату и присаједињења Барање, Бачке, Баната и Срема Краљевини Србији, у Салону Народног музеја Зрењанин у суботу, 17. новембра 2018. године, свечано је отворена изложба под називом “Сто година слободе”.
Под теретом сопствених грехова, Хабзбургова монархија пала је, из страшних њених рушевина ниче сунце лепе будућности“
(Србске новине, 27.октобар 1918.)
Изложбу
“Сто година слободе” свечано je отварена 
у суботу, 17. новембра одмах након централне манифестације, Дана
ослобођења и Дана града на Тргу слободе. Манифестацији су присуствовали
градоначелник Чедомир Јањић са најближим сарадницима, начелница Средњобанатског
управног округа Снежана Вучуревић, командант Гарнизона Војске Србије пуковник
Никола Дејановић као и велики број културних радника и грађана.
Поставка се састоји из три сегмента, а аутори су историчар и архивиста Слободан Милин и виши архивиста Ванда Војводић Мицова из Историјског архива Зрењанин и кустос Владислава Игњатов из Народног музеја Зрењанин. Изложбу је званично прогласила отвореном начелница Средњобанатског управног округа Снежана Вучуревић. Душан Баста оперски певач из Новог Сада допринео је лепоти овога скупа изводећи родољубиве арије.
На
отварању изложбе је говорио и кустос-историчар, архивски саветник Музеја
Војводине  Зоран Вељановић.
Апострофирајући значајну улогу нашег троименог града Великог Бечкерека,
Петровграда и Зрењанина у преломнима историјским догађајима, Вељановић је о
поставци изложбе и ауторима у рецензији је рекао:
„Музејски
предмети и архивска грађа која је приказана на изложбеној поставци као и подаци
изнети у каталошким текстовима одговарају теми (ослобођени су сваке
патетике)…Тиме су аутори и установе Историјски архив и народни музеј у
Зрењанину, дали свој допринос култури сећања (а дабоме и науци).“
Први сегмент изложбе носи назив „Велики Бечкерек и средњи Банат у Првом светском рату“ и приказује дешавања уочи и током рата на овом простору. Други сегмент под називом „Знамените личности“ тиче се најистакнутијих личности из српског националног покрета у Великом Бечкереку, а трећи сегмент насловљен „Ослобођење 1918. године“ посвећен је формирању Српског народног одбора у Великом Бечкереку, 31. октобра 1918. године, његовим кључним одлукама и акцијама.
Владислава Игњатов, кустос Народног музеја Зрењанин дочарала нам је како је изгледао Велики рат на простору Баната. Нечовечност аустроугарских власти посебно је била усмерена на домицилно српско становништво па отуда не чуди што је управо из Баната било највише добровољаца у редовима српске војске. Историчар архивист Слободан Милин нам је дочарао последње дане некадашње моћне империје Хабзбурговаца и приказао одлучност банатског грађанства које се дрзнуло да узме у своје руке своју судбину.
Виша архивисткиња Ванда Војводић Мицова је у свом делу рада посебно подцртала улогу српске елите Великог Бечкерека, која је имала само једну жељу да збаци аустроугарски јарам и да се присаједини матици Србији. Поред паноа, на изложби су приказана и разна оригинална документа (нпр. лична документа интернираца и осталих знаменитих личности, записи и дневници добровољаца, записници Српског народног одбора, дописи сеоских одбора, дописи и акта српске војске у Великом Бечкереку и друго), фотографије, као и предмети, оружје и војна опрема из периода Првог светског рата, углавно из збирки и фондова Историјског архива Зрењанин и Народног музеја Зрењанин, али и приватних колекција. Наставници и професори историје имају могућност и обавезу да доведу нашу децу у просторије великог салона музеја и у интерактивној настави покажу младим генерацијама ко су им били преци и за шта су се пре једног века борили.
Аутор текста: архивист Саша Младеновић (Фото: архивист историчар Живојин Радованчев, архивист Бранислав Милошев)');
INSERT INTO text (source_id, source_table, field_name, lang, content) VALUES (38, 'generic_element', 'opis', 'sr', 'Povodom 100 godina od oslobodjenja grada (Velikog Bečkereka, Petrovgrada, Zrenjanina) u Prvom svetskom ratu i prisajedinjenja Baranje, Bačke, Banata i Srema Kraljevini Srbiji, u Salonu Narodnog muzeja Zrenjanin u subotu, 17. novembra 2018. godine, svečano je otvorena izložba pod nazivom “Sto godina slobode”.
Pod teretom sopstvenih grehova, Habzburgova monarhija pala je, iz strašnih njenih ruševina niče sunce lepe budućnosti“
(Srbske novine, 27.oktobar 1918.)
Izložbu
“Sto godina slobode” svečano je otvarena 
u subotu, 17. novembra odmah nakon centralne manifestacije, Dana
oslobodjenja i Dana grada na Trgu slobode. Manifestaciji su prisustvovali
gradonačelnik Čedomir Janjić sa najbližim saradnicima, načelnica Srednjobanatskog
upravnog okruga Snežana Vučurević, komandant Garnizona Vojske Srbije pukovnik
Nikola Dejanović kao i veliki broj kulturnih radnika i gradjana.
Postavka se sastoji iz tri segmenta, a autori su istoričar i arhivista Slobodan Milin i viši arhivista Vanda Vojvodić Micova iz Istorijskog arhiva Zrenjanin i kustos Vladislava Ignjatov iz Narodnog muzeja Zrenjanin. Izložbu je zvanično proglasila otvorenom načelnica Srednjobanatskog upravnog okruga Snežana Vučurević. Dušan Basta operski pevač iz Novog Sada doprineo je lepoti ovoga skupa izvodeći rodoljubive arije.
Na
otvaranju izložbe je govorio i kustos-istoričar, arhivski savetnik Muzeja
Vojvodine  Zoran Veljanović.
Apostrofirajući značajnu ulogu našeg troimenog grada Velikog Bečkereka,
Petrovgrada i Zrenjanina u prelomnima istorijskim dogadjajima, Veljanović je o
postavci izložbe i autorima u recenziji je rekao:
„Muzejski
predmeti i arhivska gradja koja je prikazana na izložbenoj postavci kao i podaci
izneti u kataloškim tekstovima odgovaraju temi (oslobodjeni su svake
patetike)…Time su autori i ustanove Istorijski arhiv i narodni muzej u
Zrenjaninu, dali svoj doprinos kulturi sećanja (a dabome i nauci).“
Prvi segment izložbe nosi naziv „Veliki Bečkerek i srednji Banat u Prvom svetskom ratu“ i prikazuje dešavanja uoči i tokom rata na ovom prostoru. Drugi segment pod nazivom „Znamenite ličnosti“ tiče se najistaknutijih ličnosti iz srpskog nacionalnog pokreta u Velikom Bečkereku, a treći segment naslovljen „Oslobodjenje 1918. godine“ posvećen je formiranju Srpskog narodnog odbora u Velikom Bečkereku, 31. oktobra 1918. godine, njegovim ključnim odlukama i akcijama.
Vladislava Ignjatov, kustos Narodnog muzeja Zrenjanin dočarala nam je kako je izgledao Veliki rat na prostoru Banata. Nečovečnost austrougarskih vlasti posebno je bila usmerena na domicilno srpsko stanovništvo pa otuda ne čudi što je upravo iz Banata bilo najviše dobrovoljaca u redovima srpske vojske. Istoričar arhivist Slobodan Milin nam je dočarao poslednje dane nekadašnje moćne imperije Habzburgovaca i prikazao odlučnost banatskog gradjanstva koje se drznulo da uzme u svoje ruke svoju sudbinu.
Viša arhivistkinja Vanda Vojvodić Micova je u svom delu rada posebno podcrtala ulogu srpske elite Velikog Bečkereka, koja je imala samo jednu želju da zbaci austrougarski jaram i da se prisajedini matici Srbiji. Pored panoa, na izložbi su prikazana i razna originalna dokumenta (npr. lična dokumenta interniraca i ostalih znamenitih ličnosti, zapisi i dnevnici dobrovoljaca, zapisnici Srpskog narodnog odbora, dopisi seoskih odbora, dopisi i akta srpske vojske u Velikom Bečkereku i drugo), fotografije, kao i predmeti, oružje i vojna oprema iz perioda Prvog svetskog rata, uglavno iz zbirki i fondova Istorijskog arhiva Zrenjanin i Narodnog muzeja Zrenjanin, ali i privatnih kolekcija. Nastavnici i profesori istorije imaju mogućnost i obavezu da dovedu našu decu u prostorije velikog salona muzeja i u interaktivnoj nastavi pokažu mladim generacijama ko su im bili preci i za šta su se pre jednog veka borili.
Autor teksta: arhivist Saša Mladenović (Foto: arhivist istoričar Živojin Radovančev, arhivist Branislav Milošev)');
INSERT INTO image (generic_element_id, file_path) VALUES (38, '/uploads/vest_38_0.jpg');
INSERT INTO image (generic_element_id, file_path) VALUES (38, '/uploads/vest_38_1.jpg');
INSERT INTO image (generic_element_id, file_path) VALUES (38, '/uploads/vest_38_2.jpg');
INSERT INTO image (generic_element_id, file_path) VALUES (38, '/uploads/vest_38_3.jpg');
INSERT INTO image (generic_element_id, file_path) VALUES (38, '/uploads/vest_38_4.jpg');
INSERT INTO image (generic_element_id, file_path) VALUES (38, '/uploads/vest_38_5.jpg');
INSERT INTO image (generic_element_id, file_path) VALUES (38, '/uploads/vest_38_6.jpg');
INSERT INTO image (generic_element_id, file_path) VALUES (38, '/uploads/vest_38_7.jpg');
INSERT INTO image (generic_element_id, file_path) VALUES (38, '/uploads/vest_38_8.jpg');
INSERT INTO image (generic_element_id, file_path) VALUES (38, '/uploads/vest_38_9.jpg');
INSERT INTO image (generic_element_id, file_path) VALUES (38, '/uploads/vest_38_10.jpg');
INSERT INTO image (generic_element_id, file_path) VALUES (38, '/uploads/vest_38_11.jpg');
INSERT INTO image (generic_element_id, file_path) VALUES (38, '/uploads/vest_38_12.jpg');
INSERT INTO generic_element (id, type, category_id) VALUES (37, 'Vesti', 1);
INSERT INTO text (source_id, source_table, field_name, lang, content) VALUES (37, 'generic_element', 'naslov', 'sr-Cyrl', 'ГИМНАЗИЈА У ВЕЛИКОМ БЕЧКЕРЕКУ У СВЕТЛУ ОСЛОБОЂЕЊА 1918. ГОДИНЕ');
INSERT INTO text (source_id, source_table, field_name, lang, content) VALUES (37, 'generic_element', 'naslov', 'sr', 'GIMNAZIJA U VELIKOM BEČKEREKU U SVETLU OSLOBODjENjA 1918. GODINE');
INSERT INTO text (source_id, source_table, field_name, lang, content) VALUES (37, 'generic_element', 'opis', 'sr-Cyrl', 'Дана 16. 10. 2018. године је на Тргу Слободе у Зрењанину, код споменика краљу Петру I Ослободиоцу отворена изложба „Гимназија у светлу ослобођења 1918“ са поднасловом “од асимилације до толеранције”, а која говори о борби за срски језик и просвету која је крунисана 1919. године  отварањем Српске велике гимназије у тадашњем Великом Бечкереку. Зрењанинска гимназија, Историјски архив Зрењанин и град Зрењанин овом изложбом отпочињу дане обележавања стогодишњице ослобођења и уједињења.
На петнаестак паноа је приказан читав низ
оригиналних докумената из наших архива који сведоче о борби српског народа за
увођење матерњег језика у школе на територији Барање, Срема, Бачке и Баната
који су се налазили у саставу Аустрије и касније Аустро-угарске.
Ради се о исечцима из опште историје борбе Срба
на овим просторима за Црквено-школску аутономију која је била обећана царским
повељама од времена сеобе Срба али која је стално изигравана и кршена.
У овом обухватном истраживању које потписује историчар архивист Слободан Милин видимо историјски пример нетолеранције Аустријске царевине и Римокатоличке цркве, која у тадашњу Пијаристичку гимназију уводи, као службени језик искључиво мађарски а у том тренутку две трећине грађана у граду је српске националности.
Осим Срба, асимилацији је била директно изложен јеврејска и немачка национална заједница и то документи несумљиво показују. Изложба обухвата историјат борбе за увођење српског језика од друге половине 18. века до прве половине 20. века, када је основана Српска велика гимназија и када је почео период толеранције и поштовања права свих заједница на овим просторима.
“ Зрењанинска гимназија је почела са радом
октобра 1846. пре 172 године, а ова изложба је значајна јер њоме започињемо
обележавање 100 година од завршетка Великог рата и ослобођења тадашњег Великог
Бечкерека. Желели смо да изложба свима буде доступна и да је види што већи број
суграђана, посебно ученика основних и средњих школа “– рекао је директор
Зрењанинске гимназије Милан Радаковић.
Изложбу је приредио Историјски архив Зрењанин а аутор историчар и архивист Слободан Милин је између осталог рекао:
“Отварању ове изложбе претходили су дуготрајни
истраживачки радови у Архиву Југославије и Архиву Војводине, Историјском архиву
града Зрењанина, као и у архиву Српске православне црквене општине. Панои који
су изложени сведоче о отварању Српске велике гимназије у Великом Бечкереку
након ослобођења у марту 1919. године. Српски народ се борио са тадашњим
политичким вођама и залагао да се српски језик уведе као равноправан са
мађарским у тадашњој пијаристичкој гимназији. То им није пошло за руком, али су
они били истрајни у својој намери”.
Поставку је испред локалне самоуправе званично
отворио Милан Мркшић, секретар Скупштине града Зрењнина.
“Град Зрењанин са поносом обележава стогодишњицу
од завршетка Великог рата. Тим поводом, на претходној Скупштини града, донета
је одлука о откупу куће др Славка Жупанског, једне од најважнијих личности тог
периода, која ће бити претворена у музеј. На наредној седници једној од улица
доделићемо име Славка Жупанског” – открио је Милан Мркшић.
Ослобођењем и уједињењем ових крајева са матицом Србијом 1918. године након сјајне победе у Великом рату стављена је тачка на ову борбу и означена је прекретница у области школства која је дубоко изменила асимилаторску политику и нетолерантне просветне прилике. Практично тиме је на овим просторима обустављена мађаризација немађарских народа, која је спровођена у Угарском делу двојне монархије. Обзиром да и данас у граду складно живи велики број националних заједница које уживају сва национална и мањинска права био је то и почетак периода истинске толеранције, који траје.
Аутор текста: архивист Саша Младеновић');
INSERT INTO text (source_id, source_table, field_name, lang, content) VALUES (37, 'generic_element', 'opis', 'sr', 'Dana 16. 10. 2018. godine je na Trgu Slobode u Zrenjaninu, kod spomenika kralju Petru I Oslobodiocu otvorena izložba „Gimnazija u svetlu oslobodjenja 1918“ sa podnaslovom “od asimilacije do tolerancije”, a koja govori o borbi za srski jezik i prosvetu koja je krunisana 1919. godine  otvaranjem Srpske velike gimnazije u tadašnjem Velikom Bečkereku. Zrenjaninska gimnazija, Istorijski arhiv Zrenjanin i grad Zrenjanin ovom izložbom otpočinju dane obeležavanja stogodišnjice oslobodjenja i ujedinjenja.
Na petnaestak panoa je prikazan čitav niz
originalnih dokumenata iz naših arhiva koji svedoče o borbi srpskog naroda za
uvodjenje maternjeg jezika u škole na teritoriji Baranje, Srema, Bačke i Banata
koji su se nalazili u sastavu Austrije i kasnije Austro-ugarske.
Radi se o isečcima iz opšte istorije borbe Srba
na ovim prostorima za Crkveno-školsku autonomiju koja je bila obećana carskim
poveljama od vremena seobe Srba ali koja je stalno izigravana i kršena.
U ovom obuhvatnom istraživanju koje potpisuje istoričar arhivist Slobodan Milin vidimo istorijski primer netolerancije Austrijske carevine i Rimokatoličke crkve, koja u tadašnju Pijarističku gimnaziju uvodi, kao službeni jezik isključivo madjarski a u tom trenutku dve trećine gradjana u gradu je srpske nacionalnosti.
Osim Srba, asimilaciji je bila direktno izložen jevrejska i nemačka nacionalna zajednica i to dokumenti nesumljivo pokazuju. Izložba obuhvata istorijat borbe za uvodjenje srpskog jezika od druge polovine 18. veka do prve polovine 20. veka, kada je osnovana Srpska velika gimnazija i kada je počeo period tolerancije i poštovanja prava svih zajednica na ovim prostorima.
“ Zrenjaninska gimnazija je počela sa radom
oktobra 1846. pre 172 godine, a ova izložba je značajna jer njome započinjemo
obeležavanje 100 godina od završetka Velikog rata i oslobodjenja tadašnjeg Velikog
Bečkereka. Želeli smo da izložba svima bude dostupna i da je vidi što veći broj
sugradjana, posebno učenika osnovnih i srednjih škola “– rekao je direktor
Zrenjaninske gimnazije Milan Radaković.
Izložbu je priredio Istorijski arhiv Zrenjanin a autor istoričar i arhivist Slobodan Milin je izmedju ostalog rekao:
“Otvaranju ove izložbe prethodili su dugotrajni
istraživački radovi u Arhivu Jugoslavije i Arhivu Vojvodine, Istorijskom arhivu
grada Zrenjanina, kao i u arhivu Srpske pravoslavne crkvene opštine. Panoi koji
su izloženi svedoče o otvaranju Srpske velike gimnazije u Velikom Bečkereku
nakon oslobodjenja u martu 1919. godine. Srpski narod se borio sa tadašnjim
političkim vodjama i zalagao da se srpski jezik uvede kao ravnopravan sa
madjarskim u tadašnjoj pijarističkoj gimnaziji. To im nije pošlo za rukom, ali su
oni bili istrajni u svojoj nameri”.
Postavku je ispred lokalne samouprave zvanično
otvorio Milan Mrkšić, sekretar Skupštine grada Zrenjnina.
“Grad Zrenjanin sa ponosom obeležava stogodišnjicu
od završetka Velikog rata. Tim povodom, na prethodnoj Skupštini grada, doneta
je odluka o otkupu kuće dr Slavka Županskog, jedne od najvažnijih ličnosti tog
perioda, koja će biti pretvorena u muzej. Na narednoj sednici jednoj od ulica
dodelićemo ime Slavka Županskog” – otkrio je Milan Mrkšić.
Oslobodjenjem i ujedinjenjem ovih krajeva sa maticom Srbijom 1918. godine nakon sjajne pobede u Velikom ratu stavljena je tačka na ovu borbu i označena je prekretnica u oblasti školstva koja je duboko izmenila asimilatorsku politiku i netolerantne prosvetne prilike. Praktično time je na ovim prostorima obustavljena madjarizacija nemadjarskih naroda, koja je sprovodjena u Ugarskom delu dvojne monarhije. Obzirom da i danas u gradu skladno živi veliki broj nacionalnih zajednica koje uživaju sva nacionalna i manjinska prava bio je to i početak perioda istinske tolerancije, koji traje.
Autor teksta: arhivist Saša Mladenović');
INSERT INTO image (generic_element_id, file_path) VALUES (37, '/uploads/vest_37_0.jpg');
INSERT INTO image (generic_element_id, file_path) VALUES (37, '/uploads/vest_37_1.jpg');
INSERT INTO image (generic_element_id, file_path) VALUES (37, '/uploads/vest_37_2.jpg');
INSERT INTO image (generic_element_id, file_path) VALUES (37, '/uploads/vest_37_3.jpg');
INSERT INTO image (generic_element_id, file_path) VALUES (37, '/uploads/vest_37_4.jpg');
INSERT INTO image (generic_element_id, file_path) VALUES (37, '/uploads/vest_37_5.jpg');
INSERT INTO image (generic_element_id, file_path) VALUES (37, '/uploads/vest_37_6.jpg');
INSERT INTO image (generic_element_id, file_path) VALUES (37, '/uploads/vest_37_7.jpg');
INSERT INTO image (generic_element_id, file_path) VALUES (37, '/uploads/vest_37_8.jpg');
INSERT INTO image (generic_element_id, file_path) VALUES (37, '/uploads/vest_37_9.jpg');
INSERT INTO image (generic_element_id, file_path) VALUES (37, '/uploads/vest_37_10.jpg');
INSERT INTO generic_element (id, type, category_id) VALUES (36, 'Vesti', 1);
INSERT INTO text (source_id, source_table, field_name, lang, content) VALUES (36, 'generic_element', 'naslov', 'sr-Cyrl', 'ПРВИ СРПСКИ НАРОДНИ ОДБОР ПРЕЧАНСКИХ СРБА – СЛОБОДАРСКО КОЛО');
INSERT INTO text (source_id, source_table, field_name, lang, content) VALUES (36, 'generic_element', 'naslov', 'sr', 'PRVI SRPSKI NARODNI ODBOR PREČANSKIH SRBA – SLOBODARSKO KOLO');
INSERT INTO text (source_id, source_table, field_name, lang, content) VALUES (36, 'generic_element', 'opis', 'sr-Cyrl', 'Историјски архив Зрењанин је поводом 100-годишњице од оснивања Српског народног одбора у Великом Бечкереку 31. октобра 1918. године, у порти Успенске цркве, приредио изложбену поставку под називом: „Први Српски народни одбор пречанских Срба“.
Изложбом су представљене биографије водећих оснивача Српског народног одбора. Аутор изложбе је историчар, архивист Историјског архива Зрењанин, Слободан Милин.
Историчар Историјског архива Зрењанина Слободан
Милин је поводом јубилеја Стогодишњице од оснивања Српског народног одбора и
отварања изложбе „Оснивање првог СНО пречанских Срба“, рекао:
„На овом светом месту окупила нас је Стогодишњица
од Оснивања првог Српског народног одбора на простору Баната, Бачке, Барање и
Срема. Данас славимо наш национални празник у слободи и у свечарској,
празничној атмосфери. Међутим, пре сто година, прилике данашњег дана биле су
дијаметрално другачије. Пренесимо се само за тренутак у то време када су др
Славко Жупански и његови најближи сарадници донели одлуку о формирању Српског
народног одбора, дакле у време када српска војска још увек није прешла Саву и
Дунав и када је сва оружана сила и власт и даље била у рукама Мађара и Немаца.
Облак преког суда и даље се злослутно надвијао над српским народом.
Тог 31. октобра
челници Српског народног одбора су своју одважну одлуку још смелије
обнародовали истог дана на вечерњем састанку у градској касини, када су изјавом
о формирању засебног Народног одбора као једине гаранције мира и безбедности за
Србе, ставили пред свршен чин поджупана Агоштона Јанка и његове сараднике.
Седиште Српског народног одбора у Великом Бечкереку налазило се у просторијама Српске православне црквене општине. Црквена општина није случајно одабрана за седиште Српског народног одбора. Она се сама наметнула као самоуправни народно-црквени орган око којег се окупљао и груписао српски народ. Једна од кључних одлука коју је Српски народни одбор донео на сам дан оснивања била је да се зарад вишег националног циља имају сузбити ускогруди страначки интереси и поделе да би се српске масе могле организовати у јединствени фронт. У том погледу је тада у Великом Бечкереку постигнуто јединство између радикала и демократа. Томе у прилог сликовито говори чињеница да је поред др-а Славка Жупанског, првака Народне српске радикалне странке у Великом Бечкереку, у одбору седео и прота Жарко Стакић који је био демократа и у више наврата изабрани народно-црквени делегат на листи Српске народне самосталне странке. Интереси Српства били су на првом месту.ечки Српски народни одбор проистекао је управо из борбе за народно-црквену аутономију. Све до Ослобођења и Присаједињења Српски народни одбор деловаће мудро, промишљено, са израженим смислом за одабир погодних тренутака у погледу преузимања примата власти.
Притом, важно је нагласити, Српски народни одбор
није покренуо никакве осветничке акције, нити се посветио одмазди за страдања
која је поднео српски народ у Великом Бечкереку и читавом Банату. Изостанак
било какве манифестације реваншизма за погажена народна права и укинуту
народно-црквену аутономију сликовито је показао да српски народ припада другом
цивилизацијском кругу од оног у којем је голом силом био принуђен да живи у
Аустро-Угарској. Оснивачи Српског народног одбора били су истински
зачетници толеранције међунационалног уважавања и верске сношљивости у нашој
средини. То су и показали својом првом одлуком након уласка српске војске у
град и по заузимању жупаније када је закључено да: „Званичан језик одређиваће
месни народни одбор при чему се осигурава право, да се сваки становник може
властима на свом матерњем језику обраћати.“ Асимилацији која је брижљиво
негована у нетолерантној Аустро-Угарској монархији дошао је крај.
Историјска интеграција српског народа у оквирима
једне државе постигнута је 1. децембра 1918. године, када је регент Александар
Карађорђевић у кући Крсмановића у Београду прогласио стварање Краљевства Срба,
Хрвата и Словенаца. У томе је Српски народни одбор у Великом
Бечкереку играо изузетно важну улогу, јер је први повео слободарско коло на
простору Баната, Бачке, Барање и Срема. Мудрим и прорачунатим деловањем
избегнути су међунационални сукоби у Великом Бечкереку и спречено је проливање
крви. Управо у томе почива историјска улога Српског народног одбора у Великом
Бечкереку. Данас, када је протекло читаво столеће од како
уживамо у благодетима слободе, дужни смо да баштинимо и са нарочитим пијететом
гајимо културу сећања на велике подвиге наших предака предвођених др Славком
Жупанским који су стали раме уз раме са Оцима Ослобођења – краљем Петром,
регентом Александром, Николом Пашићем и Јашом Томићем.“
Нека им је вечна слава и хвала!
Текст приредио архивист Саша Младеновић');
INSERT INTO text (source_id, source_table, field_name, lang, content) VALUES (36, 'generic_element', 'opis', 'sr', 'Istorijski arhiv Zrenjanin je povodom 100-godišnjice od osnivanja Srpskog narodnog odbora u Velikom Bečkereku 31. oktobra 1918. godine, u porti Uspenske crkve, priredio izložbenu postavku pod nazivom: „Prvi Srpski narodni odbor prečanskih Srba“.
Izložbom su predstavljene biografije vodećih osnivača Srpskog narodnog odbora. Autor izložbe je istoričar, arhivist Istorijskog arhiva Zrenjanin, Slobodan Milin.
Istoričar Istorijskog arhiva Zrenjanina Slobodan
Milin je povodom jubileja Stogodišnjice od osnivanja Srpskog narodnog odbora i
otvaranja izložbe „Osnivanje prvog SNO prečanskih Srba“, rekao:
„Na ovom svetom mestu okupila nas je Stogodišnjica
od Osnivanja prvog Srpskog narodnog odbora na prostoru Banata, Bačke, Baranje i
Srema. Danas slavimo naš nacionalni praznik u slobodi i u svečarskoj,
prazničnoj atmosferi. Medjutim, pre sto godina, prilike današnjeg dana bile su
dijametralno drugačije. Prenesimo se samo za trenutak u to vreme kada su dr
Slavko Županski i njegovi najbliži saradnici doneli odluku o formiranju Srpskog
narodnog odbora, dakle u vreme kada srpska vojska još uvek nije prešla Savu i
Dunav i kada je sva oružana sila i vlast i dalje bila u rukama Madjara i Nemaca.
Oblak prekog suda i dalje se zloslutno nadvijao nad srpskim narodom.
Tog 31. oktobra
čelnici Srpskog narodnog odbora su svoju odvažnu odluku još smelije
obnarodovali istog dana na večernjem sastanku u gradskoj kasini, kada su izjavom
o formiranju zasebnog Narodnog odbora kao jedine garancije mira i bezbednosti za
Srbe, stavili pred svršen čin podžupana Agoštona Janka i njegove saradnike.
Sedište Srpskog narodnog odbora u Velikom Bečkereku nalazilo se u prostorijama Srpske pravoslavne crkvene opštine. Crkvena opština nije slučajno odabrana za sedište Srpskog narodnog odbora. Ona se sama nametnula kao samoupravni narodno-crkveni organ oko kojeg se okupljao i grupisao srpski narod. Jedna od ključnih odluka koju je Srpski narodni odbor doneo na sam dan osnivanja bila je da se zarad višeg nacionalnog cilja imaju suzbiti uskogrudi stranački interesi i podele da bi se srpske mase mogle organizovati u jedinstveni front. U tom pogledu je tada u Velikom Bečkereku postignuto jedinstvo izmedju radikala i demokrata. Tome u prilog slikovito govori činjenica da je pored dr-a Slavka Županskog, prvaka Narodne srpske radikalne stranke u Velikom Bečkereku, u odboru sedeo i prota Žarko Stakić koji je bio demokrata i u više navrata izabrani narodno-crkveni delegat na listi Srpske narodne samostalne stranke. Interesi Srpstva bili su na prvom mestu.ečki Srpski narodni odbor proistekao je upravo iz borbe za narodno-crkvenu autonomiju. Sve do Oslobodjenja i Prisajedinjenja Srpski narodni odbor delovaće mudro, promišljeno, sa izraženim smislom za odabir pogodnih trenutaka u pogledu preuzimanja primata vlasti.
Pritom, važno je naglasiti, Srpski narodni odbor
nije pokrenuo nikakve osvetničke akcije, niti se posvetio odmazdi za stradanja
koja je podneo srpski narod u Velikom Bečkereku i čitavom Banatu. Izostanak
bilo kakve manifestacije revanšizma za pogažena narodna prava i ukinutu
narodno-crkvenu autonomiju slikovito je pokazao da srpski narod pripada drugom
civilizacijskom krugu od onog u kojem je golom silom bio prinudjen da živi u
Austro-Ugarskoj. Osnivači Srpskog narodnog odbora bili su istinski
začetnici tolerancije medjunacionalnog uvažavanja i verske snošljivosti u našoj
sredini. To su i pokazali svojom prvom odlukom nakon ulaska srpske vojske u
grad i po zauzimanju županije kada je zaključeno da: „Zvaničan jezik odredjivaće
mesni narodni odbor pri čemu se osigurava pravo, da se svaki stanovnik može
vlastima na svom maternjem jeziku obraćati.“ Asimilaciji koja je brižljivo
negovana u netolerantnoj Austro-Ugarskoj monarhiji došao je kraj.
Istorijska integracija srpskog naroda u okvirima
jedne države postignuta je 1. decembra 1918. godine, kada je regent Aleksandar
Karadjordjević u kući Krsmanovića u Beogradu proglasio stvaranje Kraljevstva Srba,
Hrvata i Slovenaca. U tome je Srpski narodni odbor u Velikom
Bečkereku igrao izuzetno važnu ulogu, jer je prvi poveo slobodarsko kolo na
prostoru Banata, Bačke, Baranje i Srema. Mudrim i proračunatim delovanjem
izbegnuti su medjunacionalni sukobi u Velikom Bečkereku i sprečeno je prolivanje
krvi. Upravo u tome počiva istorijska uloga Srpskog narodnog odbora u Velikom
Bečkereku. Danas, kada je proteklo čitavo stoleće od kako
uživamo u blagodetima slobode, dužni smo da baštinimo i sa naročitim pijetetom
gajimo kulturu sećanja na velike podvige naših predaka predvodjenih dr Slavkom
Županskim koji su stali rame uz rame sa Ocima Oslobodjenja – kraljem Petrom,
regentom Aleksandrom, Nikolom Pašićem i Jašom Tomićem.“
Neka im je večna slava i hvala!
Tekst priredio arhivist Saša Mladenović');
INSERT INTO image (generic_element_id, file_path) VALUES (36, '/uploads/vest_36_0.jpg');
INSERT INTO image (generic_element_id, file_path) VALUES (36, '/uploads/vest_36_1.jpg');
INSERT INTO image (generic_element_id, file_path) VALUES (36, '/uploads/vest_36_2.jpg');
INSERT INTO image (generic_element_id, file_path) VALUES (36, '/uploads/vest_36_3.jpg');
INSERT INTO image (generic_element_id, file_path) VALUES (36, '/uploads/vest_36_4.jpg');
INSERT INTO image (generic_element_id, file_path) VALUES (36, '/uploads/vest_36_5.jpg');
INSERT INTO image (generic_element_id, file_path) VALUES (36, '/uploads/vest_36_6.jpg');
INSERT INTO image (generic_element_id, file_path) VALUES (36, '/uploads/vest_36_7.jpg');
INSERT INTO image (generic_element_id, file_path) VALUES (36, '/uploads/vest_36_8.jpg');
INSERT INTO image (generic_element_id, file_path) VALUES (36, '/uploads/vest_36_9.jpg');
INSERT INTO image (generic_element_id, file_path) VALUES (36, '/uploads/vest_36_10.jpg');
INSERT INTO image (generic_element_id, file_path) VALUES (36, '/uploads/vest_36_11.jpg');
INSERT INTO image (generic_element_id, file_path) VALUES (36, '/uploads/vest_36_12.jpg');
INSERT INTO image (generic_element_id, file_path) VALUES (36, '/uploads/vest_36_13.jpg');
INSERT INTO image (generic_element_id, file_path) VALUES (36, '/uploads/vest_36_14.jpg');
INSERT INTO image (generic_element_id, file_path) VALUES (36, '/uploads/vest_36_15.jpg');
INSERT INTO image (generic_element_id, file_path) VALUES (36, '/uploads/vest_36_16.jpg');
INSERT INTO generic_element (id, type, category_id) VALUES (35, 'Vesti', 1);
INSERT INTO text (source_id, source_table, field_name, lang, content) VALUES (35, 'generic_element', 'naslov', 'sr-Cyrl', 'АРХИВИСТ НИКОЛА ПЕТРИЧИЋ: ЗАШТИТА АРХИВСКЕ ГРАЂЕ У РЕГИСТРАТУРАМА У ПРОЦЕСУ ТРАНЗИЦИЈЕ ДРУШТВА');
INSERT INTO text (source_id, source_table, field_name, lang, content) VALUES (35, 'generic_element', 'naslov', 'sr', 'ARHIVIST NIKOLA PETRIČIĆ: ZAŠTITA ARHIVSKE GRADjE U REGISTRATURAMA U PROCESU TRANZICIJE DRUŠTVA');
INSERT INTO text (source_id, source_table, field_name, lang, content) VALUES (35, 'generic_element', 'opis', 'sr-Cyrl', 'Друштвено-економске промене које су почетком
деведесетих захватиле посткомунистичке земље средње, источне и југоисточне
европе и у којима су оне практично већ окончане, код нас су услед политичких
околности које су владале деведесетих година касније отпочеле и још увек су у
току. Као један од најважнијих чинилаца ових друштвено-економских промена је
својинска трансформација чији се крај назире јер је велики број друштвених
предузећа добио новог титулара својине. У светлу овакве својинске
трансформације наша струка се налази пред бројним изазовима које доносе нови
моменти по питању статуса архивске грађе, смештаја и чувања од стране нових
власника трансформисаних предузећа.
Искуства са којима се спољна служба суочава на
терену су различита. Од прихватања обавезе чувања и бриге за наслеђену архивску
грађу купљеног предузећа од стране новог власника, до потпуног немара и
незаинтересованости не само за архиву која је настала у претходном периоду,
него и за сам историјат предузећа и за све што се дешавало пре њиховог доласка
у предузеће као нових власника.
Пошто је могућност информисања о статусним
променама у разним привредним субјектима са наше територије једино могућа путем
медија, јер нас нико званично, службеним путем не обавештава о тим променама ,
ови процеси се врло брзо одвијају и може се на њих реаговати само накнадно .
Мада тешко применљив превентивни начин деловања
је најцелисходнији у оваквим случајевима и он би предупредио сваки могући
несавесни однос према архивској грађи. На терену од случаја до случаја, од
предузећа до предузећа, ситуација је потпуно различита. Практично сваки пример
промене власништва је прича за себе.
Од ситуација када нови власници сами зову архив и
интересују се по питању својих обавеза везано за смештај, чување и евидентирање
архивске грађе, до најтежих могућих облика уништења или шкартирања архивске
градје и рег. материјала мимо сваке листе категорија рег. материјала и мимо
знања надлежног архива.
Страни и наши власници и однос према грађи
Када су нови власници привредних субјеката из
земаља западне европе више је таквих примера углавном сами зову архив ради
успостављања будуће сарадње и интересују се за своје обавезе по питању чувања,
смештаја и евиденције архивске грађе. Некако чини се да пошто долазе из добро
организованих и уређених држава, где се зна ред у сваком погледу, једноставно
имају друштвену свест на високом нивоу о значају архивске грађе, и схватају наш
позив.
Као по правилу потпуно супротан случај је када су у питању својинске трансформације када су нови власници предузећа наши људи. Ту апсолутно нема бриге за архивску градју и она је углавном оно последње о чему они воде рачуна. Наилазимо током рада на најдрастичније примере намерног уништења архивске градје, отудјења, шкартирања регистратурског материјала на своју руку без икаквог писаног трага (записника о излучивању)…
Упозорење грађанима који долазе у архив и траже документа
Често се као проблем јављају и случајеви када
нови власници купе само објекте неког пропалог предузећа које више не
егзистира, а накнадно се у објекту пронађе архива тог бившег предузећа. Нове
власнике уопште и не интересује та архивска градја него су нестрпљиви да је се
што пре отарасе. Чак и када се новим власницима стави до знања значај и важност
архивске градје они то прихватају као нужно зло које морају да прихвате и да о
томе воде рачуна зато што постоје за њих „неки прописи“ који регулишу статус,
смештај и начин евиденције архивске градје.
На неки начин би се могло рећи да је још најбољи
епилог што се тиче наше службе и саме архивске градје у предузећима која се
нису снашла у новонасталим околностима пословања, када се предузећа не
трансформишу на успешан начин.
Онда се у највећем броју случаја после завршеног
стечаја архивска грађа преузима од стране архива и нема те неизвесности шта ће
се са њом десити и какав ће третман имати од стране новог власника. То је
посебно важно када се ради о старој архивској грађи која има велику вредност ,
и за коју је најсигурније да је у архиву, уместо да буде препуштена на милост и
немилост неком новом власнику фирме.
Неколико примера представљају најтеже облике
уништења веома вредне архивске грађе.
Пример фабрике намештаја “Жарко Зрењанин“ из
Зрењанина , фабрике са вишедеценијском традицијом у којој није сачуван
апсолутно ниједан дужни метар архивске грађе након што је она прешла у руке
нових власника говори сам за себе.
Случај зрењанинске фабрике дувана која егзистира
чак од прве деценије прошлог века, у којој је на волшебан начин потпуно нестала
готово цела архива упозорава на самовољу нових власника на коју се мора
одговорити на адекватан начин, али из ових или оних разлога архивима су често
везане руке.
Међутим много су чешћи примери промене власништва
у предузећима који су неретко праћени мањим или већим потресима, али се то није
одразило на бригу, смештај, евиденцију и свеукупан однос према архивској грађи.
Примери добре праксе
Примери фабрике лекова “Југоремедије“, фабрике
млека и млечних производа“Млекопродукта“, фабрике коже “Тоза“, фабрике
радијатора “Радијатор“ говоре у прилог чињеници да је ипак много више случајева
у којима се приватизација привредних субјеката није одразила на положај и
статус архивске грађе у тим предузећима.
Обзиром да је масовна приватизација код нас
каснила због догађаја из деведесетих година, могле су се извући поуке из земаља
које су завршиле свој транзициони период, и искористити искуства са њихових
примера приватизације предузећа и поступања са архивском грађом у таквим
случајевима. Међутим пошто се наша земља још увек бави решавањем неких
суштинских, државотворних питања није се ни могло очекивати да се може
усресредити на решавање стања у нашој области (култури).
Закључак
Данас када су ове велике друштвене реформе укључујући и саму својинску трансформацију већ на измаку архивска служба је испратила сам процес онако како је у објективно датим околностима једино и могла. У општем стању друштвеног слома и разних трагичних догађаја који су нас не тако давно задесили, још се може и рећи да је уз ређе примере оштећења и уништења архивске грађе од стране нових власника приватизованих предузећа ипак у целини гледано архивска грађа опстала на терену и да је сачувана у безбедном стању. На архивима је задатак да у наредном периоду наставе да инсистирају на афирмацији свог статуса и положаја у друштву и подизању друштвене свести о значају архивске грађе као једног од сведочанстава времена која су за нама и која ће бити за нама.
Текст приредио: архивист Саша Младеновић');
INSERT INTO text (source_id, source_table, field_name, lang, content) VALUES (35, 'generic_element', 'opis', 'sr', 'Društveno-ekonomske promene koje su početkom
devedesetih zahvatile postkomunističke zemlje srednje, istočne i jugoistočne
evrope i u kojima su one praktično već okončane, kod nas su usled političkih
okolnosti koje su vladale devedesetih godina kasnije otpočele i još uvek su u
toku. Kao jedan od najvažnijih činilaca ovih društveno-ekonomskih promena je
svojinska transformacija čiji se kraj nazire jer je veliki broj društvenih
preduzeća dobio novog titulara svojine. U svetlu ovakve svojinske
transformacije naša struka se nalazi pred brojnim izazovima koje donose novi
momenti po pitanju statusa arhivske gradje, smeštaja i čuvanja od strane novih
vlasnika transformisanih preduzeća.
Iskustva sa kojima se spoljna služba suočava na
terenu su različita. Od prihvatanja obaveze čuvanja i brige za nasledjenu arhivsku
gradju kupljenog preduzeća od strane novog vlasnika, do potpunog nemara i
nezainteresovanosti ne samo za arhivu koja je nastala u prethodnom periodu,
nego i za sam istorijat preduzeća i za sve što se dešavalo pre njihovog dolaska
u preduzeće kao novih vlasnika.
Pošto je mogućnost informisanja o statusnim
promenama u raznim privrednim subjektima sa naše teritorije jedino moguća putem
medija, jer nas niko zvanično, službenim putem ne obaveštava o tim promenama ,
ovi procesi se vrlo brzo odvijaju i može se na njih reagovati samo naknadno .
Mada teško primenljiv preventivni način delovanja
je najcelishodniji u ovakvim slučajevima i on bi predupredio svaki mogući
nesavesni odnos prema arhivskoj gradji. Na terenu od slučaja do slučaja, od
preduzeća do preduzeća, situacija je potpuno različita. Praktično svaki primer
promene vlasništva je priča za sebe.
Od situacija kada novi vlasnici sami zovu arhiv i
interesuju se po pitanju svojih obaveza vezano za smeštaj, čuvanje i evidentiranje
arhivske gradje, do najtežih mogućih oblika uništenja ili škartiranja arhivske
gradje i reg. materijala mimo svake liste kategorija reg. materijala i mimo
znanja nadležnog arhiva.
Strani i naši vlasnici i odnos prema gradji
Kada su novi vlasnici privrednih subjekata iz
zemalja zapadne evrope više je takvih primera uglavnom sami zovu arhiv radi
uspostavljanja buduće saradnje i interesuju se za svoje obaveze po pitanju čuvanja,
smeštaja i evidencije arhivske gradje. Nekako čini se da pošto dolaze iz dobro
organizovanih i uredjenih država, gde se zna red u svakom pogledu, jednostavno
imaju društvenu svest na visokom nivou o značaju arhivske gradje, i shvataju naš
poziv.
Kao po pravilu potpuno suprotan slučaj je kada su u pitanju svojinske transformacije kada su novi vlasnici preduzeća naši ljudi. Tu apsolutno nema brige za arhivsku gradju i ona je uglavnom ono poslednje o čemu oni vode računa. Nailazimo tokom rada na najdrastičnije primere namernog uništenja arhivske gradje, otudjenja, škartiranja registraturskog materijala na svoju ruku bez ikakvog pisanog traga (zapisnika o izlučivanju)…
Upozorenje gradjanima koji dolaze u arhiv i traže dokumenta
Često se kao problem javljaju i slučajevi kada
novi vlasnici kupe samo objekte nekog propalog preduzeća koje više ne
egzistira, a naknadno se u objektu pronadje arhiva tog bivšeg preduzeća. Nove
vlasnike uopšte i ne interesuje ta arhivska gradja nego su nestrpljivi da je se
što pre otarase. Čak i kada se novim vlasnicima stavi do znanja značaj i važnost
arhivske gradje oni to prihvataju kao nužno zlo koje moraju da prihvate i da o
tome vode računa zato što postoje za njih „neki propisi“ koji regulišu status,
smeštaj i način evidencije arhivske gradje.
Na neki način bi se moglo reći da je još najbolji
epilog što se tiče naše službe i same arhivske gradje u preduzećima koja se
nisu snašla u novonastalim okolnostima poslovanja, kada se preduzeća ne
transformišu na uspešan način.
Onda se u najvećem broju slučaja posle završenog
stečaja arhivska gradja preuzima od strane arhiva i nema te neizvesnosti šta će
se sa njom desiti i kakav će tretman imati od strane novog vlasnika. To je
posebno važno kada se radi o staroj arhivskoj gradji koja ima veliku vrednost ,
i za koju je najsigurnije da je u arhivu, umesto da bude prepuštena na milost i
nemilost nekom novom vlasniku firme.
Nekoliko primera predstavljaju najteže oblike
uništenja veoma vredne arhivske gradje.
Primer fabrike nameštaja “Žarko Zrenjanin“ iz
Zrenjanina , fabrike sa višedecenijskom tradicijom u kojoj nije sačuvan
apsolutno nijedan dužni metar arhivske gradje nakon što je ona prešla u ruke
novih vlasnika govori sam za sebe.
Slučaj zrenjaninske fabrike duvana koja egzistira
čak od prve decenije prošlog veka, u kojoj je na volšeban način potpuno nestala
gotovo cela arhiva upozorava na samovolju novih vlasnika na koju se mora
odgovoriti na adekvatan način, ali iz ovih ili onih razloga arhivima su često
vezane ruke.
Medjutim mnogo su češći primeri promene vlasništva
u preduzećima koji su neretko praćeni manjim ili većim potresima, ali se to nije
odrazilo na brigu, smeštaj, evidenciju i sveukupan odnos prema arhivskoj gradji.
Primeri dobre prakse
Primeri fabrike lekova “Jugoremedije“, fabrike
mleka i mlečnih proizvoda“Mlekoprodukta“, fabrike kože “Toza“, fabrike
radijatora “Radijator“ govore u prilog činjenici da je ipak mnogo više slučajeva
u kojima se privatizacija privrednih subjekata nije odrazila na položaj i
status arhivske gradje u tim preduzećima.
Obzirom da je masovna privatizacija kod nas
kasnila zbog dogadjaja iz devedesetih godina, mogle su se izvući pouke iz zemalja
koje su završile svoj tranzicioni period, i iskoristiti iskustva sa njihovih
primera privatizacije preduzeća i postupanja sa arhivskom gradjom u takvim
slučajevima. Medjutim pošto se naša zemlja još uvek bavi rešavanjem nekih
suštinskih, državotvornih pitanja nije se ni moglo očekivati da se može
usresrediti na rešavanje stanja u našoj oblasti (kulturi).
Zaključak
Danas kada su ove velike društvene reforme uključujući i samu svojinsku transformaciju već na izmaku arhivska služba je ispratila sam proces onako kako je u objektivno datim okolnostima jedino i mogla. U opštem stanju društvenog sloma i raznih tragičnih dogadjaja koji su nas ne tako davno zadesili, još se može i reći da je uz redje primere oštećenja i uništenja arhivske gradje od strane novih vlasnika privatizovanih preduzeća ipak u celini gledano arhivska gradja opstala na terenu i da je sačuvana u bezbednom stanju. Na arhivima je zadatak da u narednom periodu nastave da insistiraju na afirmaciji svog statusa i položaja u društvu i podizanju društvene svesti o značaju arhivske gradje kao jednog od svedočanstava vremena koja su za nama i koja će biti za nama.
Tekst priredio: arhivist Saša Mladenović');
INSERT INTO image (generic_element_id, file_path) VALUES (35, '/uploads/vest_35_0.jpg');
INSERT INTO image (generic_element_id, file_path) VALUES (35, '/uploads/vest_35_1.jpg');
INSERT INTO image (generic_element_id, file_path) VALUES (35, '/uploads/vest_35_2.jpg');
INSERT INTO image (generic_element_id, file_path) VALUES (35, '/uploads/vest_35_3.jpg');
INSERT INTO image (generic_element_id, file_path) VALUES (35, '/uploads/vest_35_4.jpg');
INSERT INTO image (generic_element_id, file_path) VALUES (35, '/uploads/vest_35_5.jpg');
INSERT INTO image (generic_element_id, file_path) VALUES (35, '/uploads/vest_35_6.jpg');
INSERT INTO image (generic_element_id, file_path) VALUES (35, '/uploads/vest_35_7.jpg');
INSERT INTO image (generic_element_id, file_path) VALUES (35, '/uploads/vest_35_8.jpg');
INSERT INTO generic_element (id, type, category_id) VALUES (34, 'Vesti', 1);
INSERT INTO text (source_id, source_table, field_name, lang, content) VALUES (34, 'generic_element', 'naslov', 'sr-Cyrl', 'ПРОМОЦИЈА РЕПРИНТА МОНОГРАФИЈЕ ПЕТРОВГРАД И ПРВОГ СРПСКОГ НАРОДНОГ ОДБОРА 1918.');
INSERT INTO text (source_id, source_table, field_name, lang, content) VALUES (34, 'generic_element', 'naslov', 'sr', 'PROMOCIJA REPRINTA MONOGRAFIJE PETROVGRAD I PRVOG SRPSKOG NARODNOG ODBORA 1918.');
INSERT INTO text (source_id, source_table, field_name, lang, content) VALUES (34, 'generic_element', 'opis', 'sr-Cyrl', 'Промоција чувене монографије „Петровград“ коју је приредила група националних првака 1938. године, уредника Александар М. Станојловића и уникатно историографско дело и књиге „Први Српски народни одбор 1918.“ најстаријег историчара града на Бегеју Милана Ђуканова, одржана је у Великој сали Народног музеја у Зрењанину.
Ради се о репринтима чувених
дела која су приредили овога пута Град Зрењанин, Историјски архив Зрењанин, ГНБ
„Жарко Зрењанин“ и Издавачка кућа „Чувари“ из Београда.
Особа задужена за односе са
јавношћу у овој реномираној културној институцији Александра Ђурић је
најавила  културно-уметнички део програма
и композицију чувеног Исидора Бајића  “Све
док је тога благог ока“ у извођењу вокалне солисткиње Мирјане Младеновић.
Испред издавача ових значајних дела обратио се великом броју присутних гостију модератор промоције архивист Саша Младеновић:
„Добро дошли поштовани
посетиоци, окупили смо се данас на промоцији два чувена дела која говоре о
историји и идентитету нашег града. Треће издање најбоље монографије о једном
граду између два светска рата „Петровград“ и за сада јединог, озбиљног
историографског дела о преломним догађајима из историје ослобођења нашег града
у Великом рату “Први српски народни одбор 1918.“ Молим вас да великим аплаузом
поздравимо најстаријег живог историчара и дугогодишњег директора историјског
архива Милана Ђуканова, који је са нама вечерас. (аплауз) Данас са великом
радошћу и свешћу о значају ових дела као симбола идентитета на овим просторима
ће нам говорити:  Професор историје Рако
Томовић, директор Народне библиотеке “Жарко Зрењанин“ Милан Бјелогрлић,
протојереј др.Нинослав Качарић парох при храму Ваведења Пресвете Богородице у
Петровграду. О мотивима штампања и представљања трећег издања монографије
„Петровград“ и књиге „Први Српски народни одбор1918.“ Милана Ђуканова говориће
најбољи говорник у нашем граду директор ГНБ.“Жарко Зрењанин“ Милан Бјелогрлић
Бели.
Личности посебно заслужне за
ово поновљено издање су градоначелник Зрењанина Чедомир Јањић, директорка
Историјског архива Мирјана Баста, власник Издавачке куће „Чувари“ Дејан
Павловић и директор ГНБ „Жарко Зрењанин“ Милан Бјелогрлић Бели.
„Заборав је први корак
нестајања и за појединца и за заједницу, народ. У историји је доказано, да
нестају са историјске сцене не само мали народи, него и велики у колико
заборављају. Ево, пред нашим очима се одвијају последице наших заборава, нашег
страшног греха, да ћутимо и да не проговоримо о нашој историји, страдања нашег
народа, српског…Ми смо прошле године славили сто година од Великог рата и
великог страдања, велике погибије и великих победа. Све смо то сами гурнули под
тепих, не под притиском великих мајстора светске сцене, него ми сами, из
наопаких идеолошких разлога…Наше културно наслеђе и наша историја заслужују, да
памтимо, да стекнемо поуздања, јер без самосвести не можемо искорачити на
савремену ветрометину. Можемо бити само бесловенсна маса. Мислимо, да имамо
свој идентитет, да имамо право на свој државни суверенитет али то можемо имати
само са историјском и културном свешћу. Темеља и грађе има а да ли има воље и
спремности…“ – запитао се Бјелогрлић?
Културно уметнички део
програма је био обогаћен наступом двојице талентованих гитариста у својој
генерацији ученика музичке школе „Јосиф Маринковић“ Михаила Младеновића и Уроша
Дерикраве. Они су за ово вече одабрали и извели композиције чувеног Јохана
Себастијана Баха. Заиста и уз јеку гусала и уз мелодије светских композитора,
Срби сведоче своју дубоку везу са коренима европске и светске цивилизације.
Потом је најстарији
историчар Зрењанинске гимназије професор Рако Томовић приближио присутнима
значај монографије „Петровград“, која има своју актуелност и данас. Ко не
верује нека прочита ову књигу, која је и данас репер како треба писати
монографије градова, каже Томовић. Он је упозорио нашу јавност на опасну појаву
у историји коју је запазио у контактима са иностраним историчарима.
„Релативизација историјских
чињеница и догађаја је јако озбиљан проблем, на који би овом приликом скренуо
пажњу. Један трагични догађај, једно трагично страдање српског народа у 20.
веку у Првом светском рату, па у другом и да не идемо дубље у историју, само у
два светска рата је било неупитно. Међутим, када се та чињеница релативизује,
када се каже на једном месту, погинуло је или поклано толико, па на другом
погинуло је оволико. Рецимо, поклано је само четрдесет тисућа у Јасеновцу, кад
то каже доктор историјских наука, то је онда страшно. Историчари треба да врше
истраживања на основу историсјких извора, документа, доказа а не неких
измишљања. Али такве изјаве улазе у уши људи, преводе се на разне језике и на
крају све то доводи до тога да свет каже: Шта ти Срби хоће, о каквом покољу они
пишу, нису они ни страдали, ко им је крив и ако су страдали?…“
Чувене историсјке говоре др
Славка Жупанског упућене ослободиоцима Великог Бечкерека (Петровграда,
Зрењанина) у Великом рату и отпоздрав бригадира Драгутина Ристића који је
упутио са балкона данашње Градске куће прочитала је надахнуто мр Бранка Јајић,
доајен новинарства у граду на Бегеју.
Милан Бјелогрлић Бели је
искористио прилику да присутној публици представи госте нашег града, који су са
пажњом пратили промоцију, реномиране фотографе и форорепортере из земље и
иностранства, који су учесници друге фотографске колоније, којима је уручио по
примерак монографије „Петровград“ и књиге Милана Ђуканова. Госте је представио
идејни творац колоније познати фоторепортер Јован Његовић Дрндак.
На тему сакралних објеката и црквеног живота у некадашњем Петровграду говорио је протојереј храма Ваведења Пресвете Богородице др Нинослав Качарић. Он је упутио благослов, у амбијенту старих банатских икона које су тема изложбе нашег музеја,традиционалним хришћанским поздравом „Христос Воскресе“! Уважени протојереј је потом говорио о храмовима СПЦ на територији града, њиховој торжественој лепоти и старини.
Промоција је завршена једном
од најлепших патриотских новокомпонованих песама новијег датума „Ово је Србија“
текстописца Николе Грбића у интерпретацији Мирјане Младеновић.
Аутор текста: архивист Саша Младеновић (Фото: архивист историчар  Живојин Радловачки и  архивист Бранислав Милошев)');
INSERT INTO text (source_id, source_table, field_name, lang, content) VALUES (34, 'generic_element', 'opis', 'sr', 'Promocija čuvene monografije „Petrovgrad“ koju je priredila grupa nacionalnih prvaka 1938. godine, urednika Aleksandar M. Stanojlovića i unikatno istoriografsko delo i knjige „Prvi Srpski narodni odbor 1918.“ najstarijeg istoričara grada na Begeju Milana Djukanova, održana je u Velikoj sali Narodnog muzeja u Zrenjaninu.
Radi se o reprintima čuvenih
dela koja su priredili ovoga puta Grad Zrenjanin, Istorijski arhiv Zrenjanin, GNB
„Žarko Zrenjanin“ i Izdavačka kuća „Čuvari“ iz Beograda.
Osoba zadužena za odnose sa
javnošću u ovoj renomiranoj kulturnoj instituciji Aleksandra Djurić je
najavila  kulturno-umetnički deo programa
i kompoziciju čuvenog Isidora Bajića  “Sve
dok je toga blagog oka“ u izvodjenju vokalne solistkinje Mirjane Mladenović.
Ispred izdavača ovih značajnih dela obratio se velikom broju prisutnih gostiju moderator promocije arhivist Saša Mladenović:
„Dobro došli poštovani
posetioci, okupili smo se danas na promociji dva čuvena dela koja govore o
istoriji i identitetu našeg grada. Treće izdanje najbolje monografije o jednom
gradu izmedju dva svetska rata „Petrovgrad“ i za sada jedinog, ozbiljnog
istoriografskog dela o prelomnim dogadjajima iz istorije oslobodjenja našeg grada
u Velikom ratu “Prvi srpski narodni odbor 1918.“ Molim vas da velikim aplauzom
pozdravimo najstarijeg živog istoričara i dugogodišnjeg direktora istorijskog
arhiva Milana Djukanova, koji je sa nama večeras. (aplauz) Danas sa velikom
radošću i svešću o značaju ovih dela kao simbola identiteta na ovim prostorima
će nam govoriti:  Profesor istorije Rako
Tomović, direktor Narodne biblioteke “Žarko Zrenjanin“ Milan Bjelogrlić,
protojerej dr.Ninoslav Kačarić paroh pri hramu Vavedenja Presvete Bogorodice u
Petrovgradu. O motivima štampanja i predstavljanja trećeg izdanja monografije
„Petrovgrad“ i knjige „Prvi Srpski narodni odbor1918.“ Milana Djukanova govoriće
najbolji govornik u našem gradu direktor GNB.“Žarko Zrenjanin“ Milan Bjelogrlić
Beli.
Ličnosti posebno zaslužne za
ovo ponovljeno izdanje su gradonačelnik Zrenjanina Čedomir Janjić, direktorka
Istorijskog arhiva Mirjana Basta, vlasnik Izdavačke kuće „Čuvari“ Dejan
Pavlović i direktor GNB „Žarko Zrenjanin“ Milan Bjelogrlić Beli.
„Zaborav je prvi korak
nestajanja i za pojedinca i za zajednicu, narod. U istoriji je dokazano, da
nestaju sa istorijske scene ne samo mali narodi, nego i veliki u koliko
zaboravljaju. Evo, pred našim očima se odvijaju posledice naših zaborava, našeg
strašnog greha, da ćutimo i da ne progovorimo o našoj istoriji, stradanja našeg
naroda, srpskog…Mi smo prošle godine slavili sto godina od Velikog rata i
velikog stradanja, velike pogibije i velikih pobeda. Sve smo to sami gurnuli pod
tepih, ne pod pritiskom velikih majstora svetske scene, nego mi sami, iz
naopakih ideoloških razloga…Naše kulturno nasledje i naša istorija zaslužuju, da
pamtimo, da steknemo pouzdanja, jer bez samosvesti ne možemo iskoračiti na
savremenu vetrometinu. Možemo biti samo beslovensna masa. Mislimo, da imamo
svoj identitet, da imamo pravo na svoj državni suverenitet ali to možemo imati
samo sa istorijskom i kulturnom svešću. Temelja i gradje ima a da li ima volje i
spremnosti…“ – zapitao se Bjelogrlić?
Kulturno umetnički deo
programa je bio obogaćen nastupom dvojice talentovanih gitarista u svojoj
generaciji učenika muzičke škole „Josif Marinković“ Mihaila Mladenovića i Uroša
Derikrave. Oni su za ovo veče odabrali i izveli kompozicije čuvenog Johana
Sebastijana Baha. Zaista i uz jeku gusala i uz melodije svetskih kompozitora,
Srbi svedoče svoju duboku vezu sa korenima evropske i svetske civilizacije.
Potom je najstariji
istoričar Zrenjaninske gimnazije profesor Rako Tomović približio prisutnima
značaj monografije „Petrovgrad“, koja ima svoju aktuelnost i danas. Ko ne
veruje neka pročita ovu knjigu, koja je i danas reper kako treba pisati
monografije gradova, kaže Tomović. On je upozorio našu javnost na opasnu pojavu
u istoriji koju je zapazio u kontaktima sa inostranim istoričarima.
„Relativizacija istorijskih
činjenica i dogadjaja je jako ozbiljan problem, na koji bi ovom prilikom skrenuo
pažnju. Jedan tragični dogadjaj, jedno tragično stradanje srpskog naroda u 20.
veku u Prvom svetskom ratu, pa u drugom i da ne idemo dublje u istoriju, samo u
dva svetska rata je bilo neupitno. Medjutim, kada se ta činjenica relativizuje,
kada se kaže na jednom mestu, poginulo je ili poklano toliko, pa na drugom
poginulo je ovoliko. Recimo, poklano je samo četrdeset tisuća u Jasenovcu, kad
to kaže doktor istorijskih nauka, to je onda strašno. Istoričari treba da vrše
istraživanja na osnovu istorisjkih izvora, dokumenta, dokaza a ne nekih
izmišljanja. Ali takve izjave ulaze u uši ljudi, prevode se na razne jezike i na
kraju sve to dovodi do toga da svet kaže: Šta ti Srbi hoće, o kakvom pokolju oni
pišu, nisu oni ni stradali, ko im je kriv i ako su stradali?…“
Čuvene istorisjke govore dr
Slavka Županskog upućene oslobodiocima Velikog Bečkereka (Petrovgrada,
Zrenjanina) u Velikom ratu i otpozdrav brigadira Dragutina Ristića koji je
uputio sa balkona današnje Gradske kuće pročitala je nadahnuto mr Branka Jajić,
doajen novinarstva u gradu na Begeju.
Milan Bjelogrlić Beli je
iskoristio priliku da prisutnoj publici predstavi goste našeg grada, koji su sa
pažnjom pratili promociju, renomirane fotografe i fororeportere iz zemlje i
inostranstva, koji su učesnici druge fotografske kolonije, kojima je uručio po
primerak monografije „Petrovgrad“ i knjige Milana Djukanova. Goste je predstavio
idejni tvorac kolonije poznati fotoreporter Jovan Njegović Drndak.
Na temu sakralnih objekata i crkvenog života u nekadašnjem Petrovgradu govorio je protojerej hrama Vavedenja Presvete Bogorodice dr Ninoslav Kačarić. On je uputio blagoslov, u ambijentu starih banatskih ikona koje su tema izložbe našeg muzeja,tradicionalnim hrišćanskim pozdravom „Hristos Voskrese“! Uvaženi protojerej je potom govorio o hramovima SPC na teritoriji grada, njihovoj toržestvenoj lepoti i starini.
Promocija je završena jednom
od najlepših patriotskih novokomponovanih pesama novijeg datuma „Ovo je Srbija“
tekstopisca Nikole Grbića u interpretaciji Mirjane Mladenović.
Autor teksta: arhivist Saša Mladenović (Foto: arhivist istoričar  Živojin Radlovački i  arhivist Branislav Milošev)');
INSERT INTO image (generic_element_id, file_path) VALUES (34, '/uploads/vest_34_0.jpg');
INSERT INTO image (generic_element_id, file_path) VALUES (34, '/uploads/vest_34_1.jpg');
INSERT INTO image (generic_element_id, file_path) VALUES (34, '/uploads/vest_34_2.jpg');
INSERT INTO image (generic_element_id, file_path) VALUES (34, '/uploads/vest_34_3.jpg');
INSERT INTO image (generic_element_id, file_path) VALUES (34, '/uploads/vest_34_4.jpg');
INSERT INTO image (generic_element_id, file_path) VALUES (34, '/uploads/vest_34_5.jpg');
INSERT INTO image (generic_element_id, file_path) VALUES (34, '/uploads/vest_34_6.jpg');
INSERT INTO image (generic_element_id, file_path) VALUES (34, '/uploads/vest_34_7.jpg');
INSERT INTO image (generic_element_id, file_path) VALUES (34, '/uploads/vest_34_8.jpg');
INSERT INTO image (generic_element_id, file_path) VALUES (34, '/uploads/vest_34_9.jpg');
INSERT INTO image (generic_element_id, file_path) VALUES (34, '/uploads/vest_34_10.jpg');
INSERT INTO image (generic_element_id, file_path) VALUES (34, '/uploads/vest_34_11.jpg');
INSERT INTO image (generic_element_id, file_path) VALUES (34, '/uploads/vest_34_12.jpg');
INSERT INTO image (generic_element_id, file_path) VALUES (34, '/uploads/vest_34_13.jpg');
INSERT INTO generic_element (id, type, category_id) VALUES (33, 'Vesti', 1);
INSERT INTO text (source_id, source_table, field_name, lang, content) VALUES (33, 'generic_element', 'naslov', 'sr-Cyrl', 'АРХИВСКА САВЕТНИЦА ВАНДА ВОЈВОДИЋ МИЦОВА – ДР ЕМИЛИЈАН – ЕМИЛ ГАВРИЛА');
INSERT INTO text (source_id, source_table, field_name, lang, content) VALUES (33, 'generic_element', 'naslov', 'sr', 'ARHIVSKA SAVETNICA VANDA VOJVODIĆ MICOVA – DR EMILIJAN – EMIL GAVRILA');
INSERT INTO text (source_id, source_table, field_name, lang, content) VALUES (33, 'generic_element', 'opis', 'sr-Cyrl', 'Један је од најзначајнијих, а ако не и
најзначајнији грађанин Великог Бечкерека, (Петровграда и Зрењанина) који је
живео крајем 19. и почетком 20. века. Један од најзаслужнијих људи што су
Зрењанин, Банат и Војводина данас у саставу Србије и славе век од присаједињења.
Човек који је дао изузетно значајан допринос у друштвено-политичком, културном,
правном и просветном животу не само нашег града већ и у другим крајевима
насељеним Србима и јужним Словенима у Аусто-Угарској – др Емил Гаврила.
Елиту Великог Бечкерека у време Великог рата
чинили су адвокати, лекари, државни службеници, свештеници, официри, трговци,
земљопоседници, књижевници. Ђорђе Рашић Раша, др Миша Матић, др Славко
Жупански, Драгутим Мојић, Живко Терзин, Ђока Мијуцин, Живојин Терзин, Станислав
и Албина Обремски, Милош Стефановић, Милован Петровић, Тодор Манојловић, др
Андрија Васић, Михаило Веиновић су неки од најзначајнијих. Целокупна српска
елита тежила је истом циљу уједињењу са мајком Србијом. Интересантно је
напоменути да су и неки припадници немачке, мађарске и јеврејске елите тежили
истом циљу. Сем што су били врхунски стручњаци у својим областима ови људи били
су активни у разним националним организацијама као што су Соколско друштво,
четници, скаути , „Наша крила“ , Јадранска стража, „Народна одбрана“, Матица
Српска и разна добротворна друштва. У Банатском гласнику бр. 18 од 24.04.1931.
године новинар М. Јевтић написао је следеће „ Колевка нашег национализма,
Банат, има данас на животу три велика човека: Михаила Пупина, Уроша Предића и
Емила Гаврилу. А Банат јесте колевка нашег национализма, више него ма која
друга покрајина. Ту се он родио у глави оног чудноватог сужња у Хебу, Ђорђа
Бранковића. Њему, више хего икоме другом, имамо да захвалимо што су досељеници
из Старе Србије и Мећедоније, под Арсенијем Чарнојевићем, извојевали: да их
Хабзбуршка Монархија призна као посебан народ који има права и да за себе тражи
земљу коју насељава и да себи бира своје власти.“ Др Емил Гаврила, рођен је у
Великом Бечкереку 17. 04.1861. године. Крштен је 18.04.1861. У матичној књизи
Ваведењске цркве уписан је као Емилиан Гаврила, од оца Јована и мајке Лујзе.
Гимназију је завршио у родном граду, а право и
филозофију студирао је у Бечу, Бону, Будимпешти, Минхену, Берлину и Паризу. Био
је стипендиста задужбине Нестора Димитријевића. О његовом школовању у Банатском
Гласнику бр. 18 из 1931 године пише „Као дете срећнијех родитеља, изабрао је
пут школе. Иако школован по туђим школама, он је још за рана осећао у себи
свест: „ да школа посвећује доброг Србина служби народу – као што манастир
посвећује своје ђаке служби цркви и олтару.“ Своју докторску диплому добио је
на теми „ Баријерна држава.“
Сарадњу са разним српским и страним листовима
почео је још у раној младости. Адвокатуром је почео да се бави 1890. године у
Великом Бечкереку када почиње да уређује први српски лист „Глас“ до његовог
гашења 1893. године, када прелази у Нови Сад за директора листа „Застава“5. Као
директор „Заставе“ ублажавао је сукобе српских фракција које су биле окупљене
око листова „Браник“ и  „ Застава.“  У Сремским Карловцима 1894. године
организовао је Велики народни митрополијски збор против мађарских
црквено-политичких реформи , чија је намера била да се ограничи и ликвидира
српска црквено–школска аутономија.
О овом збору било је речи и у Банатском гласнику
бр. 18 из 1931. који наводи да је „Пестер Лојд“ у свом листу тврдио да је на
збору било 15 до 20 хиљада Срба. Да су сви сазивачи, па и др Гаврила, по том
маџарском листу, велики непријатељи маџарског народа. Исте године заједно са
још три словачка адвоката бранио је 18 румунских првака оптужених за велеиздају
на суду у Клаузенбургу у Ердељу. Организовао је у Будимпешти 1895. године
велики „ Народни конгрес Срба, Словака и Румуна“ који је усвојио протестну
резолуцију, због злоупотребе Закона о народности. Учесници конгреса захтевали
су употребу матерњег језика у школама и локалној администрацији. Овај конгрес
је чехословачки министар Милан Хоџа назвао претечом Мале антанте. Овим
конгресом пружио је најјаснији доказ о политичкој и националној свести српској.
Своју националну мисију наставио је у Босни и
Херцеговини 1896. године, где је сарађивао са босанским Србима у борби за
национална и верска права. Александар Станојловић у књизи Петровград из 1938.
године наводи да је 1896. године саставио Србима из Босне меморандум о
националном, верском и просветном стању Срба у Босни, док се у Српском
биографском речнику 2 наводи да је 1896. године прешао из Босне у Беч где је
саставио овај меморандум. Чак се и наводи да је 1897. саставио аграрни
меморандум. О његовом раду Босни записано је у Банатском гласнику бр. 18., 1931
година. „ Тада је први пут наша омладина схватила прави значај националне борбе
у Босни и Херцеговини: да ту не треба ослобађати наш народ само од туђинске
власти, него и од ага и бегова .“ Велику улогу имао је и у одржавању
Петровданског сабора 1897. године који је донео манифест против реформе о
грађанском браку. Сачинио је 1898. године меморандум у одбрану народно црквене
самоуправе Срба у Угарској, којим је указао на неправде које је Аустроугарска
чинила Србима на националном, верском и просветном пољу. Српска влада га је
1901. поставила за правног референта генералног конзулата у Будимпешти да би
наставио што боље да делује на националном плану. Први српски политички лист у
Босни „Српска ријеч“ покренуо је 1905. године. Уживао је поверење не само
српских првака у Босни већ и муслиманских, па је уређивао и издао „ Списе
исламског народа Босне и Херцеговине у ствари вјерско-просветног уређења и
самоуправе.“ Уређивао је Босанско- херцеговачки зборник у којем је објавио низ
својих расправа. У Новом Саду издао је шест књига овог зборника. Са групом
ентузијаста основао је и Српски соколски покрет у Босни.
Своје чланке и расправе објављивао је у разним
часописима и новинама. У време затегнутих националних односа долази до
Сарајевског атентата 28.06.1914. године. Након објаве рата Аустроугарска је
прогласила увођење преког суда и тада почиње терор над српским становништвом и
осталим слободољубивим људима у Великом Бекереку и околини. Похапшени су виђенији
Срби, а већина њих је била ухапшена само због своје националне припадности.
Хајка на поједине Бечкеречане почела је дан након сарајевског атентата. Двојица
наших суграђана оптужена су за саучесништво у атентату. Др Емил Гаврила оптужен
је за велеиздају само због тога што је један део живота провео у Босни.
Ухапсили су не само њега већ и његову супругу Олгу, која му је помагала у
његовом политичком раду. Интернирали су их у Кишкунхалаш у Мађарској, где су
провели читав рат.
За присаједињење Баната, Бачке и Барање Краљевини
Србији најзаслужнији су Бечкеречани. Први Српски народни одбор формиран је на
иницијативу др Славка Жупанског у згради српске православне црквене општине
31.10.1918. године у Великом Бечкереку. Касније су исти одбори основани широм
Баната, Бачке и Барање. Ово веће основало је деветоро истакнутих грађана
Бечкерека: др Андрија Васић, прота Жарко Стакић, поп Драгутин Мојић, Живно
Терзин, Милан Ракић, Паја Ристић, Светозар Исаковић, Јефта Вуков и др Славко
Жупански. За председника био је изабран др Андрија Васићи, адвокат, а за
почасног др Емил Гаврила. Слободу је дочекао новембра 1918. године. Српски
народни одбор из Великог Бечкерека изабрао га је за делегата на Великој
народној скупштини у Новом Саду 25.11.1918 године. На овој скупштини изабран је
за члана Народне управе за Банат, Бачку и Барању. Велики жупан
Торонталско-тамишке жупаније био је од 01. априла до 01. септембра 1920.
године. Његовим залагањем 1920 год. основана је Банатска трговачкоиндустријска
и занатска комора са седиштем у Великом Бечкереку. Почетком 1924. године
преселио се у Београд где је радио у разним листовима и часописима. Од 1931.
године па до своје смрти 1933. године био је сенатор Југославије. Његовом
заслугом спречено је укидање коморе и трговачке академије у Петровграду. Био је
члан скупштине епархије Бачке што се може видети из позива за седницу скупштине
1897. године Такође је био члан скупштине Матице Српске 1929. Радио је на
оснивању српских земљорадничких задруга. Био је председник црквене општине
нашег града и велики донатор „Јадранској стражи.“
Тешко је оболео 1931. године. Чак је и Банатски
гласник извештавао о његовом здравственом стању у бр. 45 из 1931 године „ Три
лекара др Матић, др Пешић и др Ледерер, употребили су све своје знање да
високом болеснику помогну у овом тешком часу. Захваљујући томе савесном
лекарском напору и изванредној сачуваној отпорној снази нашег великог човека др
Гаврила пребродио тешку кризу и већ ових дана види се на нашим улицама да се
користи овим лепим топлим сунцем, које нам је даровала ова благосна позна
јесен.“
Био је ожењен Олгом Гаврила, која је у друштву
била цењена као борбена и једна од ретких интернираних жена због рада на
националном ослобођењу. Поводом његовог седамдесетог рођендана уприличена је
прослава у родном граду Банатски гласник из 1931. писао је о томе „ Цвет
родољубивог и интелектуалног света у нашем граду сабрао се у пространој дворани
Дома Народне Одбране и достојно одао пошту дици и поносу Великог Бечкерека у
једној спонтаној манифестацији осећања захвалности према великом раду његовом.
Свечаном скупу присуствовало је 75 особа, међу којима је било присталица свих
ранијих странака, бивших радикала бивших демократа, бивших самосталаца и бивших
социјалиста. Гро су чинили доктори, али је било и трговаца и занатлија и
чиновника и приватијера у лепом броју. Самим тим учињена је најлепша почаст
човеку, који кроз цео свој велики живот мирио супротности и радио на слози
Срба, па Југословена, па народности мањина.“ Том приликом испричао је и
анегдоту коју је забележио новинар Банатског гласника „ Добио је понуду од
црногорског председника владе, др Л. Томановића, да дође у Црну Гору и буде
министар. Одбио је. Па је, када му је од Тисиног режима понуђена титула барона,
преко његове добре покојне супруге, одговорио: када није примио титулу
црногорског министра правде, не треба му ни титула маџарског барона.“
Умро је 27.08.1933. године у Рогашкој Слатини за
време ручка у кафани „Бел ви.“ Посмртни остатци пренесени су из Рогашке Слатине
преко Загреба, Винковаца и Суботице за Велики Бечкерек. Ковчег је стигао 29.08.
1933. године око три сата поподне и био је изложен у палати бивше жупаније која
је како се наводи у Политици од 30.08. 1933. године била декорисана црним
драперијама, многим венцима и цвећем. Сахрани су присуствовали представници
Сената, Народне скупштине, изасланик Дунавске Бановине, представници свих
државних надлештава као и свих хуманитарних удружења у којима је покојни др
Гаврила био члан. После молитве за упокојене ковчег је изнесен пред зграду где
се у име Сената Краљевине Југославије и покојникових другова опростио Васа
Глушац сенатор. Спровод је потом кренуо кроз Александрову улицу, па у Успенску
цркву. Тамо је опело обавио протонамесник Паја Милић уз садејство свештенства.
Сахрањен је у породичној гробници на Томашевачком гробљу. Он је доказ да велики
човек може бити пророк и у својој земљи, да човек не живи само за себе, већ за
народ из којег је поникао. За крај ћу цитирати новинара из Банатског гласника
који је о др Емилу Гаврилу написао „Цео живот је био једна слава народу, коме
је зрачио као кула светиљка на узбурканом мору.“
Од почетка каријере јавног радника др Емил Гаврила био је слободоуман и присталица прогреса. Много снаге уложио је у борбу за очување наше црквене аутономије јер је схватио њен национални и политички значај. Тежио је да одржи на окупу све наше народне снаге, да отклони све оно што раздваја поједине групе међу собом, да наш народ потражи пут и могућности да привредно ојача. Политичко начело му је било да увек води рачуна о најслабијима у друштву. Бринуо се да и они дођу до своје коре хлеба. Иако су га Мађари за време Првог светског рата немилице прогонили ипак је веровао да је мађарски народ сам по себи добар и племенит. Његов идеал живота био је да не буде ратова и немира у свету; ратова споља, немира унутра. До краја свог живота радио је на културном и националном пољу. Можемо рећи да није било ни једног културног или националног подухвата у коме он није посредно или непосредно учествовао. Био је искрени патриота, одличан радник и говорник.Увек је мислио на опште добро свога народа и својих ближњих. Био достојанствен и одмерен.
Текст приредио архивист Саша Младеновић');
INSERT INTO text (source_id, source_table, field_name, lang, content) VALUES (33, 'generic_element', 'opis', 'sr', 'Jedan je od najznačajnijih, a ako ne i
najznačajniji gradjanin Velikog Bečkereka, (Petrovgrada i Zrenjanina) koji je
živeo krajem 19. i početkom 20. veka. Jedan od najzaslužnijih ljudi što su
Zrenjanin, Banat i Vojvodina danas u sastavu Srbije i slave vek od prisajedinjenja.
Čovek koji je dao izuzetno značajan doprinos u društveno-političkom, kulturnom,
pravnom i prosvetnom životu ne samo našeg grada već i u drugim krajevima
naseljenim Srbima i južnim Slovenima u Austo-Ugarskoj – dr Emil Gavrila.
Elitu Velikog Bečkereka u vreme Velikog rata
činili su advokati, lekari, državni službenici, sveštenici, oficiri, trgovci,
zemljoposednici, književnici. Djordje Rašić Raša, dr Miša Matić, dr Slavko
Županski, Dragutim Mojić, Živko Terzin, Djoka Mijucin, Živojin Terzin, Stanislav
i Albina Obremski, Miloš Stefanović, Milovan Petrović, Todor Manojlović, dr
Andrija Vasić, Mihailo Veinović su neki od najznačajnijih. Celokupna srpska
elita težila je istom cilju ujedinjenju sa majkom Srbijom. Interesantno je
napomenuti da su i neki pripadnici nemačke, madjarske i jevrejske elite težili
istom cilju. Sem što su bili vrhunski stručnjaci u svojim oblastima ovi ljudi bili
su aktivni u raznim nacionalnim organizacijama kao što su Sokolsko društvo,
četnici, skauti , „Naša krila“ , Jadranska straža, „Narodna odbrana“, Matica
Srpska i razna dobrotvorna društva. U Banatskom glasniku br. 18 od 24.04.1931.
godine novinar M. Jevtić napisao je sledeće „ Kolevka našeg nacionalizma,
Banat, ima danas na životu tri velika čoveka: Mihaila Pupina, Uroša Predića i
Emila Gavrilu. A Banat jeste kolevka našeg nacionalizma, više nego ma koja
druga pokrajina. Tu se on rodio u glavi onog čudnovatog sužnja u Hebu, Djordja
Brankovića. Njemu, više hego ikome drugom, imamo da zahvalimo što su doseljenici
iz Stare Srbije i Mećedonije, pod Arsenijem Čarnojevićem, izvojevali: da ih
Habzburška Monarhija prizna kao poseban narod koji ima prava i da za sebe traži
zemlju koju naseljava i da sebi bira svoje vlasti.“ Dr Emil Gavrila, rodjen je u
Velikom Bečkereku 17. 04.1861. godine. Kršten je 18.04.1861. U matičnoj knjizi
Vavedenjske crkve upisan je kao Emilian Gavrila, od oca Jovana i majke Lujze.
Gimnaziju je završio u rodnom gradu, a pravo i
filozofiju studirao je u Beču, Bonu, Budimpešti, Minhenu, Berlinu i Parizu. Bio
je stipendista zadužbine Nestora Dimitrijevića. O njegovom školovanju u Banatskom
Glasniku br. 18 iz 1931 godine piše „Kao dete srećnijeh roditelja, izabrao je
put škole. Iako školovan po tudjim školama, on je još za rana osećao u sebi
svest: „ da škola posvećuje dobrog Srbina službi narodu – kao što manastir
posvećuje svoje djake službi crkvi i oltaru.“ Svoju doktorsku diplomu dobio je
na temi „ Barijerna država.“
Saradnju sa raznim srpskim i stranim listovima
počeo je još u ranoj mladosti. Advokaturom je počeo da se bavi 1890. godine u
Velikom Bečkereku kada počinje da uredjuje prvi srpski list „Glas“ do njegovog
gašenja 1893. godine, kada prelazi u Novi Sad za direktora lista „Zastava“5. Kao
direktor „Zastave“ ublažavao je sukobe srpskih frakcija koje su bile okupljene
oko listova „Branik“ i  „ Zastava.“  U Sremskim Karlovcima 1894. godine
organizovao je Veliki narodni mitropolijski zbor protiv madjarskih
crkveno-političkih reformi , čija je namera bila da se ograniči i likvidira
srpska crkveno–školska autonomija.
O ovom zboru bilo je reči i u Banatskom glasniku
br. 18 iz 1931. koji navodi da je „Pester Lojd“ u svom listu tvrdio da je na
zboru bilo 15 do 20 hiljada Srba. Da su svi sazivači, pa i dr Gavrila, po tom
madžarskom listu, veliki neprijatelji madžarskog naroda. Iste godine zajedno sa
još tri slovačka advokata branio je 18 rumunskih prvaka optuženih za veleizdaju
na sudu u Klauzenburgu u Erdelju. Organizovao je u Budimpešti 1895. godine
veliki „ Narodni kongres Srba, Slovaka i Rumuna“ koji je usvojio protestnu
rezoluciju, zbog zloupotrebe Zakona o narodnosti. Učesnici kongresa zahtevali
su upotrebu maternjeg jezika u školama i lokalnoj administraciji. Ovaj kongres
je čehoslovački ministar Milan Hodža nazvao pretečom Male antante. Ovim
kongresom pružio je najjasniji dokaz o političkoj i nacionalnoj svesti srpskoj.
Svoju nacionalnu misiju nastavio je u Bosni i
Hercegovini 1896. godine, gde je saradjivao sa bosanskim Srbima u borbi za
nacionalna i verska prava. Aleksandar Stanojlović u knjizi Petrovgrad iz 1938.
godine navodi da je 1896. godine sastavio Srbima iz Bosne memorandum o
nacionalnom, verskom i prosvetnom stanju Srba u Bosni, dok se u Srpskom
biografskom rečniku 2 navodi da je 1896. godine prešao iz Bosne u Beč gde je
sastavio ovaj memorandum. Čak se i navodi da je 1897. sastavio agrarni
memorandum. O njegovom radu Bosni zapisano je u Banatskom glasniku br. 18., 1931
godina. „ Tada je prvi put naša omladina shvatila pravi značaj nacionalne borbe
u Bosni i Hercegovini: da tu ne treba oslobadjati naš narod samo od tudjinske
vlasti, nego i od aga i begova .“ Veliku ulogu imao je i u održavanju
Petrovdanskog sabora 1897. godine koji je doneo manifest protiv reforme o
gradjanskom braku. Sačinio je 1898. godine memorandum u odbranu narodno crkvene
samouprave Srba u Ugarskoj, kojim je ukazao na nepravde koje je Austrougarska
činila Srbima na nacionalnom, verskom i prosvetnom polju. Srpska vlada ga je
1901. postavila za pravnog referenta generalnog konzulata u Budimpešti da bi
nastavio što bolje da deluje na nacionalnom planu. Prvi srpski politički list u
Bosni „Srpska riječ“ pokrenuo je 1905. godine. Uživao je poverenje ne samo
srpskih prvaka u Bosni već i muslimanskih, pa je uredjivao i izdao „ Spise
islamskog naroda Bosne i Hercegovine u stvari vjersko-prosvetnog uredjenja i
samouprave.“ Uredjivao je Bosansko- hercegovački zbornik u kojem je objavio niz
svojih rasprava. U Novom Sadu izdao je šest knjiga ovog zbornika. Sa grupom
entuzijasta osnovao je i Srpski sokolski pokret u Bosni.
Svoje članke i rasprave objavljivao je u raznim
časopisima i novinama. U vreme zategnutih nacionalnih odnosa dolazi do
Sarajevskog atentata 28.06.1914. godine. Nakon objave rata Austrougarska je
proglasila uvodjenje prekog suda i tada počinje teror nad srpskim stanovništvom i
ostalim slobodoljubivim ljudima u Velikom Bekereku i okolini. Pohapšeni su vidjeniji
Srbi, a većina njih je bila uhapšena samo zbog svoje nacionalne pripadnosti.
Hajka na pojedine Bečkerečane počela je dan nakon sarajevskog atentata. Dvojica
naših sugradjana optužena su za saučesništvo u atentatu. Dr Emil Gavrila optužen
je za veleizdaju samo zbog toga što je jedan deo života proveo u Bosni.
Uhapsili su ne samo njega već i njegovu suprugu Olgu, koja mu je pomagala u
njegovom političkom radu. Internirali su ih u Kiškunhalaš u Madjarskoj, gde su
proveli čitav rat.
Za prisajedinjenje Banata, Bačke i Baranje Kraljevini
Srbiji najzaslužniji su Bečkerečani. Prvi Srpski narodni odbor formiran je na
inicijativu dr Slavka Županskog u zgradi srpske pravoslavne crkvene opštine
31.10.1918. godine u Velikom Bečkereku. Kasnije su isti odbori osnovani širom
Banata, Bačke i Baranje. Ovo veće osnovalo je devetoro istaknutih gradjana
Bečkereka: dr Andrija Vasić, prota Žarko Stakić, pop Dragutin Mojić, Živno
Terzin, Milan Rakić, Paja Ristić, Svetozar Isaković, Jefta Vukov i dr Slavko
Županski. Za predsednika bio je izabran dr Andrija Vasići, advokat, a za
počasnog dr Emil Gavrila. Slobodu je dočekao novembra 1918. godine. Srpski
narodni odbor iz Velikog Bečkereka izabrao ga je za delegata na Velikoj
narodnoj skupštini u Novom Sadu 25.11.1918 godine. Na ovoj skupštini izabran je
za člana Narodne uprave za Banat, Bačku i Baranju. Veliki župan
Torontalsko-tamiške županije bio je od 01. aprila do 01. septembra 1920.
godine. Njegovim zalaganjem 1920 god. osnovana je Banatska trgovačkoindustrijska
i zanatska komora sa sedištem u Velikom Bečkereku. Početkom 1924. godine
preselio se u Beograd gde je radio u raznim listovima i časopisima. Od 1931.
godine pa do svoje smrti 1933. godine bio je senator Jugoslavije. Njegovom
zaslugom sprečeno je ukidanje komore i trgovačke akademije u Petrovgradu. Bio je
član skupštine eparhije Bačke što se može videti iz poziva za sednicu skupštine
1897. godine Takodje je bio član skupštine Matice Srpske 1929. Radio je na
osnivanju srpskih zemljoradničkih zadruga. Bio je predsednik crkvene opštine
našeg grada i veliki donator „Jadranskoj straži.“
Teško je oboleo 1931. godine. Čak je i Banatski
glasnik izveštavao o njegovom zdravstvenom stanju u br. 45 iz 1931 godine „ Tri
lekara dr Matić, dr Pešić i dr Lederer, upotrebili su sve svoje znanje da
visokom bolesniku pomognu u ovom teškom času. Zahvaljujući tome savesnom
lekarskom naporu i izvanrednoj sačuvanoj otpornoj snazi našeg velikog čoveka dr
Gavrila prebrodio tešku krizu i već ovih dana vidi se na našim ulicama da se
koristi ovim lepim toplim suncem, koje nam je darovala ova blagosna pozna
jesen.“
Bio je oženjen Olgom Gavrila, koja je u društvu
bila cenjena kao borbena i jedna od retkih interniranih žena zbog rada na
nacionalnom oslobodjenju. Povodom njegovog sedamdesetog rodjendana upriličena je
proslava u rodnom gradu Banatski glasnik iz 1931. pisao je o tome „ Cvet
rodoljubivog i intelektualnog sveta u našem gradu sabrao se u prostranoj dvorani
Doma Narodne Odbrane i dostojno odao poštu dici i ponosu Velikog Bečkereka u
jednoj spontanoj manifestaciji osećanja zahvalnosti prema velikom radu njegovom.
Svečanom skupu prisustvovalo je 75 osoba, medju kojima je bilo pristalica svih
ranijih stranaka, bivših radikala bivših demokrata, bivših samostalaca i bivših
socijalista. Gro su činili doktori, ali je bilo i trgovaca i zanatlija i
činovnika i privatijera u lepom broju. Samim tim učinjena je najlepša počast
čoveku, koji kroz ceo svoj veliki život mirio suprotnosti i radio na slozi
Srba, pa Jugoslovena, pa narodnosti manjina.“ Tom prilikom ispričao je i
anegdotu koju je zabeležio novinar Banatskog glasnika „ Dobio je ponudu od
crnogorskog predsednika vlade, dr L. Tomanovića, da dodje u Crnu Goru i bude
ministar. Odbio je. Pa je, kada mu je od Tisinog režima ponudjena titula barona,
preko njegove dobre pokojne supruge, odgovorio: kada nije primio titulu
crnogorskog ministra pravde, ne treba mu ni titula madžarskog barona.“
Umro je 27.08.1933. godine u Rogaškoj Slatini za
vreme ručka u kafani „Bel vi.“ Posmrtni ostatci preneseni su iz Rogaške Slatine
preko Zagreba, Vinkovaca i Subotice za Veliki Bečkerek. Kovčeg je stigao 29.08.
1933. godine oko tri sata popodne i bio je izložen u palati bivše županije koja
je kako se navodi u Politici od 30.08. 1933. godine bila dekorisana crnim
draperijama, mnogim vencima i cvećem. Sahrani su prisustvovali predstavnici
Senata, Narodne skupštine, izaslanik Dunavske Banovine, predstavnici svih
državnih nadleštava kao i svih humanitarnih udruženja u kojima je pokojni dr
Gavrila bio član. Posle molitve za upokojene kovčeg je iznesen pred zgradu gde
se u ime Senata Kraljevine Jugoslavije i pokojnikovih drugova oprostio Vasa
Glušac senator. Sprovod je potom krenuo kroz Aleksandrovu ulicu, pa u Uspensku
crkvu. Tamo je opelo obavio protonamesnik Paja Milić uz sadejstvo sveštenstva.
Sahranjen je u porodičnoj grobnici na Tomaševačkom groblju. On je dokaz da veliki
čovek može biti prorok i u svojoj zemlji, da čovek ne živi samo za sebe, već za
narod iz kojeg je ponikao. Za kraj ću citirati novinara iz Banatskog glasnika
koji je o dr Emilu Gavrilu napisao „Ceo život je bio jedna slava narodu, kome
je zračio kao kula svetiljka na uzburkanom moru.“
Od početka karijere javnog radnika dr Emil Gavrila bio je slobodouman i pristalica progresa. Mnogo snage uložio je u borbu za očuvanje naše crkvene autonomije jer je shvatio njen nacionalni i politički značaj. Težio je da održi na okupu sve naše narodne snage, da otkloni sve ono što razdvaja pojedine grupe medju sobom, da naš narod potraži put i mogućnosti da privredno ojača. Političko načelo mu je bilo da uvek vodi računa o najslabijima u društvu. Brinuo se da i oni dodju do svoje kore hleba. Iako su ga Madjari za vreme Prvog svetskog rata nemilice progonili ipak je verovao da je madjarski narod sam po sebi dobar i plemenit. Njegov ideal života bio je da ne bude ratova i nemira u svetu; ratova spolja, nemira unutra. Do kraja svog života radio je na kulturnom i nacionalnom polju. Možemo reći da nije bilo ni jednog kulturnog ili nacionalnog poduhvata u kome on nije posredno ili neposredno učestvovao. Bio je iskreni patriota, odličan radnik i govornik.Uvek je mislio na opšte dobro svoga naroda i svojih bližnjih. Bio dostojanstven i odmeren.
Tekst priredio arhivist Saša Mladenović');
INSERT INTO image (generic_element_id, file_path) VALUES (33, '/uploads/vest_33_0.jpg');
INSERT INTO image (generic_element_id, file_path) VALUES (33, '/uploads/vest_33_1.jpg');
INSERT INTO image (generic_element_id, file_path) VALUES (33, '/uploads/vest_33_2.jpg');
INSERT INTO image (generic_element_id, file_path) VALUES (33, '/uploads/vest_33_3.jpg');
INSERT INTO image (generic_element_id, file_path) VALUES (33, '/uploads/vest_33_4.jpg');
INSERT INTO image (generic_element_id, file_path) VALUES (33, '/uploads/vest_33_5.jpg');
INSERT INTO image (generic_element_id, file_path) VALUES (33, '/uploads/vest_33_6.jpg');
INSERT INTO image (generic_element_id, file_path) VALUES (33, '/uploads/vest_33_7.jpg');
INSERT INTO image (generic_element_id, file_path) VALUES (33, '/uploads/vest_33_8.jpg');
INSERT INTO image (generic_element_id, file_path) VALUES (33, '/uploads/vest_33_9.jpg');
INSERT INTO generic_element (id, type, category_id) VALUES (32, 'Vesti', 1);
INSERT INTO text (source_id, source_table, field_name, lang, content) VALUES (32, 'generic_element', 'naslov', 'sr-Cyrl', 'ГОСТУЈУЋА ИЗЛОЖБА: ИСТОРИЈА ПЛИВАЊА У ИЗЛОЖБЕНОМ САЛОНУ ИСТОРИЈСКОГ АРХИВА');
INSERT INTO text (source_id, source_table, field_name, lang, content) VALUES (32, 'generic_element', 'naslov', 'sr', 'GOSTUJUĆA IZLOŽBA: ISTORIJA PLIVANjA U IZLOŽBENOM SALONU ISTORIJSKOG ARHIVA');
INSERT INTO text (source_id, source_table, field_name, lang, content) VALUES (32, 'generic_element', 'opis', 'sr-Cyrl', 'Изложба којом се обележава 160 година пливања у Зрењанину је отворена 23. Фебруара 2018. у Изложбеном салону Историјског архива. Аутор изложбе „160 година пливања у Зрењанину и 70 година ПК „Пролетер“ је Саша Мирчетић, који је грађу за изложбу прикупио, уз свестрану помоћ архивисте Горана Живића и колеге Синише Оњина. Успеху пројекта су посебно допринеле, директорка Народног музеја Зрењанин Јелена Гвозденац Мартинов као и директорка Историјског Архива Мирјана Баста.
Изложбу су отворили председник Пливачког савеза Војводине Александар Росић, помоћник градоначелника Зрењанина Симо Салапура и председник ПК “Пролетер” Бранислав Влаисављевић. Протоколом отварања изложбе је руководио тренер ПК „Пролетер секретар клуба Драган Јоцић. Подршку за организовање изложбе пружили“ су и Спортски савез Града, као и Пливачки савез Војводине.
Зрењанин се сматра зачетником организованог
пливања како у Србији тако и у целој бившој Југославији. Већ 1855. године у
локалним новинама објављен је оглас о упису у школу пливања, а 1881. године
одржана је историјски контроверзна прва трка из “опкладе” на 3.000 метара, и то
на потезу од данашњег Мотела до Капетаније. Забележено је да је победу однео
један апотекар.
Аутор изложбе Саша Мирчетић, није крио
задовољство због успешно реализоване изложбе и овом приликом је рекао:
“У новембру прошле године смо имали једно
окупљање бивших спортиста и ту сам први пут дошао на идеју гледајући старе
фотографије да нааправим ову изложбу. Нисмо се видели са неким пливачима и
тридесетак година и почели смо да размењујемо старе фотографије. Сaкупили смо,
испоставило се, велики број фотографија и видели да је то једна историја. У
разговору са директорицом музеја дошли смо на идеју да се обратимо директорици
архива која је здушно подржала нашу идеју да организујемо изложбу и данас
заинтересовани грађани могу да је погледају, овде у салону архива.”
Изложба је посвећена генерацијама пливача,
тренера и свих заљубљеника у пливачки спорт нашег града. Подељена је хронолошки
у шест целина, почевши од половине 19. века, након чега се, могу уочити целине:
оснивање клубова у међуратном периоду, пливање на Бегеју, на купалишту
Бранкован, изградња отвореног и затвореног базена 1973. и 1981. године, па
потом и 21. век и многе медаље и рекорди олимпијаца Мирославе Најдановски,
Ивана Ленђера и Чабе Силађија. Последњи моменат са плаката је прослава 70.
годишњице ПК „Пролетер“, која је обележена прошле године.
Председник Пливачког савеза Војводине Александар
Росић је говорио о могућности да Пливачки савез Војводине помогне пливаче у
промоцији овог спорта:
„Пливачки савез Војводине има велики потенцијал у
овом тренутку али се све то мора изнова стварати и надограђивати. Морају се
стварати неки нови клинци у овом спорту, како међу пливачима, тако и међу
тренерима. Град Зрењанин проосто вапи и мора да добије један олимпијски базен
који би био оспособљен не само за тренажни процес већ и за одржавање великих
такмичења. Он то заслужује традицијом, која нам је презентована вечерас, тако и
својим резултатима, великом енергијом, коју су давна поколења и садашњи људи
уложили у овај спорт.“
Објављивањем првог огласа о покретању школе
пливања Леополда Розенфелда, у великобечкеречком недељнику који је излазио на
немачком језику „Вохенблат“ 1855. године, почиње историја пливања у нашем
граду, по чему је Зрењанин један од зачетника овог спорта на територије Србије,
а и тадашње крунске области Српског Војводства и Тамишког Баната у Аустрији,
сазнајемо на изложби „160 година пливања у Зрењанину“ у изложбеном салону
Историјског архива.
Протоколом отварања изложбе је руководио тренер и
секретар ПК „Пролетер“ Драган Јоцић, који је рекао:
“Видели сте и чули шта је Иван Ленђер изјавио у
овом филму, да смо ми пливачи једна велика породица и то је једна велика
истина. Тако и доживљавамо овај догађај, видите да су се нашем позиву, да дођу
на изложбу, одазвале генерације пливача. Мислимо, да ову традицију треба
чувати. На рођендану, 70 година клуба “Пролетер” родила се ова идеја, разменили
смо фотографије преко интернета и ето, имамо изложбу.”
На отварању изложбе приказан је кратак
документарни филм снимљен 2012. године у продукцији јавног сервиса РТС-а у коме
су о историји пливања у граду говорили истакнути спортски радници и пливачи
нашега града.
Аутор теста и фотографија: архивист Саша Младеновић');
INSERT INTO text (source_id, source_table, field_name, lang, content) VALUES (32, 'generic_element', 'opis', 'sr', 'Izložba kojom se obeležava 160 godina plivanja u Zrenjaninu je otvorena 23. Februara 2018. u Izložbenom salonu Istorijskog arhiva. Autor izložbe „160 godina plivanja u Zrenjaninu i 70 godina PK „Proleter“ je Saša Mirčetić, koji je gradju za izložbu prikupio, uz svestranu pomoć arhiviste Gorana Živića i kolege Siniše Onjina. Uspehu projekta su posebno doprinele, direktorka Narodnog muzeja Zrenjanin Jelena Gvozdenac Martinov kao i direktorka Istorijskog Arhiva Mirjana Basta.
Izložbu su otvorili predsednik Plivačkog saveza Vojvodine Aleksandar Rosić, pomoćnik gradonačelnika Zrenjanina Simo Salapura i predsednik PK “Proleter” Branislav Vlaisavljević. Protokolom otvaranja izložbe je rukovodio trener PK „Proleter sekretar kluba Dragan Jocić. Podršku za organizovanje izložbe pružili“ su i Sportski savez Grada, kao i Plivački savez Vojvodine.
Zrenjanin se smatra začetnikom organizovanog
plivanja kako u Srbiji tako i u celoj bivšoj Jugoslaviji. Već 1855. godine u
lokalnim novinama objavljen je oglas o upisu u školu plivanja, a 1881. godine
održana je istorijski kontroverzna prva trka iz “opklade” na 3.000 metara, i to
na potezu od današnjeg Motela do Kapetanije. Zabeleženo je da je pobedu odneo
jedan apotekar.
Autor izložbe Saša Mirčetić, nije krio
zadovoljstvo zbog uspešno realizovane izložbe i ovom prilikom je rekao:
“U novembru prošle godine smo imali jedno
okupljanje bivših sportista i tu sam prvi put došao na ideju gledajući stare
fotografije da naapravim ovu izložbu. Nismo se videli sa nekim plivačima i
tridesetak godina i počeli smo da razmenjujemo stare fotografije. Sakupili smo,
ispostavilo se, veliki broj fotografija i videli da je to jedna istorija. U
razgovoru sa direktoricom muzeja došli smo na ideju da se obratimo direktorici
arhiva koja je zdušno podržala našu ideju da organizujemo izložbu i danas
zainteresovani gradjani mogu da je pogledaju, ovde u salonu arhiva.”
Izložba je posvećena generacijama plivača,
trenera i svih zaljubljenika u plivački sport našeg grada. Podeljena je hronološki
u šest celina, počevši od polovine 19. veka, nakon čega se, mogu uočiti celine:
osnivanje klubova u medjuratnom periodu, plivanje na Begeju, na kupalištu
Brankovan, izgradnja otvorenog i zatvorenog bazena 1973. i 1981. godine, pa
potom i 21. vek i mnoge medalje i rekordi olimpijaca Miroslave Najdanovski,
Ivana Lendjera i Čabe Siladjija. Poslednji momenat sa plakata je proslava 70.
godišnjice PK „Proleter“, koja je obeležena prošle godine.
Predsednik Plivačkog saveza Vojvodine Aleksandar
Rosić je govorio o mogućnosti da Plivački savez Vojvodine pomogne plivače u
promociji ovog sporta:
„Plivački savez Vojvodine ima veliki potencijal u
ovom trenutku ali se sve to mora iznova stvarati i nadogradjivati. Moraju se
stvarati neki novi klinci u ovom sportu, kako medju plivačima, tako i medju
trenerima. Grad Zrenjanin proosto vapi i mora da dobije jedan olimpijski bazen
koji bi bio osposobljen ne samo za trenažni proces već i za održavanje velikih
takmičenja. On to zaslužuje tradicijom, koja nam je prezentovana večeras, tako i
svojim rezultatima, velikom energijom, koju su davna pokolenja i sadašnji ljudi
uložili u ovaj sport.“
Objavljivanjem prvog oglasa o pokretanju škole
plivanja Leopolda Rozenfelda, u velikobečkerečkom nedeljniku koji je izlazio na
nemačkom jeziku „Vohenblat“ 1855. godine, počinje istorija plivanja u našem
gradu, po čemu je Zrenjanin jedan od začetnika ovog sporta na teritorije Srbije,
a i tadašnje krunske oblasti Srpskog Vojvodstva i Tamiškog Banata u Austriji,
saznajemo na izložbi „160 godina plivanja u Zrenjaninu“ u izložbenom salonu
Istorijskog arhiva.
Protokolom otvaranja izložbe je rukovodio trener i
sekretar PK „Proleter“ Dragan Jocić, koji je rekao:
“Videli ste i čuli šta je Ivan Lendjer izjavio u
ovom filmu, da smo mi plivači jedna velika porodica i to je jedna velika
istina. Tako i doživljavamo ovaj dogadjaj, vidite da su se našem pozivu, da dodju
na izložbu, odazvale generacije plivača. Mislimo, da ovu tradiciju treba
čuvati. Na rodjendanu, 70 godina kluba “Proleter” rodila se ova ideja, razmenili
smo fotografije preko interneta i eto, imamo izložbu.”
Na otvaranju izložbe prikazan je kratak
dokumentarni film snimljen 2012. godine u produkciji javnog servisa RTS-a u kome
su o istoriji plivanja u gradu govorili istaknuti sportski radnici i plivači
našega grada.
Autor testa i fotografija: arhivist Saša Mladenović');
INSERT INTO image (generic_element_id, file_path) VALUES (32, '/uploads/vest_32_0.jpg');
INSERT INTO image (generic_element_id, file_path) VALUES (32, '/uploads/vest_32_1.jpg');
INSERT INTO image (generic_element_id, file_path) VALUES (32, '/uploads/vest_32_2.jpg');
INSERT INTO image (generic_element_id, file_path) VALUES (32, '/uploads/vest_32_3.jpg');
INSERT INTO image (generic_element_id, file_path) VALUES (32, '/uploads/vest_32_4.jpg');
INSERT INTO image (generic_element_id, file_path) VALUES (32, '/uploads/vest_32_5.jpg');
INSERT INTO image (generic_element_id, file_path) VALUES (32, '/uploads/vest_32_6.jpg');
INSERT INTO image (generic_element_id, file_path) VALUES (32, '/uploads/vest_32_7.jpg');
INSERT INTO image (generic_element_id, file_path) VALUES (32, '/uploads/vest_32_8.jpg');
INSERT INTO image (generic_element_id, file_path) VALUES (32, '/uploads/vest_32_9.jpg');
INSERT INTO image (generic_element_id, file_path) VALUES (32, '/uploads/vest_32_10.jpg');
INSERT INTO generic_element (id, type, category_id) VALUES (31, 'Vesti', 1);
INSERT INTO text (source_id, source_table, field_name, lang, content) VALUES (31, 'generic_element', 'naslov', 'sr-Cyrl', 'ГОСТУЈУЋА ИЗЛОЖБА: СИНАГОГЕ У ВОЈВОДИНИ КОЈИХ ВИШЕ НЕМА');
INSERT INTO text (source_id, source_table, field_name, lang, content) VALUES (31, 'generic_element', 'naslov', 'sr', 'GOSTUJUĆA IZLOŽBA: SINAGOGE U VOJVODINI KOJIH VIŠE NEMA');
INSERT INTO text (source_id, source_table, field_name, lang, content) VALUES (31, 'generic_element', 'opis', 'sr-Cyrl', 'Јеврејска општина Зрењанин
је организовала у
Изложбеном салону Историјаког архива Зрењанин изложбу под називом
„Синагоге Војводине којих више
нема“. Изложба је
била отворена у четвртак, 20. Септембра 2018. Године. Аутор изложбе је био
Горан Леви члан
Јеврејске општине Нови Сад. Изложба је организованау оквиру обележавања
манифестације Европски дан јеврејске културе 2018. године.
Аутор изложбе Горан Леви из Јеврејске општине Нови Сад је рекао да у Србији данас постоје само три сачуване синагоге, у Суботици, Новом Саду и Земуну. Тема изложбе су синагоге које су некада постојале у нашим градовима, каже Леви и закључује:
„Те грађевине су вредна историјска, културна и архитектонска заоставштина која је заувек избрисана са ових простора. У Војводини је постојало 76 синагога. Идеја ове изложбе је да се сликом и речју прикажу синагоге које су избрисане са лица земље, а са циљем да их унесемо у културу памћења и да их не заборавимо“
Сачуване су фотографије и
цртежи тих некадашњих синагога на територији овог дела Угарске. Сликар Ђорђе
Девић је направио аквареле за ову изложбу.
На овом скупу смо сазнали да
су најлепше Синагоге на овим нашим просторима су грађене тек после 1867. године
када јудаизам као религија у Аустроугарској монархији добија неку врсту
толеранције. Судбина тих синагога је, на жалост, била сурова. Други светски рат
је донео идеологију
нацизма која је подстакла нови талас антисемитизма.
Немачки и хрватски окупатор је бездушно уништавао и пљачкао синагоге у Банату и
Срему. Оне које су остале непорушене од стране мађарског окупатора после рата у
Бачкој, страдале су под комунистичким режимом Југославије који је дозволио да
се те лепе зграде, бисери архитектуре, неодговорно и непромишљено поруше и тако
избришу последњи трагови културне и материјалне баштине једне популације у
Војводини.
Ова изложба апелује на сваког
посетиоца да обнови
сећање на све невине
људе Јевреје, Роме, Србе  који
су страдали у
Холокаусту у Другом
светском рату.
Аутор текста: архивист Саша Младеновић (Фото: архивист Горан Живић)');
INSERT INTO text (source_id, source_table, field_name, lang, content) VALUES (31, 'generic_element', 'opis', 'sr', 'Jevrejska opština Zrenjanin
je organizovala u
Izložbenom salonu Istorijakog arhiva Zrenjanin izložbu pod nazivom
„Sinagoge Vojvodine kojih više
nema“. Izložba je
bila otvorena u četvrtak, 20. Septembra 2018. Godine. Autor izložbe je bio
Goran Levi član
Jevrejske opštine Novi Sad. Izložba je organizovanau okviru obeležavanja
manifestacije Evropski dan jevrejske kulture 2018. godine.
Autor izložbe Goran Levi iz Jevrejske opštine Novi Sad je rekao da u Srbiji danas postoje samo tri sačuvane sinagoge, u Subotici, Novom Sadu i Zemunu. Tema izložbe su sinagoge koje su nekada postojale u našim gradovima, kaže Levi i zaključuje:
„Te gradjevine su vredna istorijska, kulturna i arhitektonska zaostavština koja je zauvek izbrisana sa ovih prostora. U Vojvodini je postojalo 76 sinagoga. Ideja ove izložbe je da se slikom i rečju prikažu sinagoge koje su izbrisane sa lica zemlje, a sa ciljem da ih unesemo u kulturu pamćenja i da ih ne zaboravimo“
Sačuvane su fotografije i
crteži tih nekadašnjih sinagoga na teritoriji ovog dela Ugarske. Slikar Djordje
Dević je napravio akvarele za ovu izložbu.
Na ovom skupu smo saznali da
su najlepše Sinagoge na ovim našim prostorima su gradjene tek posle 1867. godine
kada judaizam kao religija u Austrougarskoj monarhiji dobija neku vrstu
tolerancije. Sudbina tih sinagoga je, na žalost, bila surova. Drugi svetski rat
je doneo ideologiju
nacizma koja je podstakla novi talas antisemitizma.
Nemački i hrvatski okupator je bezdušno uništavao i pljačkao sinagoge u Banatu i
Sremu. One koje su ostale neporušene od strane madjarskog okupatora posle rata u
Bačkoj, stradale su pod komunističkim režimom Jugoslavije koji je dozvolio da
se te lepe zgrade, biseri arhitekture, neodgovorno i nepromišljeno poruše i tako
izbrišu poslednji tragovi kulturne i materijalne baštine jedne populacije u
Vojvodini.
Ova izložba apeluje na svakog
posetioca da obnovi
sećanje na sve nevine
ljude Jevreje, Rome, Srbe  koji
su stradali u
Holokaustu u Drugom
svetskom ratu.
Autor teksta: arhivist Saša Mladenović (Foto: arhivist Goran Živić)');
INSERT INTO image (generic_element_id, file_path) VALUES (31, '/uploads/vest_31_0.jpg');
INSERT INTO image (generic_element_id, file_path) VALUES (31, '/uploads/vest_31_1.jpg');
INSERT INTO image (generic_element_id, file_path) VALUES (31, '/uploads/vest_31_2.jpg');
INSERT INTO image (generic_element_id, file_path) VALUES (31, '/uploads/vest_31_3.jpg');
INSERT INTO image (generic_element_id, file_path) VALUES (31, '/uploads/vest_31_4.jpg');
INSERT INTO image (generic_element_id, file_path) VALUES (31, '/uploads/vest_31_5.jpg');
INSERT INTO image (generic_element_id, file_path) VALUES (31, '/uploads/vest_31_6.jpg');
INSERT INTO image (generic_element_id, file_path) VALUES (31, '/uploads/vest_31_7.jpg');
INSERT INTO image (generic_element_id, file_path) VALUES (31, '/uploads/vest_31_8.jpg');
INSERT INTO image (generic_element_id, file_path) VALUES (31, '/uploads/vest_31_9.jpg');
INSERT INTO generic_element (id, type, category_id) VALUES (30, 'Vesti', 1);
INSERT INTO text (source_id, source_table, field_name, lang, content) VALUES (30, 'generic_element', 'naslov', 'sr-Cyrl', 'ГОСТУЈУЋА ИЗЛОЖБА: 150 ГОДИНА САВЕЗА ИНЖЕЊЕРА И ТЕХНИЧАРА СРБИЈЕ');
INSERT INTO text (source_id, source_table, field_name, lang, content) VALUES (30, 'generic_element', 'naslov', 'sr', 'GOSTUJUĆA IZLOŽBA: 150 GODINA SAVEZA INŽENjERA I TEHNIČARA SRBIJE');
INSERT INTO text (source_id, source_table, field_name, lang, content) VALUES (30, 'generic_element', 'opis', 'sr-Cyrl', 'У организацији Савеза инжењера и техничара Србије и његове колективне чланице, Друштва инжењера Зрењанина, у Зрењанину је од 22. до 31. маја 2019. године гостовала Изложба „150 година Савеза инжењера и техничара Србије, од Техничарске дружине до савременог удружења“. Изложба је постављена у репрезентативном Изложбеном салону, Историјског архива Зрењанина у улици Славка Жупанског бр.5.
Аутори изложбе су били Часлав Лачњевац, Игор Марић и Ненад Лукић. Сарадници на припреми изложбе су били Оливера Ћосовић и Ања Радаковић.
Свечано отварање изложбе окупило је и овога пута
инжењере, техничаре и архитекте града на Бегеју. Ауторе изложбе у Изложбеном
салону Историјског архива је најавила Сандра Бањанин.
Тим поводом присутнима су се обратити
представници СИТС, председник др Игор Марић и генерални секретар проф. др
Часлав Лачњевац, Града Зрењанина, помоћник градоначелника Душко Радишић,
председник Друштва инжењера Зрењанина Горан Маринковић.
Представници СИТС су поклонили један број
стручних књига и публикација ГНБ „Жарко Зрењанин“, његовом научном одељењу на
чему се захвалио директор Милан Бјелогрлић. Представници СИТС су посебно
захвалили директорки Историјског архива Мирјани Басти на помоћи око
организовања ове изложбе. Испред свих запослених у архвиву уважене госте је
поздравио Саша Младеновић.
Србија је имала и има значајан кадровски
потенцијал за развој инжењерства, а самим тим и техничких наука, привреде и
пољопривреде. Инжењерство је, у свим својим фазама: истраживачкој, пројектној,
извођачкој и употребној, у великом мери потиснуто у ширим друштвеним
дешавањима. Рад независних струковних удружења, која су и данас способна да се
самостално издржавају и делују у друштвеној свакодневници, је такође недовољно
видљиво.
СИТС настоји, путем ове изложбе, да на прави
начин ширу публику са историјатом Савеза, као и са стручним и интелектуалним
вредностима наше средине у области инжењерства.
У оквиру изложбе је приказан целокупан развојни
пут СИТС, као професионалне асоцијације, од 1868. године и формирања
Техничарске дружине, преко Удружења српских инжењера (1890), Удружења српских
инжењера и ахритеката (1895), Удружења југословенских инжењера и архитеката
(1919), до савременог удружења.
Уз велики број документа и фотографија, чији су
извор архива СИТС, Архив Србије, Српска академија наука и уметности, Музеј
Југославије, Железнички музеј, Музеј града Београда, Грађевински и Саобраћајни
факултет Универзитета у Београду, као и фирме и приватни колекционари, а које
говоре о најзначајнијим активностима удружења и личностима које су обележиле
његов рад у протеклих 150 година, уложен је напор да се представе и најзначајнији
инжењерских подухвати реализовани код нас у последњих 70 година.
Архитекта Зоран Стојачић одржао је запажено
предавање на тему „Банатски опус архитектуре Драгише Брашована“, иначе уваженог
члана Удружења југословенских инжењера и архитеката, претече данашњег Савеза.
Аутор текста: архивист Саша Младеновић (Фото: архивист Живијин Радловачки)');
INSERT INTO text (source_id, source_table, field_name, lang, content) VALUES (30, 'generic_element', 'opis', 'sr', 'U organizaciji Saveza inženjera i tehničara Srbije i njegove kolektivne članice, Društva inženjera Zrenjanina, u Zrenjaninu je od 22. do 31. maja 2019. godine gostovala Izložba „150 godina Saveza inženjera i tehničara Srbije, od Tehničarske družine do savremenog udruženja“. Izložba je postavljena u reprezentativnom Izložbenom salonu, Istorijskog arhiva Zrenjanina u ulici Slavka Županskog br.5.
Autori izložbe su bili Časlav Lačnjevac, Igor Marić i Nenad Lukić. Saradnici na pripremi izložbe su bili Olivera Ćosović i Anja Radaković.
Svečano otvaranje izložbe okupilo je i ovoga puta
inženjere, tehničare i arhitekte grada na Begeju. Autore izložbe u Izložbenom
salonu Istorijskog arhiva je najavila Sandra Banjanin.
Tim povodom prisutnima su se obratiti
predstavnici SITS, predsednik dr Igor Marić i generalni sekretar prof. dr
Časlav Lačnjevac, Grada Zrenjanina, pomoćnik gradonačelnika Duško Radišić,
predsednik Društva inženjera Zrenjanina Goran Marinković.
Predstavnici SITS su poklonili jedan broj
stručnih knjiga i publikacija GNB „Žarko Zrenjanin“, njegovom naučnom odeljenju na
čemu se zahvalio direktor Milan Bjelogrlić. Predstavnici SITS su posebno
zahvalili direktorki Istorijskog arhiva Mirjani Basti na pomoći oko
organizovanja ove izložbe. Ispred svih zaposlenih u arhvivu uvažene goste je
pozdravio Saša Mladenović.
Srbija je imala i ima značajan kadrovski
potencijal za razvoj inženjerstva, a samim tim i tehničkih nauka, privrede i
poljoprivrede. Inženjerstvo je, u svim svojim fazama: istraživačkoj, projektnoj,
izvodjačkoj i upotrebnoj, u velikom meri potisnuto u širim društvenim
dešavanjima. Rad nezavisnih strukovnih udruženja, koja su i danas sposobna da se
samostalno izdržavaju i deluju u društvenoj svakodnevnici, je takodje nedovoljno
vidljivo.
SITS nastoji, putem ove izložbe, da na pravi
način širu publiku sa istorijatom Saveza, kao i sa stručnim i intelektualnim
vrednostima naše sredine u oblasti inženjerstva.
U okviru izložbe je prikazan celokupan razvojni
put SITS, kao profesionalne asocijacije, od 1868. godine i formiranja
Tehničarske družine, preko Udruženja srpskih inženjera (1890), Udruženja srpskih
inženjera i ahritekata (1895), Udruženja jugoslovenskih inženjera i arhitekata
(1919), do savremenog udruženja.
Uz veliki broj dokumenta i fotografija, čiji su
izvor arhiva SITS, Arhiv Srbije, Srpska akademija nauka i umetnosti, Muzej
Jugoslavije, Železnički muzej, Muzej grada Beograda, Gradjevinski i Saobraćajni
fakultet Univerziteta u Beogradu, kao i firme i privatni kolekcionari, a koje
govore o najznačajnijim aktivnostima udruženja i ličnostima koje su obeležile
njegov rad u proteklih 150 godina, uložen je napor da se predstave i najznačajniji
inženjerskih poduhvati realizovani kod nas u poslednjih 70 godina.
Arhitekta Zoran Stojačić održao je zapaženo
predavanje na temu „Banatski opus arhitekture Dragiše Brašovana“, inače uvaženog
člana Udruženja jugoslovenskih inženjera i arhitekata, preteče današnjeg Saveza.
Autor teksta: arhivist Saša Mladenović (Foto: arhivist Živijin Radlovački)');
INSERT INTO image (generic_element_id, file_path) VALUES (30, '/uploads/vest_30_0.jpg');
INSERT INTO image (generic_element_id, file_path) VALUES (30, '/uploads/vest_30_1.jpg');
INSERT INTO image (generic_element_id, file_path) VALUES (30, '/uploads/vest_30_2.jpg');
INSERT INTO image (generic_element_id, file_path) VALUES (30, '/uploads/vest_30_3.jpg');
INSERT INTO image (generic_element_id, file_path) VALUES (30, '/uploads/vest_30_4.jpg');
INSERT INTO image (generic_element_id, file_path) VALUES (30, '/uploads/vest_30_5.jpg');
INSERT INTO image (generic_element_id, file_path) VALUES (30, '/uploads/vest_30_6.jpg');
INSERT INTO image (generic_element_id, file_path) VALUES (30, '/uploads/vest_30_7.jpg');
INSERT INTO image (generic_element_id, file_path) VALUES (30, '/uploads/vest_30_8.jpg');
INSERT INTO image (generic_element_id, file_path) VALUES (30, '/uploads/vest_30_9.jpg');
INSERT INTO image (generic_element_id, file_path) VALUES (30, '/uploads/vest_30_10.jpg');
INSERT INTO generic_element (id, type, category_id) VALUES (29, 'Vesti', 1);
INSERT INTO text (source_id, source_table, field_name, lang, content) VALUES (29, 'generic_element', 'naslov', 'sr-Cyrl', 'ДРУГИ О НАМА: ИСТОРИЈСКИ АРХИВ ЗРЕЊАНИН – ТЕМА НОВИНА „ОТАЏБИНА“');
INSERT INTO text (source_id, source_table, field_name, lang, content) VALUES (29, 'generic_element', 'naslov', 'sr', 'DRUGI O NAMA: ISTORIJSKI ARHIV ZRENjANIN – TEMA NOVINA „OTADžBINA“');
INSERT INTO text (source_id, source_table, field_name, lang, content) VALUES (29, 'generic_element', 'opis', 'sr-Cyrl', 'Новине „Отаџбина”, издаје Културни клуб „Отаџбина“ у Српској Црњи, месту нераскидиво повезаном са Ђуром Јакшићем. Главни и одговорни уредник овог часописа је господин Драган Даничић а заменик господин Родољуб Бошкић. Садржајно је лист посвећен познатим Црњанима, личностима из историје, као и културним институцијама.
Први број „Отаџбине” објављен је пре пар година и излази на 16 страна. Издавање помаже и Општина Нова Црња, а примерци су бесплатни за све грађане. Намера уредништва ових новина је да представи оно по чему је Српска Црња посебна.
Ове новине су дело групе ентузијаста којима је жеља да направе лист којим ће информисати мештане о свим битним дешавањима у овом месту, општини али и региону Баната. Часопис промовише младе наде, спортске клубове, привреднике и удружења. Представљају рад многих институција, међу којима су и институције културе.
У најновијем броју објављен је извештај о посети председника Републике Србије Александра Вучића Зрењанину, поводом покретања највеће стране инвестиције у Републици Србији као и интервју са градоначелником Зрењанина Чедомиром Јањићем. У новинама је објављен и обиман текст о раду Историјског архива Зрењанин, Народној библиотеци Зрењанин, раду Народног музеја итд. Новине су бесплатне, и одштампане су и подељене у 10.000 примерака.
Културни клуб „Отаџбина” има на друштвеним мрежама и своју страницу на којој можете прочитати текстове и у електронском издању. Историјски архив Зрењанин препоручује вашој пажњи овај часопис као и целокупан рад овог клуба који се једном речју може окарактерисати као отаџбински.');
INSERT INTO text (source_id, source_table, field_name, lang, content) VALUES (29, 'generic_element', 'opis', 'sr', 'Novine „Otadžbina”, izdaje Kulturni klub „Otadžbina“ u Srpskoj Crnji, mestu neraskidivo povezanom sa Djurom Jakšićem. Glavni i odgovorni urednik ovog časopisa je gospodin Dragan Daničić a zamenik gospodin Rodoljub Boškić. Sadržajno je list posvećen poznatim Crnjanima, ličnostima iz istorije, kao i kulturnim institucijama.
Prvi broj „Otadžbine” objavljen je pre par godina i izlazi na 16 strana. Izdavanje pomaže i Opština Nova Crnja, a primerci su besplatni za sve gradjane. Namera uredništva ovih novina je da predstavi ono po čemu je Srpska Crnja posebna.
Ove novine su delo grupe entuzijasta kojima je želja da naprave list kojim će informisati meštane o svim bitnim dešavanjima u ovom mestu, opštini ali i regionu Banata. Časopis promoviše mlade nade, sportske klubove, privrednike i udruženja. Predstavljaju rad mnogih institucija, medju kojima su i institucije kulture.
U najnovijem broju objavljen je izveštaj o poseti predsednika Republike Srbije Aleksandra Vučića Zrenjaninu, povodom pokretanja najveće strane investicije u Republici Srbiji kao i intervju sa gradonačelnikom Zrenjanina Čedomirom Janjićem. U novinama je objavljen i obiman tekst o radu Istorijskog arhiva Zrenjanin, Narodnoj biblioteci Zrenjanin, radu Narodnog muzeja itd. Novine su besplatne, i odštampane su i podeljene u 10.000 primeraka.
Kulturni klub „Otadžbina” ima na društvenim mrežama i svoju stranicu na kojoj možete pročitati tekstove i u elektronskom izdanju. Istorijski arhiv Zrenjanin preporučuje vašoj pažnji ovaj časopis kao i celokupan rad ovog kluba koji se jednom rečju može okarakterisati kao otadžbinski.');
INSERT INTO image (generic_element_id, file_path) VALUES (29, '/uploads/vest_29_0.jpg');
INSERT INTO image (generic_element_id, file_path) VALUES (29, '/uploads/vest_29_1.jpg');
INSERT INTO image (generic_element_id, file_path) VALUES (29, '/uploads/vest_29_2.jpg');
INSERT INTO image (generic_element_id, file_path) VALUES (29, '/uploads/vest_29_3.jpg');
INSERT INTO image (generic_element_id, file_path) VALUES (29, '/uploads/vest_29_4.jpg');
INSERT INTO image (generic_element_id, file_path) VALUES (29, '/uploads/vest_29_5.jpg');
INSERT INTO image (generic_element_id, file_path) VALUES (29, '/uploads/vest_29_6.jpg');
INSERT INTO generic_element (id, type, category_id) VALUES (28, 'Vesti', 1);
INSERT INTO text (source_id, source_table, field_name, lang, content) VALUES (28, 'generic_element', 'naslov', 'sr-Cyrl', 'ДР ДРАГО ЊЕГОВАН: ЗАПИСНИЦИ СРПСКОГ НАРОДНОГ ОДБОРА У ВЕЛИКОМ БЕЧКЕРЕКУ');
INSERT INTO text (source_id, source_table, field_name, lang, content) VALUES (28, 'generic_element', 'naslov', 'sr', 'DR DRAGO NjEGOVAN: ZAPISNICI SRPSKOG NARODNOG ODBORA U VELIKOM BEČKEREKU');
INSERT INTO text (source_id, source_table, field_name, lang, content) VALUES (28, 'generic_element', 'opis', 'sr-Cyrl', 'Стогодишњица присаједињења војвођанских области
Србији (1918-2018) обележена је достојно значају историјских збивања на
подручју Срема, Баната, Бачке и Барање новембарских дана 1918. године. Последњи
пут то је учињено 1938. године.
После Другог светског рата тема присаједињења је
била скрајнута, све до 90-их година XX века и распада југословенске државе, проглашене
1. децембра 1918. Промене идеолошко-политичког гледишта на новембарске дане
1918, како у Краљевини Југославији, тако и у социјалистичкој Југославији, а
посебно у Аутономној покрајини Војводини, утицали су и на историографију, и на
њене приоритете у истраживању прошлости.
Поводом обележавања 75. годишњице присаједињења,
Музеј Војводине и Филозофски факултет – Одсек за историју у Новом Саду,
објавили су зборник радова под насловом Присаједињење Војводине Србији 1918,
Нови Сад 1993. Касније је обновљен споменик краљу Петру у Зрењанину. Тема
присаједињења војвођанских области Србији 1918. поново је постала актуелна. Милан
Ђуканов из Историјског архива Зрењанин својом књигом Први Српски народни одбор
утро је пут будућим истраживачима збивања у средњем Банату поводом 1918. Када
је Банат у питању, једино је Богумил Храбак својим Записницима Темишварског
народног већа још средином 50-их година XX века утро пут архивистима. Ипак, све
до 90-их година архивска грађа је чекала да је неко проучи и објави, како у
Архиву Војводине, тако и у Рукописном одељењу Матице српске и регионалним
архивима на подручју Војводине. Приближавањем стогодишњице присаједињења, то се
знатно променило.
Музеј Војводине је 2017. основао Збирку присаједињење,
из које је 2018. настао Музеј присаједињења 1918, са одговарајућим каталогом
његове Сталне поставке. Такође, покренута је едиција Присаједињење 1918, у
којој је до ове публикације објављено 8 књига докумената (укључујући два
међуратна издања – Споменица из 1929. и Споменица из 1938), студија и
мемоарских штива значајних личности из периода Првог светског рата.
У деветој књизи едиције Присаједињење 1918, објављују се записници Српског народног одбора у Великом Бечкереку (Петровграду,данашњем Зрењанину), у заједничком издању Историјског архива Зрењанин и Музеја Војводине. Приређивачи издања су Зоран Вељановић, архивски саветник и кустос-историчар из Музеја Војводине и Ванда Војводић Мицова, архивски саветник из Историјског архива Зрењанин. Финансијска средства за издавање ове књиге обезбедило је Министарство културе и информисања Републике Србије.
Књига се састоји од Предговора, студије Зорана
Вељановића под насловом „Српски народни одбор у Великом Бечкереку 1918“ (стр.
9-42), Историјске белешке о фонду (стр. 43-51) истог аутора и Напомене
читаоцима, Маје Гојковић (стр. 52-53).
Први део књиге садржи веран препис девет
сачуваних записника са седница Српског народног одбора у Великом Бечкереку, од
2/15. новембра до 26. новембра/9. децембра 1918. године, од којих су два
записници ужег органа СНО – његовог Извршног одбора. Будући да је Српски
народни одбор у Великом Бечкереку формиран 31. октобра 1918, очигледно је да
недостају записници првих седница овог тела, које је као прво иступило на јавну
политичку сцену на подручју Војводине крајем Првог светског рата. Из других извора
знамо да је рад СНО у Великом Бечкереку почео последњег дана октобра 1918. и да
су вођени записници са његових седница. Зашто их нема у одговарајућем фонду, то
за сада не знамо.
Други део књиге садржи 27 аката разних подручних
и регионалних органа тадашњих власти (цивилних и војних, српских, мађарских и
немачких),који су се разним поводима обраћали Српском народном одбору у Великом
Бечкереку или лично његовом председнику др Славку Жупанском, чешће у личном
него у службеном својству. Сви ови акти упућују на закључак колико је у то
време био значајан Српски народни одбор у Великом Бечкереку.
Приређивачи су у Додатку приложили факсимиле одређених докумената и документарних фотографија. Објављивање ове књиге треба да подстакне и друге установе да публикују документарну грађу из својих фондова која се односи на 1918. годину, јер без докумената и њиховог критичког вредновања, нема праве историографије, нити веродостојне историје.
(Предговор деветој књизи едиције Присаједињење 1918, записници Српског народног одбора у Великом Бечкереку)');
INSERT INTO text (source_id, source_table, field_name, lang, content) VALUES (28, 'generic_element', 'opis', 'sr', 'Stogodišnjica prisajedinjenja vojvodjanskih oblasti
Srbiji (1918-2018) obeležena je dostojno značaju istorijskih zbivanja na
području Srema, Banata, Bačke i Baranje novembarskih dana 1918. godine. Poslednji
put to je učinjeno 1938. godine.
Posle Drugog svetskog rata tema prisajedinjenja je
bila skrajnuta, sve do 90-ih godina XX veka i raspada jugoslovenske države, proglašene
1. decembra 1918. Promene ideološko-političkog gledišta na novembarske dane
1918, kako u Kraljevini Jugoslaviji, tako i u socijalističkoj Jugoslaviji, a
posebno u Autonomnoj pokrajini Vojvodini, uticali su i na istoriografiju, i na
njene prioritete u istraživanju prošlosti.
Povodom obeležavanja 75. godišnjice prisajedinjenja,
Muzej Vojvodine i Filozofski fakultet – Odsek za istoriju u Novom Sadu,
objavili su zbornik radova pod naslovom Prisajedinjenje Vojvodine Srbiji 1918,
Novi Sad 1993. Kasnije je obnovljen spomenik kralju Petru u Zrenjaninu. Tema
prisajedinjenja vojvodjanskih oblasti Srbiji 1918. ponovo je postala aktuelna. Milan
Djukanov iz Istorijskog arhiva Zrenjanin svojom knjigom Prvi Srpski narodni odbor
utro je put budućim istraživačima zbivanja u srednjem Banatu povodom 1918. Kada
je Banat u pitanju, jedino je Bogumil Hrabak svojim Zapisnicima Temišvarskog
narodnog veća još sredinom 50-ih godina XX veka utro put arhivistima. Ipak, sve
do 90-ih godina arhivska gradja je čekala da je neko prouči i objavi, kako u
Arhivu Vojvodine, tako i u Rukopisnom odeljenju Matice srpske i regionalnim
arhivima na području Vojvodine. Približavanjem stogodišnjice prisajedinjenja, to se
znatno promenilo.
Muzej Vojvodine je 2017. osnovao Zbirku prisajedinjenje,
iz koje je 2018. nastao Muzej prisajedinjenja 1918, sa odgovarajućim katalogom
njegove Stalne postavke. Takodje, pokrenuta je edicija Prisajedinjenje 1918, u
kojoj je do ove publikacije objavljeno 8 knjiga dokumenata (uključujući dva
medjuratna izdanja – Spomenica iz 1929. i Spomenica iz 1938), studija i
memoarskih štiva značajnih ličnosti iz perioda Prvog svetskog rata.
U devetoj knjizi edicije Prisajedinjenje 1918, objavljuju se zapisnici Srpskog narodnog odbora u Velikom Bečkereku (Petrovgradu,današnjem Zrenjaninu), u zajedničkom izdanju Istorijskog arhiva Zrenjanin i Muzeja Vojvodine. Priredjivači izdanja su Zoran Veljanović, arhivski savetnik i kustos-istoričar iz Muzeja Vojvodine i Vanda Vojvodić Micova, arhivski savetnik iz Istorijskog arhiva Zrenjanin. Finansijska sredstva za izdavanje ove knjige obezbedilo je Ministarstvo kulture i informisanja Republike Srbije.
Knjiga se sastoji od Predgovora, studije Zorana
Veljanovića pod naslovom „Srpski narodni odbor u Velikom Bečkereku 1918“ (str.
9-42), Istorijske beleške o fondu (str. 43-51) istog autora i Napomene
čitaocima, Maje Gojković (str. 52-53).
Prvi deo knjige sadrži veran prepis devet
sačuvanih zapisnika sa sednica Srpskog narodnog odbora u Velikom Bečkereku, od
2/15. novembra do 26. novembra/9. decembra 1918. godine, od kojih su dva
zapisnici užeg organa SNO – njegovog Izvršnog odbora. Budući da je Srpski
narodni odbor u Velikom Bečkereku formiran 31. oktobra 1918, očigledno je da
nedostaju zapisnici prvih sednica ovog tela, koje je kao prvo istupilo na javnu
političku scenu na području Vojvodine krajem Prvog svetskog rata. Iz drugih izvora
znamo da je rad SNO u Velikom Bečkereku počeo poslednjeg dana oktobra 1918. i da
su vodjeni zapisnici sa njegovih sednica. Zašto ih nema u odgovarajućem fondu, to
za sada ne znamo.
Drugi deo knjige sadrži 27 akata raznih područnih
i regionalnih organa tadašnjih vlasti (civilnih i vojnih, srpskih, madjarskih i
nemačkih),koji su se raznim povodima obraćali Srpskom narodnom odboru u Velikom
Bečkereku ili lično njegovom predsedniku dr Slavku Županskom, češće u ličnom
nego u službenom svojstvu. Svi ovi akti upućuju na zaključak koliko je u to
vreme bio značajan Srpski narodni odbor u Velikom Bečkereku.
Priredjivači su u Dodatku priložili faksimile odredjenih dokumenata i dokumentarnih fotografija. Objavljivanje ove knjige treba da podstakne i druge ustanove da publikuju dokumentarnu gradju iz svojih fondova koja se odnosi na 1918. godinu, jer bez dokumenata i njihovog kritičkog vrednovanja, nema prave istoriografije, niti verodostojne istorije.
(Predgovor devetoj knjizi edicije Prisajedinjenje 1918, zapisnici Srpskog narodnog odbora u Velikom Bečkereku)');
INSERT INTO image (generic_element_id, file_path) VALUES (28, '/uploads/vest_28_0.jpg');
INSERT INTO image (generic_element_id, file_path) VALUES (28, '/uploads/vest_28_1.jpg');
INSERT INTO image (generic_element_id, file_path) VALUES (28, '/uploads/vest_28_2.jpg');
INSERT INTO image (generic_element_id, file_path) VALUES (28, '/uploads/vest_28_3.jpg');
INSERT INTO image (generic_element_id, file_path) VALUES (28, '/uploads/vest_28_4.jpg');
INSERT INTO image (generic_element_id, file_path) VALUES (28, '/uploads/vest_28_5.jpg');
INSERT INTO image (generic_element_id, file_path) VALUES (28, '/uploads/vest_28_6.jpg');
INSERT INTO image (generic_element_id, file_path) VALUES (28, '/uploads/vest_28_7.jpg');
INSERT INTO image (generic_element_id, file_path) VALUES (28, '/uploads/vest_28_8.jpg');
INSERT INTO generic_element (id, type, category_id) VALUES (27, 'Vesti', 1);
INSERT INTO text (source_id, source_table, field_name, lang, content) VALUES (27, 'generic_element', 'naslov', 'sr-Cyrl', 'МЕЂУНАРОДНИ ДАН АРХИВА И ДАН АРХИВА ВОЈВОДИНЕ – ПРОМОЦИЈА КЊИГЕ САЊЕ ГАВРИЛОВИЋ – У НЕЗАБОРАВ ПРОШЛОСТИ');
INSERT INTO text (source_id, source_table, field_name, lang, content) VALUES (27, 'generic_element', 'naslov', 'sr', 'MEDjUNARODNI DAN ARHIVA I DAN ARHIVA VOJVODINE – PROMOCIJA KNjIGE SANjE GAVRILOVIĆ – U NEZABORAV PROŠLOSTI');
INSERT INTO text (source_id, source_table, field_name, lang, content) VALUES (27, 'generic_element', 'opis', 'sr-Cyrl', 'Девети јун се у свету обележава као Међународни дан архива а Архив Војводине је на посебан начин прославио 94. годишњицу постојања. Тим поводом, уприличена је промоција књиге „У незаборав прошлости“, ауторке, вишег архивисте Архива Војводине Сање Гавриловић. Историјски архив Зрењанин се са задовољством одазвао позиву на овај велелепни  догађај, који је привукао велику пажњу медија и стручне јавности.
Публикација „У незаборав прошлости“ прати развој културе и уметности северних делова српског етничког простора од друге половине XIX до прве половине XX века, кроз Збирку мање познатог у српској јавности а веома значајног  др Јована Милекића, која се чува у Архиву Војводине под бројем
фонда 444
.
Књига Сање Гавриловић обухвата живот и рад чак тридесет и једне личности из домена културе и уметности.  Личности из друге половине XIX и прве половине XX века.  Књигу су почетком ове године објавили Архив Војводине и Друштво архивских радника Војводине. Као основни извор за приказ живота и стваралаштва бројних личности, ауторки су послужиле њихове аутобиографије и биографије, преписка које су са др Милекићем водили како његови савременици, тако и њихови наследници.
Уз промоцију књиге, приређена је и пригодна изложба оригиналних архивских докумената и веродостојних копија из Збирке Јована Милекића, као и предмета из домена примењене уметности, који дочаравају време у ком је грађа настала.
Уз честитке архивистима који су дошли из многих архива са територије АП Војводине, међу којима је била и делегација Историјског архива Зрењанин, коју су чинили историчар архивиста Слободан Милин, архивисти Софија Бабић и Саша Младеновић, гостима су се обратили:
Домаћин, др Небојша Кузмановић, директор Архива Воjводине који је поздравио уважене госте, колеге и пријатеље архива: „ Ово је прави начин за обележавање Дана архива. Могли смо да представимо и неколицину других књига које смо објавили о страдању српског народа у Нађмеђеру у Првом  светском рату, имамо књигу о Црњанском, имамо књигу о студентима са ових простора, који су студирали на мађарским универзитетима у XVIII и XIX веку и десетине других књига а посебно смо у време пандемије објавили чак шест нових публикација, што је за похвалу мојих колега али ово је најбољи рад, као огледни пример чиме архив треба да се бави“.
Помоћник министра за културу и информисање у Влади Републике Србије  др Дејан Масликовић је рекао: „…Овакви подухвати на издавању оваквих публикација и организовање оваквих изложби којих у Архиву Војводине увек има пуно, праве важан искорак у представљању јавности грађе коју чувају. То се посебно показало, у великој мери, у протеклим месецима када је Архив војводине преплавио друштвене мреже својим садржајима и активностима и на најбољи могући начин представио најширој публици оно чиме се бави и шта ради и шта чува у својим депоима“.
Покрајинска секретарка за културу, информисање и односе с верским заједницама Драгана Милошевић је овом приликом рекла: „Отуда је потпуно разумљиво да је и изучавање прошлости, чување архивске документације, али институционално и стручно, од изузетног значаја за национални идентитет. Нарочито у раздобљима релативизације, па понекад чак и покушајима обезвређивања свега онога што ми сматрамо и вредним и темељним. У томе је наравно највећа улога Архива Војводине, заправо докумената који се чувају у нашим архивима, јер су они заправо наше најјаче оруђе у очувању и одбрани историјске истине“.
О овој значајној и у многоме огледној публикацији су говорили компетентни стручњаци.
Пре свих, мр Синиша Јокић, директор Завода за заштиту споменика културе Града Новог Сада, је пожелео срећан празник присутним архивистима и гостима и додао: „Када будете читали ову књигу која има неких пет стотина страна доживећете усхићење. Колики је био рад, труд и пожртвовање др Јована Милекића да прикупи ликовну, књижевну, позоришну грађу и прикаже рад тих уметника и ствараоца и да све то сачува за Матицу Српску и за Архив Војводине је заиста не вероватан…Толико је и ова књига наше колегинице Сање исто тако резултат једног истрајног, пожртвованог труда и рада. Толико информација методолошки савршено представљених…Заиста ово је фасцинантно дело којим сам одушевљен.“
Потом је др Жарко Димић, директор Архива САНУ у Сремским Карловцима и рецензент књиге, је одржао надахнуту беседу. „Српски народ у Хабзбуршкој монархији није имао својих музеја. Било је много покушаја, неких места где се то похрањивало. Ви знате како је страдала наша Средњовековна Србија, нешто мало докумената имамо у Дубровнику и у Истамбулу… Овде би се посебно осврнуо на ту Милекићеву љубав према сакупљању старина, коју је Сања разоткрила у Милекићу и лепо га представила… Сања Гавриловић је пустила у јавност ову причу о Милекићу и то је храброст. Зашто? Зато што је Милекић, бавећи се Бачванима, односно Бачком, осветлио многе личности сасвим заборављене, које можда немају ни некакав стваралачки статус али су значајни за своје доба и своје време, јер су ширили просвету, културу, уметност. Они су оснивали хорове, сликали, бавили се разним стварима које су веома биле битне за опстанак српског народа на овим просторима…Сања је лепо у предговору овог водича, разјаснила комплетно стање Срба у Хабзбуршкој монархији тога доба, цитирајући изворе наших уважених историчара Дејана Микавице, Владана Гавриловића, Горана Васина итд.“
Зоран Вељановић, архивски саветник, руководилац Одељења Музеја присаједињења 1918. и рецензент ове књиге је одржао надахнуту беседу: „Издвојио бих пет момената који су утицали на Милекићеву културну делатност. Први је био изузетно образовање које му је омогућило да широко сагледа време у којем је живео и опредељење којим се бавио. Други моменат који је био пресудан у животном и професионалном деловању др Милекића био је национални, који се збио у следу догађања који су се одиграли у бурним временима последње године великог рата и снажном покрету југословена Аустроугарској монархији и њиховом најпре културном а потом и политичком обједињавању кроз стварање својих политичких тела у тварању Народног вијећа Словенаца, Хрвата и Срба у Загребу, где се млади Милекић у одреду за Војводину. Одмах по доласку у Суботицу 1918. он се пријавио као добровољац у Дунавском митраљеском пуку Војске Србије који је био стациониран у Суботици. Трећи моменат је његово пресељење у Суботицу која је била центар националне борбе за отцепљење од Аустроугарске и присаједињење Краљевини Србији 1918. године, где се подизао дух младе државе у свим сферама…Четврти моменат било је склопљено пријатељство са  др Васом Стајићем… Као и усмерења која су подстицали Јован Јоца Вујић, Вељко Петровић, иначе у родбинским везама са Милекићем, Милан Кашанин… др Димитрије Кириловић а и друге личности из културе и јавног живота… Баната Бачке, Барање и Срема. Пети моменат је била бројна и угледна родбина…“
Весна Башић, архивски саветник и уредник књиге је одржала веома запажено слово о архивистици и свом дугогодишњем раду који је допринео и запаженом изгледу ове публикације које су присутни наградили великим аплаузом.
Сања Гавриловић
, аутор књиге и изложбе најпре је упутила речи захвалности како директору Архива Војводине Небојши Кузмановићу тако и свима онима који су допринели да ова књига угледа светлост дана. Потом је додала: “ Идејна замисао др Јована Милекића је била да напише књигу о знаменитим Бачванима који су у другој половини XIX и првој половини XX века били активни учесници у обликовању друштвено-политичке, културнео-образовне и националне свести војвођанских Срба. По својој професији они су били различити, привредници, земљопоседници, адвокати, инжињери, адвокати, војна лица, свештеници, учитељи, композитори, вајари, глумци, колекционари. У збирци се чувају документа које је Милекић прикупљао са жељом да свом народу остави доказе једног бурног времена у туђем царству, времена обележеног ратовима, борбом и родољубљем али и интелектуалним и духовним узлетима, слободом. Своју замисао није до краја реализовао… Определила сам се да публикацијом „ У незаборав прошлости“ прикажем развој културе и уметности војвођанског простора од друге половине XIX и прве половине XX века. Личности које су пронашле своје место у овој публикацији су мој лични одабир, пошто су ми област културе и уметности блиске по вокацији. Неке од њих јако познате приказане су у светлу нових извора а а већина је потпуно заборављена а поједине су приказане први пут… Надам се да смо израдом и презентовањем ове публикације успели у својој намери да одамо дивљење и захвалност др Јовану Милекићу који је свом народу оставио духовно благо заштићено од заборава прошлости.“
Пуноћи и значају догађаја је допринела и функционална изложба оригиналних архивских докумената и веродостојних копија из Збирке др Јована Милекића, као и употребних предмета из домена примењене уметности, који чине тематску целину и амбијентално дочаравају време у којем је грађа настајала. Изложбу са насловом „Лик и дело уметника” симболично су употпунили стихови и одломци прозних текстова, одабране грађе из архивске Збирке, који се налазе и у књизи. Најлепше стихове песника, интелектуалаца и родољуба Живка Продановића, Озрена Суботића и Бранислава Кирјаковића, који су обележили време у којем су живели и стварали, говорио је Мирослав Јаћимовић, архивист у Архиву Војводине.
Поред многобројне публике, промоцији су присуствовали председник Матице српске др Драган Станић, покрајински секретар за науку др Зоран Милошевић, покрајински заштитник грађана – омбудсман др Зоран Павловић, истакнути историчари Дејан Микавица, Саша Адамовић, Владан Гавриловић, представници Министарства одбране и Министарства унутрашњих послова, директори установа културе покрајински и градски, као и чланови Управног и Надзорног одбора Архива Војводине. Програм је водила Љиљана Бубњевић, архивист на пословима матичне делатности.
За вас приредио архивист Саша Младеновић
(Фото: Историјски архив Зрењанин и Архив Војводине)');
INSERT INTO text (source_id, source_table, field_name, lang, content) VALUES (27, 'generic_element', 'opis', 'sr', 'Deveti jun se u svetu obeležava kao Medjunarodni dan arhiva a Arhiv Vojvodine je na poseban način proslavio 94. godišnjicu postojanja. Tim povodom, upriličena je promocija knjige „U nezaborav prošlosti“, autorke, višeg arhiviste Arhiva Vojvodine Sanje Gavrilović. Istorijski arhiv Zrenjanin se sa zadovoljstvom odazvao pozivu na ovaj velelepni  dogadjaj, koji je privukao veliku pažnju medija i stručne javnosti.
Publikacija „U nezaborav prošlosti“ prati razvoj kulture i umetnosti severnih delova srpskog etničkog prostora od druge polovine XIX do prve polovine XX veka, kroz Zbirku manje poznatog u srpskoj javnosti a veoma značajnog  dr Jovana Milekića, koja se čuva u Arhivu Vojvodine pod brojem
fonda 444
.
Knjiga Sanje Gavrilović obuhvata život i rad čak trideset i jedne ličnosti iz domena kulture i umetnosti.  Ličnosti iz druge polovine XIX i prve polovine XX veka.  Knjigu su početkom ove godine objavili Arhiv Vojvodine i Društvo arhivskih radnika Vojvodine. Kao osnovni izvor za prikaz života i stvaralaštva brojnih ličnosti, autorki su poslužile njihove autobiografije i biografije, prepiska koje su sa dr Milekićem vodili kako njegovi savremenici, tako i njihovi naslednici.
Uz promociju knjige, priredjena je i prigodna izložba originalnih arhivskih dokumenata i verodostojnih kopija iz Zbirke Jovana Milekića, kao i predmeta iz domena primenjene umetnosti, koji dočaravaju vreme u kom je gradja nastala.
Uz čestitke arhivistima koji su došli iz mnogih arhiva sa teritorije AP Vojvodine, medju kojima je bila i delegacija Istorijskog arhiva Zrenjanin, koju su činili istoričar arhivista Slobodan Milin, arhivisti Sofija Babić i Saša Mladenović, gostima su se obratili:
Domaćin, dr Nebojša Kuzmanović, direktor Arhiva Vojvodine koji je pozdravio uvažene goste, kolege i prijatelje arhiva: „ Ovo je pravi način za obeležavanje Dana arhiva. Mogli smo da predstavimo i nekolicinu drugih knjiga koje smo objavili o stradanju srpskog naroda u Nadjmedjeru u Prvom  svetskom ratu, imamo knjigu o Crnjanskom, imamo knjigu o studentima sa ovih prostora, koji su studirali na madjarskim univerzitetima u XVIII i XIX veku i desetine drugih knjiga a posebno smo u vreme pandemije objavili čak šest novih publikacija, što je za pohvalu mojih kolega ali ovo je najbolji rad, kao ogledni primer čime arhiv treba da se bavi“.
Pomoćnik ministra za kulturu i informisanje u Vladi Republike Srbije  dr Dejan Masliković je rekao: „…Ovakvi poduhvati na izdavanju ovakvih publikacija i organizovanje ovakvih izložbi kojih u Arhivu Vojvodine uvek ima puno, prave važan iskorak u predstavljanju javnosti gradje koju čuvaju. To se posebno pokazalo, u velikoj meri, u proteklim mesecima kada je Arhiv vojvodine preplavio društvene mreže svojim sadržajima i aktivnostima i na najbolji mogući način predstavio najširoj publici ono čime se bavi i šta radi i šta čuva u svojim depoima“.
Pokrajinska sekretarka za kulturu, informisanje i odnose s verskim zajednicama Dragana Milošević je ovom prilikom rekla: „Otuda je potpuno razumljivo da je i izučavanje prošlosti, čuvanje arhivske dokumentacije, ali institucionalno i stručno, od izuzetnog značaja za nacionalni identitet. Naročito u razdobljima relativizacije, pa ponekad čak i pokušajima obezvredjivanja svega onoga što mi smatramo i vrednim i temeljnim. U tome je naravno najveća uloga Arhiva Vojvodine, zapravo dokumenata koji se čuvaju u našim arhivima, jer su oni zapravo naše najjače orudje u očuvanju i odbrani istorijske istine“.
O ovoj značajnoj i u mnogome oglednoj publikaciji su govorili kompetentni stručnjaci.
Pre svih, mr Siniša Jokić, direktor Zavoda za zaštitu spomenika kulture Grada Novog Sada, je poželeo srećan praznik prisutnim arhivistima i gostima i dodao: „Kada budete čitali ovu knjigu koja ima nekih pet stotina strana doživećete ushićenje. Koliki je bio rad, trud i požrtvovanje dr Jovana Milekića da prikupi likovnu, književnu, pozorišnu gradju i prikaže rad tih umetnika i stvaraoca i da sve to sačuva za Maticu Srpsku i za Arhiv Vojvodine je zaista ne verovatan…Toliko je i ova knjiga naše koleginice Sanje isto tako rezultat jednog istrajnog, požrtvovanog truda i rada. Toliko informacija metodološki savršeno predstavljenih…Zaista ovo je fascinantno delo kojim sam oduševljen.“
Potom je dr Žarko Dimić, direktor Arhiva SANU u Sremskim Karlovcima i recenzent knjige, je održao nadahnutu besedu. „Srpski narod u Habzburškoj monarhiji nije imao svojih muzeja. Bilo je mnogo pokušaja, nekih mesta gde se to pohranjivalo. Vi znate kako je stradala naša Srednjovekovna Srbija, nešto malo dokumenata imamo u Dubrovniku i u Istambulu… Ovde bi se posebno osvrnuo na tu Milekićevu ljubav prema sakupljanju starina, koju je Sanja razotkrila u Milekiću i lepo ga predstavila… Sanja Gavrilović je pustila u javnost ovu priču o Milekiću i to je hrabrost. Zašto? Zato što je Milekić, baveći se Bačvanima, odnosno Bačkom, osvetlio mnoge ličnosti sasvim zaboravljene, koje možda nemaju ni nekakav stvaralački status ali su značajni za svoje doba i svoje vreme, jer su širili prosvetu, kulturu, umetnost. Oni su osnivali horove, slikali, bavili se raznim stvarima koje su veoma bile bitne za opstanak srpskog naroda na ovim prostorima…Sanja je lepo u predgovoru ovog vodiča, razjasnila kompletno stanje Srba u Habzburškoj monarhiji toga doba, citirajući izvore naših uvaženih istoričara Dejana Mikavice, Vladana Gavrilovića, Gorana Vasina itd.“
Zoran Veljanović, arhivski savetnik, rukovodilac Odeljenja Muzeja prisajedinjenja 1918. i recenzent ove knjige je održao nadahnutu besedu: „Izdvojio bih pet momenata koji su uticali na Milekićevu kulturnu delatnost. Prvi je bio izuzetno obrazovanje koje mu je omogućilo da široko sagleda vreme u kojem je živeo i opredeljenje kojim se bavio. Drugi momenat koji je bio presudan u životnom i profesionalnom delovanju dr Milekića bio je nacionalni, koji se zbio u sledu dogadjanja koji su se odigrali u burnim vremenima poslednje godine velikog rata i snažnom pokretu jugoslovena Austrougarskoj monarhiji i njihovom najpre kulturnom a potom i političkom objedinjavanju kroz stvaranje svojih političkih tela u tvaranju Narodnog vijeća Slovenaca, Hrvata i Srba u Zagrebu, gde se mladi Milekić u odredu za Vojvodinu. Odmah po dolasku u Suboticu 1918. on se prijavio kao dobrovoljac u Dunavskom mitraljeskom puku Vojske Srbije koji je bio stacioniran u Subotici. Treći momenat je njegovo preseljenje u Suboticu koja je bila centar nacionalne borbe za otcepljenje od Austrougarske i prisajedinjenje Kraljevini Srbiji 1918. godine, gde se podizao duh mlade države u svim sferama…Četvrti momenat bilo je sklopljeno prijateljstvo sa  dr Vasom Stajićem… Kao i usmerenja koja su podsticali Jovan Joca Vujić, Veljko Petrović, inače u rodbinskim vezama sa Milekićem, Milan Kašanin… dr Dimitrije Kirilović a i druge ličnosti iz kulture i javnog života… Banata Bačke, Baranje i Srema. Peti momenat je bila brojna i ugledna rodbina…“
Vesna Bašić, arhivski savetnik i urednik knjige je održala veoma zapaženo slovo o arhivistici i svom dugogodišnjem radu koji je doprineo i zapaženom izgledu ove publikacije koje su prisutni nagradili velikim aplauzom.
Sanja Gavrilović
, autor knjige i izložbe najpre je uputila reči zahvalnosti kako direktoru Arhiva Vojvodine Nebojši Kuzmanoviću tako i svima onima koji su doprineli da ova knjiga ugleda svetlost dana. Potom je dodala: “ Idejna zamisao dr Jovana Milekića je bila da napiše knjigu o znamenitim Bačvanima koji su u drugoj polovini XIX i prvoj polovini XX veka bili aktivni učesnici u oblikovanju društveno-političke, kulturneo-obrazovne i nacionalne svesti vojvodjanskih Srba. Po svojoj profesiji oni su bili različiti, privrednici, zemljoposednici, advokati, inžinjeri, advokati, vojna lica, sveštenici, učitelji, kompozitori, vajari, glumci, kolekcionari. U zbirci se čuvaju dokumenta koje je Milekić prikupljao sa željom da svom narodu ostavi dokaze jednog burnog vremena u tudjem carstvu, vremena obeleženog ratovima, borbom i rodoljubljem ali i intelektualnim i duhovnim uzletima, slobodom. Svoju zamisao nije do kraja realizovao… Opredelila sam se da publikacijom „ U nezaborav prošlosti“ prikažem razvoj kulture i umetnosti vojvodjanskog prostora od druge polovine XIX i prve polovine XX veka. Ličnosti koje su pronašle svoje mesto u ovoj publikaciji su moj lični odabir, pošto su mi oblast kulture i umetnosti bliske po vokaciji. Neke od njih jako poznate prikazane su u svetlu novih izvora a a većina je potpuno zaboravljena a pojedine su prikazane prvi put… Nadam se da smo izradom i prezentovanjem ove publikacije uspeli u svojoj nameri da odamo divljenje i zahvalnost dr Jovanu Milekiću koji je svom narodu ostavio duhovno blago zaštićeno od zaborava prošlosti.“
Punoći i značaju dogadjaja je doprinela i funkcionalna izložba originalnih arhivskih dokumenata i verodostojnih kopija iz Zbirke dr Jovana Milekića, kao i upotrebnih predmeta iz domena primenjene umetnosti, koji čine tematsku celinu i ambijentalno dočaravaju vreme u kojem je gradja nastajala. Izložbu sa naslovom „Lik i delo umetnika” simbolično su upotpunili stihovi i odlomci proznih tekstova, odabrane gradje iz arhivske Zbirke, koji se nalaze i u knjizi. Najlepše stihove pesnika, intelektualaca i rodoljuba Živka Prodanovića, Ozrena Subotića i Branislava Kirjakovića, koji su obeležili vreme u kojem su živeli i stvarali, govorio je Miroslav Jaćimović, arhivist u Arhivu Vojvodine.
Pored mnogobrojne publike, promociji su prisustvovali predsednik Matice srpske dr Dragan Stanić, pokrajinski sekretar za nauku dr Zoran Milošević, pokrajinski zaštitnik gradjana – ombudsman dr Zoran Pavlović, istaknuti istoričari Dejan Mikavica, Saša Adamović, Vladan Gavrilović, predstavnici Ministarstva odbrane i Ministarstva unutrašnjih poslova, direktori ustanova kulture pokrajinski i gradski, kao i članovi Upravnog i Nadzornog odbora Arhiva Vojvodine. Program je vodila Ljiljana Bubnjević, arhivist na poslovima matične delatnosti.
Za vas priredio arhivist Saša Mladenović
(Foto: Istorijski arhiv Zrenjanin i Arhiv Vojvodine)');
INSERT INTO image (generic_element_id, file_path) VALUES (27, '/uploads/vest_27_0.jpg');
INSERT INTO image (generic_element_id, file_path) VALUES (27, '/uploads/vest_27_1.jpg');
INSERT INTO image (generic_element_id, file_path) VALUES (27, '/uploads/vest_27_2.jpg');
INSERT INTO image (generic_element_id, file_path) VALUES (27, '/uploads/vest_27_3.jpg');
INSERT INTO image (generic_element_id, file_path) VALUES (27, '/uploads/vest_27_4.jpg');
INSERT INTO image (generic_element_id, file_path) VALUES (27, '/uploads/vest_27_5.jpg');
INSERT INTO image (generic_element_id, file_path) VALUES (27, '/uploads/vest_27_6.jpg');
INSERT INTO image (generic_element_id, file_path) VALUES (27, '/uploads/vest_27_7.jpg');
INSERT INTO image (generic_element_id, file_path) VALUES (27, '/uploads/vest_27_8.jpg');
INSERT INTO image (generic_element_id, file_path) VALUES (27, '/uploads/vest_27_9.jpg');
INSERT INTO image (generic_element_id, file_path) VALUES (27, '/uploads/vest_27_10.jpg');
INSERT INTO image (generic_element_id, file_path) VALUES (27, '/uploads/vest_27_11.jpg');
INSERT INTO image (generic_element_id, file_path) VALUES (27, '/uploads/vest_27_12.jpg');
INSERT INTO image (generic_element_id, file_path) VALUES (27, '/uploads/vest_27_13.jpg');
INSERT INTO image (generic_element_id, file_path) VALUES (27, '/uploads/vest_27_14.jpg');
INSERT INTO image (generic_element_id, file_path) VALUES (27, '/uploads/vest_27_15.jpg');
INSERT INTO image (generic_element_id, file_path) VALUES (27, '/uploads/vest_27_16.jpg');
INSERT INTO image (generic_element_id, file_path) VALUES (27, '/uploads/vest_27_17.jpg');
INSERT INTO image (generic_element_id, file_path) VALUES (27, '/uploads/vest_27_18.jpg');
INSERT INTO image (generic_element_id, file_path) VALUES (27, '/uploads/vest_27_19.jpg');
INSERT INTO image (generic_element_id, file_path) VALUES (27, '/uploads/vest_27_20.jpg');
INSERT INTO generic_element (id, type, category_id) VALUES (26, 'Vesti', 1);
INSERT INTO text (source_id, source_table, field_name, lang, content) VALUES (26, 'generic_element', 'naslov', 'sr-Cyrl', 'ОДЛАЗАК ВЕЛИКАНА СРПСКЕ АРХИВИСТИКЕ: МИЛАН ЂУКАНОВ (1934-2021)');
INSERT INTO text (source_id, source_table, field_name, lang, content) VALUES (26, 'generic_element', 'naslov', 'sr', 'ODLAZAK VELIKANA SRPSKE ARHIVISTIKE: MILAN DjUKANOV (1934-2021)');
INSERT INTO text (source_id, source_table, field_name, lang, content) VALUES (26, 'generic_element', 'opis', 'sr-Cyrl', 'Одласком Милана Ђуканова српска архивистика изгубила је вредног посленика. Постојани темељи Историјског архива које је као директор својом стручношћу, несебичним ангажовањем и примером ојачао и укрепио, као и завичајна историографија којој је допринео, обавезују нас да не заборавимо животну повест човека који је постао својеврсни чувар сећања и прошлости банатског поднебља.
Родио се 22. фебруара 1934. године у Шупљаји (данашњи Крајишник) где му је отац Павле службовао као општински подбележник, а мајка Јелена, рођена Поповић, била уговорни поштар. Породица Ђуканов (крсна слава Свети Никола) вуче порекло из Мокрина, где се родио Миланов деда Димитрије, који се бавио трговином, а поред тога био и познати предузимач у пословима рестаурације старих цркава.
Када му је син Павле у Априлском рату 1941. године погинуо у окршају са Немцима код Шурјана (једна од првих југословенских жртава у Другом светском рату), Димитрије се налазио у самом селу где су у току били завршни радови на новоподигнутој цркви Вазнесења Господњег.
Први разред основне школе Милан је завршио у Штефансфелду (немачки назив за Шупљају) 30. јуна 1941. године, да би више разреде окончао у Јаши Томићу, где је 1948. године завршио и Непотпуну мешовиту гимназију.
За његову професионалну службу и каријеру у архивистичкој делатности од пресудног значаја биле су студије на групи за историју Филозофског факултета у Београду током којих се формирала његова свест о историјским изворима, критички однос и напослетку својеврсна пасија за откривањем, евидентирањем и чувањем писаних историјских извора.
Међу предавачима на факултетским студијама Милан Ђуканов имао је привилегију да слуша предавања златне генерације српске историографије међу којима су била велика имена: Георгије Острогорски, Виктор Новак, Фанула Папазоглу, Михајло Динић, Јорјо Тадић, Васо Чубриловић и други. Своје темељно и исцрпно познавање архивистике црпео је из предавања које му је на основним студијама држао Илија Синдик. Дипломирао је 1959. године.
Радни однос у Државном историјском архиву среза Зрењанин засновао је 1963. године. Стручно усавршавање Милан Ђуканов наставио је уписавши постдимпломске студије у Загребу у току академске 1970/71. године у оквиру Центра за студије библиотекарства, документације и информационих знаности на Свеучилишту у Загребу. Положивши архивистички испит 1973. године постао је први архивиста од оснивања зрењанинског Архива. Као најстручнији кандидат у два мандата је постављан за управника и потом директора архива: од 1964. до 1980. године и од 1992. до 2001. године.
Поред великог броја написаних историјских бележака, сумарних и аналитичких инвентара и сређених фондова од изузетног и великог значаја, Милан Ђуканов је иза себе оставио и вредне публикације које су постале назаобилазна литература и полазиште у истраживању завичајне историје. Средивши фонд првог српског пречанског народног одбора који је основан у предвечерје ослобођења 1918. године, издао је књигу „Српски народни одбор у Великом Бечкереку 1918. године“ у којој су на основу архивске грађе расветљени кључни бечкеречки дани с краја Великог рата, од оснивања одбора до уласка српске војске у варош. Написао је и кратку монографију о Јаши Томићу. Као искусан историчар и архивски радник био је члан редакционог одбора и аутор два поглавља „Монографије Зрењанин“. Учествовао је у снимању бројних емисија и документарних филмова о историји Зрењанина.
Звање архивског саветника, као највише у архивској струци, понео је 1989. године. Био је члан републичких комисија за категоризацију архивске грађе, доделу виших звања и комисије за припрему прославе стогодишњице Архива Србије. У знак признања за велике заслуге у архивској струци Архив Србије доделио је Милану Ђуканову престижну награду „Златна архива“ из фонда Александра Арнаутовића 15. децембра 1999. године. Друштво архивских радника Војводине доделило му је награду „Др Димитрије Кириловић“ 22. јуна 2012. године.
Када се саберу мисли и сведу утисци о његовом плодном раду, било да је реч о њему као директору, архивисти или пак историчару, Милан Ђуканов остаће заувек пример на који се треба угледати и са поносом стремити.
Историчар архивист Слободан Милин
Историјски архив Зрењанин, 09/03/2021  Лист Зрењанин');
INSERT INTO text (source_id, source_table, field_name, lang, content) VALUES (26, 'generic_element', 'opis', 'sr', 'Odlaskom Milana Djukanova srpska arhivistika izgubila je vrednog poslenika. Postojani temelji Istorijskog arhiva koje je kao direktor svojom stručnošću, nesebičnim angažovanjem i primerom ojačao i ukrepio, kao i zavičajna istoriografija kojoj je doprineo, obavezuju nas da ne zaboravimo životnu povest čoveka koji je postao svojevrsni čuvar sećanja i prošlosti banatskog podneblja.
Rodio se 22. februara 1934. godine u Šupljaji (današnji Krajišnik) gde mu je otac Pavle službovao kao opštinski podbeležnik, a majka Jelena, rodjena Popović, bila ugovorni poštar. Porodica Djukanov (krsna slava Sveti Nikola) vuče poreklo iz Mokrina, gde se rodio Milanov deda Dimitrije, koji se bavio trgovinom, a pored toga bio i poznati preduzimač u poslovima restauracije starih crkava.
Kada mu je sin Pavle u Aprilskom ratu 1941. godine poginuo u okršaju sa Nemcima kod Šurjana (jedna od prvih jugoslovenskih žrtava u Drugom svetskom ratu), Dimitrije se nalazio u samom selu gde su u toku bili završni radovi na novopodignutoj crkvi Vaznesenja Gospodnjeg.
Prvi razred osnovne škole Milan je završio u Štefansfeldu (nemački naziv za Šupljaju) 30. juna 1941. godine, da bi više razrede okončao u Jaši Tomiću, gde je 1948. godine završio i Nepotpunu mešovitu gimnaziju.
Za njegovu profesionalnu službu i karijeru u arhivističkoj delatnosti od presudnog značaja bile su studije na grupi za istoriju Filozofskog fakulteta u Beogradu tokom kojih se formirala njegova svest o istorijskim izvorima, kritički odnos i naposletku svojevrsna pasija za otkrivanjem, evidentiranjem i čuvanjem pisanih istorijskih izvora.
Medju predavačima na fakultetskim studijama Milan Djukanov imao je privilegiju da sluša predavanja zlatne generacije srpske istoriografije medju kojima su bila velika imena: Georgije Ostrogorski, Viktor Novak, Fanula Papazoglu, Mihajlo Dinić, Jorjo Tadić, Vaso Čubrilović i drugi. Svoje temeljno i iscrpno poznavanje arhivistike crpeo je iz predavanja koje mu je na osnovnim studijama držao Ilija Sindik. Diplomirao je 1959. godine.
Radni odnos u Državnom istorijskom arhivu sreza Zrenjanin zasnovao je 1963. godine. Stručno usavršavanje Milan Djukanov nastavio je upisavši postdimplomske studije u Zagrebu u toku akademske 1970/71. godine u okviru Centra za studije bibliotekarstva, dokumentacije i informacionih znanosti na Sveučilištu u Zagrebu. Položivši arhivistički ispit 1973. godine postao je prvi arhivista od osnivanja zrenjaninskog Arhiva. Kao najstručniji kandidat u dva mandata je postavljan za upravnika i potom direktora arhiva: od 1964. do 1980. godine i od 1992. do 2001. godine.
Pored velikog broja napisanih istorijskih beležaka, sumarnih i analitičkih inventara i sredjenih fondova od izuzetnog i velikog značaja, Milan Djukanov je iza sebe ostavio i vredne publikacije koje su postale nazaobilazna literatura i polazište u istraživanju zavičajne istorije. Sredivši fond prvog srpskog prečanskog narodnog odbora koji je osnovan u predvečerje oslobodjenja 1918. godine, izdao je knjigu „Srpski narodni odbor u Velikom Bečkereku 1918. godine“ u kojoj su na osnovu arhivske gradje rasvetljeni ključni bečkerečki dani s kraja Velikog rata, od osnivanja odbora do ulaska srpske vojske u varoš. Napisao je i kratku monografiju o Jaši Tomiću. Kao iskusan istoričar i arhivski radnik bio je član redakcionog odbora i autor dva poglavlja „Monografije Zrenjanin“. Učestvovao je u snimanju brojnih emisija i dokumentarnih filmova o istoriji Zrenjanina.
Zvanje arhivskog savetnika, kao najviše u arhivskoj struci, poneo je 1989. godine. Bio je član republičkih komisija za kategorizaciju arhivske gradje, dodelu viših zvanja i komisije za pripremu proslave stogodišnjice Arhiva Srbije. U znak priznanja za velike zasluge u arhivskoj struci Arhiv Srbije dodelio je Milanu Djukanovu prestižnu nagradu „Zlatna arhiva“ iz fonda Aleksandra Arnautovića 15. decembra 1999. godine. Društvo arhivskih radnika Vojvodine dodelilo mu je nagradu „Dr Dimitrije Kirilović“ 22. juna 2012. godine.
Kada se saberu misli i svedu utisci o njegovom plodnom radu, bilo da je reč o njemu kao direktoru, arhivisti ili pak istoričaru, Milan Djukanov ostaće zauvek primer na koji se treba ugledati i sa ponosom stremiti.
Istoričar arhivist Slobodan Milin
Istorijski arhiv Zrenjanin, 09/03/2021  List Zrenjanin');
INSERT INTO image (generic_element_id, file_path) VALUES (26, '/uploads/vest_26_0.jpg');
INSERT INTO image (generic_element_id, file_path) VALUES (26, '/uploads/vest_26_1.jpg');
INSERT INTO image (generic_element_id, file_path) VALUES (26, '/uploads/vest_26_2.jpg');
INSERT INTO generic_element (id, type, category_id) VALUES (25, 'Vesti', 1);
INSERT INTO text (source_id, source_table, field_name, lang, content) VALUES (25, 'generic_element', 'naslov', 'sr-Cyrl', 'НОВИ БРОЈ ЧАСОПИСА АРХИВСКА ГРАЂА – ЧАСОПИС ИСТОРИЈСКОГ АРХИВА ЗРЕЊАНИН 13');
INSERT INTO text (source_id, source_table, field_name, lang, content) VALUES (25, 'generic_element', 'naslov', 'sr', 'NOVI BROJ ČASOPISA ARHIVSKA GRADjA – ČASOPIS ISTORIJSKOG ARHIVA ZRENjANIN 13');
INSERT INTO text (source_id, source_table, field_name, lang, content) VALUES (25, 'generic_element', 'opis', 'sr-Cyrl', 'Упркос свим препрекама и недаћама на која су наилазили претходници, окупљени тим доказаних архивиста успешно је обновио историографско-архивистички часопис Архивска грађа. Као круна пројекта из штампе изашао нови, 13. број часописа Историјског архива Зрењанин. Први број овог часописа је покренут давно пре скоро седамдесет година од стране чувеног др Павла Зубковића који је као циљ прокламовао: „ да се јавности, стручној и лаичкој, представи културно благо које се налази на полицама у депоима Државног архива у Зрењанину“.
У часопису се могу прочитати занимљиви текстови ангажованих архивиста . Чланци су објављени у рубрикама Архивистика, Историографија, Објављивање архивске грађе, информативних средстава, Прикази и осврти и Библиографија.
У одељку Архивистика часопис доноси текст вишег архивисте Архива Војводине Зорана Стевановића под насловом „Српске привилегије – пројекат Архива Војводине и истраживање у Историјском архиву Зрењанин“.  Архивиста Историјског архива Зрењанин Никола Петричић добар познавалац рада Спољне службе осврнуо се у свом ауторском тексту на тему“ Пријем архивске грађе од регистратура у стечају“. Архивиста Гордана Сантрач је као економиста архивиста написала веома стручан чланак који проблематизује тематику сређивања и обраде привредне грађе под називом „Периодизација архивске грађе на примеру привредних фондова Историјског архива Зрењанина. Архивиста Саша Младеновић проблематизовао је из свог вишегодишњег искуства однос установа културе и медија са посебним освртом на архиве као специфичне установе културе са насловом“Историјски архив Зрењанин и медији ( У средишту  или на рубу јавности).
У делу часописа Историографија читамо текст архивског саветника Ванде Војводић Мицове, која доноси историографску тему од посебног значаја за духовни идентитет овог дела Баната „Манастир Свете Меланије Римљанке“. Виши архивиста Горан Живић се осврнуо на максиму о граду на Бегеју као граду спортова, текстом: „Из историјие Зрењанинске свакодневнице: Успеси Зрењанинског Кошаркашког клуба „Пролетер“1955. Године“. Архивиста Оливера Митровић је одала пошту човеку инстутуцији културе чувеном књижевнику и ерудити „Тодор Манојловић – Књижевник (1883-1968)“.
У одељку Објављивање информативних средстава из пера архивског саветника, кустоса и историчара Зорана Вељановића из Музеја Војводине у Новом Саду долази нам текст под називом: „Историјска белешка о фонду Српски народни одбор у Великом Бечкереку 1918.“
У одељку часописа Прикази и осврти, нашли су се текстови дугогодишњег професора историје
Раке Томовића о доајену историчару и његовом делу: „Милан Ђуканов, Први српски народни одбор 1918, Уједињење, Историјски архив Зрењанин, Градска народна библиотека „Жарко Зрењанин“, 2019.“ Архивски саветник Архива Војводине Љиљана Дожић направила је веома интересантан приказ књиге коју су приредиле колеге историчари Зоран Вељановић и Ванда Војводић Мицова „Записници Српског народног одбора у Великом Бечкереку 1918.“ Зоран Вељановић је потписао и приказ часописа Историјског архива Кикинда Atendite br16/202.
Главни и одговорни уредници овог издања су директор Историјског архива Зрењанина Мирјана Баста, заменик директора историчар Ванда Војводић Мицова, историчар и помоћник директора Музеја Војводине у Новом Саду Зоран Вељановић, историчар Игор Мицов, историчар и директор Гимназије Милан Радаковић, архивист Гроздана Сантрач, архивист Никола Петричић а техничко уредништво архивист информатичар Бранислав Милошев.
Уредништво захваљује свима који су помогли у обнови и излажењу часописа. Уредништво позива ангажоване архивисте на сарадњу путем е-поште на адресу: zoranveljanovic19@gmail.com');
INSERT INTO text (source_id, source_table, field_name, lang, content) VALUES (25, 'generic_element', 'opis', 'sr', 'Uprkos svim preprekama i nedaćama na koja su nailazili prethodnici, okupljeni tim dokazanih arhivista uspešno je obnovio istoriografsko-arhivistički časopis Arhivska gradja. Kao kruna projekta iz štampe izašao novi, 13. broj časopisa Istorijskog arhiva Zrenjanin. Prvi broj ovog časopisa je pokrenut davno pre skoro sedamdeset godina od strane čuvenog dr Pavla Zubkovića koji je kao cilj proklamovao: „ da se javnosti, stručnoj i laičkoj, predstavi kulturno blago koje se nalazi na policama u depoima Državnog arhiva u Zrenjaninu“.
U časopisu se mogu pročitati zanimljivi tekstovi angažovanih arhivista . Članci su objavljeni u rubrikama Arhivistika, Istoriografija, Objavljivanje arhivske gradje, informativnih sredstava, Prikazi i osvrti i Bibliografija.
U odeljku Arhivistika časopis donosi tekst višeg arhiviste Arhiva Vojvodine Zorana Stevanovića pod naslovom „Srpske privilegije – projekat Arhiva Vojvodine i istraživanje u Istorijskom arhivu Zrenjanin“.  Arhivista Istorijskog arhiva Zrenjanin Nikola Petričić dobar poznavalac rada Spoljne službe osvrnuo se u svom autorskom tekstu na temu“ Prijem arhivske gradje od registratura u stečaju“. Arhivista Gordana Santrač je kao ekonomista arhivista napisala veoma stručan članak koji problematizuje tematiku sredjivanja i obrade privredne gradje pod nazivom „Periodizacija arhivske gradje na primeru privrednih fondova Istorijskog arhiva Zrenjanina. Arhivista Saša Mladenović problematizovao je iz svog višegodišnjeg iskustva odnos ustanova kulture i medija sa posebnim osvrtom na arhive kao specifične ustanove kulture sa naslovom“Istorijski arhiv Zrenjanin i mediji ( U središtu  ili na rubu javnosti).
U delu časopisa Istoriografija čitamo tekst arhivskog savetnika Vande Vojvodić Micove, koja donosi istoriografsku temu od posebnog značaja za duhovni identitet ovog dela Banata „Manastir Svete Melanije Rimljanke“. Viši arhivista Goran Živić se osvrnuo na maksimu o gradu na Begeju kao gradu sportova, tekstom: „Iz istorijie Zrenjaninske svakodnevnice: Uspesi Zrenjaninskog Košarkaškog kluba „Proleter“1955. Godine“. Arhivista Olivera Mitrović je odala poštu čoveku instutuciji kulture čuvenom književniku i eruditi „Todor Manojlović – Književnik (1883-1968)“.
U odeljku Objavljivanje informativnih sredstava iz pera arhivskog savetnika, kustosa i istoričara Zorana Veljanovića iz Muzeja Vojvodine u Novom Sadu dolazi nam tekst pod nazivom: „Istorijska beleška o fondu Srpski narodni odbor u Velikom Bečkereku 1918.“
U odeljku časopisa Prikazi i osvrti, našli su se tekstovi dugogodišnjeg profesora istorije
Rake Tomovića o doajenu istoričaru i njegovom delu: „Milan Djukanov, Prvi srpski narodni odbor 1918, Ujedinjenje, Istorijski arhiv Zrenjanin, Gradska narodna biblioteka „Žarko Zrenjanin“, 2019.“ Arhivski savetnik Arhiva Vojvodine Ljiljana Dožić napravila je veoma interesantan prikaz knjige koju su priredile kolege istoričari Zoran Veljanović i Vanda Vojvodić Micova „Zapisnici Srpskog narodnog odbora u Velikom Bečkereku 1918.“ Zoran Veljanović je potpisao i prikaz časopisa Istorijskog arhiva Kikinda Atendite br16/202.
Glavni i odgovorni urednici ovog izdanja su direktor Istorijskog arhiva Zrenjanina Mirjana Basta, zamenik direktora istoričar Vanda Vojvodić Micova, istoričar i pomoćnik direktora Muzeja Vojvodine u Novom Sadu Zoran Veljanović, istoričar Igor Micov, istoričar i direktor Gimnazije Milan Radaković, arhivist Grozdana Santrač, arhivist Nikola Petričić a tehničko uredništvo arhivist informatičar Branislav Milošev.
Uredništvo zahvaljuje svima koji su pomogli u obnovi i izlaženju časopisa. Uredništvo poziva angažovane arhiviste na saradnju putem e-pošte na adresu: zoranveljanovic19@gmail.com');
INSERT INTO image (generic_element_id, file_path) VALUES (25, '/uploads/vest_25_0.jpg');
INSERT INTO image (generic_element_id, file_path) VALUES (25, '/uploads/vest_25_1.jpg');
INSERT INTO image (generic_element_id, file_path) VALUES (25, '/uploads/vest_25_2.jpg');
INSERT INTO generic_element (id, type, category_id) VALUES (24, 'Vesti', 1);
INSERT INTO text (source_id, source_table, field_name, lang, content) VALUES (24, 'generic_element', 'naslov', 'sr-Cyrl', '100 ГОДИНА ОД КОЛОНИЗАЦИЈЕ ДОБРОВОЉАЦА – ПРЕПОЗНАВАЊЕ СЕБЕ И СВОЈИХ КОРЕНА');
INSERT INTO text (source_id, source_table, field_name, lang, content) VALUES (24, 'generic_element', 'naslov', 'sr', '100 GODINA OD KOLONIZACIJE DOBROVOLjACA – PREPOZNAVANjE SEBE I SVOJIH KORENA');
INSERT INTO text (source_id, source_table, field_name, lang, content) VALUES (24, 'generic_element', 'opis', 'sr-Cyrl', 'У атријуму Народног музеја Зрењанин одржана је промоција књиге др Милана Мицића „Колонистичка насеља (1920 – 1941) Банат, Бачка, Срем. Ради се о још једном значајном издању Банатског културног центра из Новог Милошева које води књижевник Радован Влаховић. Историчарка – кустоскиња Вања Игњатов поздравила је присутне испред домаћина.
Културно-уметнички део промоције је улепшала својим наступом певачка група „Вретено“из колонистичких места Александрова и Банатског Карађорђева.
У својој новој студији Милан Мицић полази од једног зида заборава или како је рекао „ стида од памћења“ које је наметнуто у периоду комунистичке власти и долазимо до сазнања да је у процесу аграрне реформе и колонизације у Краљевини Југославији, спроведеној у периоду од 1920. до 1941. године, у крајевима Баната, Бачке, Барање, Срема, Славоније формирано 200 насеља у којима је уочи Другог светског рата живело око 100.000 становника лојалних династији Карађорђевића и новој држави. Нова насеља су подизана у панонској области у близини граница према Мађарској и Румунији или нешто даље од границе, или су изграђена уз постојећа насеља у којима је углавном живело мањинско немачко, мађарско и румунско становништво.
Насеља су подизана на голој ледини,у неусловним нехигијенским условима, на земљишту бивших феудалаца непријатеља нове државе, којима је земља одузета. Аутор је у овој књизи обрадио 20 насеља из Бачке, Баната и Срема. То су насеља: Банатско Карађорђево, Сириг, Хајдучица, Растина, Војвода Степа, Владимировац, Лужац, Црно Брдо, Алекса Шантић, Липовача, Александрово, Банатско Вишњићево, Банатски Душановац, Војвода Бојовић, Ковин, Селеуш, Подлокањ, Танкосићево, Павлиш и Руско Село.
Проф. др Бранко Ћупурија о овом значајном делу српске историографије каже:
Идући трагом Николе Гаћеше, тематски, садржајно и методолошки проширујући и богатећи његова истраживања, Милан Мицић је стасао у једног од наших најбољих, ако не и у најбољег, познаваоца процеса аграрне реформе и колонизације у периоду између два светска рата. Његова књига „Колонистичка насеља (1920–1941) – Банат, Бачка, Срем“ обрадоваће, не само историчаре, него и припаднике свих научних дисциплина који се на неки начин баве насељима, пре свега етнологе, географе, архитекте и социологе. Као што ће, имајући у виду препознавање разних видова колективних идентитета, у теоријском и методолошком погледу, осим историчара, обрадовати и припаднике других научних дисциплина, пре свих социјал­не или културне антропологе. Она ће добро доћи свим бројним потомцима учесника насељавања и ствара­ња нових колонија у Бачкој, Банату и Срему у периоду између два светска рата, који буду хтели да сазнају нешто више о свом пореклу и идентитету, најпосле и многим љубитељима поузданог историјског штива, као и љубитељима добре књиге уопште.
Др Милан Гулић, један од рецензената је о књизи забележио:
Управо су аграрна реформа, жеља да се утврде гранични појасеви и дуг према добровољцима довели до првог југословенског колонистичког таласа у којем је настао низ потпуно нових насеља. Тај сложени процес је у средишту пажње нове књиге др Милана Мицића, који се великим бројем радова показао као изузетан познавалац добровољачког питања, као и колонизационих кретања и разви­тка нових насеља на тлу данашње Војводине. Милан Мицић пише о настанку нових насеља у Банату, Бачкој и Срему, даје приказ регионалног поријекла његових насељеника, описује услове у којима су живјели и из којих су градили уређена насеља каква данас постоје. Потанко осликава проблеме са којима су се суочавали – недостатак питке, а вишак сваке друге воде, болести које су косиле примарно дјецу колониста, али и нови начин живота, на који су се у равници, далеко од завичаја, навикавали људи из динарских крајева нове, југословенске краљевине.
Због сложености теме и свеобухватности ис­траживачког приступа, овај рукопис Милана Мицића није само историја Баната, Срема и Бачке, већ и много више од тога – он представља саставни дио повијести Лике, Босне, Херцеговине, Боке Которске и свих других области одакле су долазили колонисти. Њихов долазак у равничарске крајеве није промијенио са­мо историју крајева који чине данашњу Аутономну Покрајину Војводину, већ и свих оних крајева који су остали без својих мјештана. Њихов одлазак из Далмације, Лике, са Кордуна и Баније, из Босне и Херцеговине био је, показало је то вријеме, први талас одласка Срба из тих крајева.
На промоцији у Зрењанину аутор и гости су изнели историјске и музеолошке проблеме са којима су се сусретали у раду на овој тематици. Др Милан Мицић је дошао до закључка да је у периоду 1920. – 1941. трајао је велики колонизациони талас којим је Краљевина СХС касније Краљевина Југославија, насељавала своје „северне земље“ Банат, Бачка, Срем, Барања, Славонију српским ратним добровољцима из динарских, планинских крајева Краљевине али и српским оптантима (онима који су изабрали да као Срби не живе у новоствореним државама а живели су до тада на тлу Мађарске, Румуније) као и српским становништвом Баната који је желео да добије бољу земљу од оне коју је добио у време колонизације Шваба и Мађара под Хабзбурзима.
У том великом колонизационом процесу створено је до 1941. године близу 200 нових насеља са 100 000 становника. Једно од значајних колонизационих подручја била је околина Великог Бечкерека – Петровграда у ком је насељено близу 20 000 људи. Др Милан Мицић  описује начин формирања, структуру завичајних група, формирање јавног живота, питања егзистенцијалног минимума у  20 колонистичких насеља међу којима су Банатско Карађорђево, Александрово, Војвода Степа, Војвода Бојовић, Банатски Душановац, Банатско Вишњићево, Руско Село, Подлокањ, Валдимировац, Салсуш, Хајдучица, Павлиш, Ковин, Сириг…
О овом значајном историографском делу говорили су на промоцији у Зрењанину поред аутора и Богдан Шекарић етнолог и Димитрије Михаиловић историчар из Музеја Војводине у Новом Саду.
Етнолог Шекарић је у музеолошком раду са артефактима из тог периода сачуваним до данас приметио значајну појединост. Један део људи, добровољаца стигао је у ове крајеве и из Америке и донео из те средине у успону многе новине које су допринеле успону средина у које се долазило. Ови колонисти били су носиоци нових идеја оруђа и одеће, способни за нове изазове – каже Богдан Шекарић .
Млади историчар Димитрије Михаиловић је приметио да су ова насеља попут многих српских насеља у историји стварана као врста живог зида према новонасталим државама Мађарској и Румунији. Насеља су у исто време служила и као награда за добровољце за учешће у рату али и против могућег непријатељског дејства јер је слободарски дух остао присутан између два рата. Немци и њихови сателити, ревизионисти одмах су се 1941 окомили на колонисте који су претрпели страдања.
Истовремено етнолог и историчар су запазили на терену приликом рада, да се после доласка комуниста на власт може говорити о својеврсном „невидљивом народу“ чија је улога у историји избрисана.
Др Мицић је отклонио дилему младог колеге када је у питању завера ћутања око питања добровољаца у новој комунистичкој Југославији. Он је навео да је Александар Ранковић (наравно не без знања Јосипа Броза Тита) из идеолошких и сада видимо и србофобних разлога донео уредбу којом се добровољачке организације проглашавају профашистичким организацијама и којом се њихов даљи рад забрањује.
На крају др Мицић је закључио:
Можда је време, можда је дошао тренутак да сазнајући о овим људима и ми сазнамо ко смо. Можда је тренутак, да овај што Богдан рече „невидљиви народ“ постане видљив и нашим Србима који нису били у овој колонизацији а живе у Војводини, припадницима националних мањина који живе овде, који не познају, шта је суштина насељавања ових људи. Трагедија нашег света и наших снага, да постану познати и у Београду и у осталим деловима Србије, који не знају ништа о њима о њиховој историјској величини, јер добровољци су ослободили Кајмакчалан, они су били сваки пети војник који је пробијао Солунски фронт. Њихов значај не крњи величину и значај читаве епопеје страдања и борбе српског народа у Великом рату, он велича епоху и зато тај помен тамо треба да се нађе о њима. Али и у крајевима планинским одакле потичу сви ти људи треба да се сачува помен о њима, јер забораве људи све оне који се селе и одселе. У наредним годинама, ја очекујем да ће на различитим тачкама не само у нашим селима и градовима у Србији бити на достојан начин обележена годишњица колонизације. Кроз књиге, изложбе, научне скупове, документарне филмове, рад са децом, кроз све оне активности који ће да нас подсете не само на њихов подвиг него да нас подсете на нас саме.
Др Мицић се посебно захвалио директору Народног музеја у Зрењанину Синишу Оњину, као домаћину скупа, Владимиру Бракусу, потомку солунског добровољца председнику општине Нова Црња, Марку Лазићу председника општине Мали Иђош, представницима удружења који негују сећање на добровољце из Александрова, Војводе Степе, Банатског Карађорђева, Руског Села, Владимировца, Хајдучице итд, Посебно је апострофирао новинску кућу „Српско Коло“ из Требиња а захвалио се на свестраној помоћи председницима неколико општина, директорки музеја у Вршцу и директорки библиотеке у Пландишту, директору библиотеке у Зрењанину Милану Бјелогрлићу те својим колегама професорима историје из Српске Црње.
За Вас приредио архивиста Историјског архива Зрењанин Саша Младеновић');
INSERT INTO text (source_id, source_table, field_name, lang, content) VALUES (24, 'generic_element', 'opis', 'sr', 'U atrijumu Narodnog muzeja Zrenjanin održana je promocija knjige dr Milana Micića „Kolonistička naselja (1920 – 1941) Banat, Bačka, Srem. Radi se o još jednom značajnom izdanju Banatskog kulturnog centra iz Novog Miloševa koje vodi književnik Radovan Vlahović. Istoričarka – kustoskinja Vanja Ignjatov pozdravila je prisutne ispred domaćina.
Kulturno-umetnički deo promocije je ulepšala svojim nastupom pevačka grupa „Vreteno“iz kolonističkih mesta Aleksandrova i Banatskog Karadjordjeva.
U svojoj novoj studiji Milan Micić polazi od jednog zida zaborava ili kako je rekao „ stida od pamćenja“ koje je nametnuto u periodu komunističke vlasti i dolazimo do saznanja da je u procesu agrarne reforme i kolonizacije u Kraljevini Jugoslaviji, sprovedenoj u periodu od 1920. do 1941. godine, u krajevima Banata, Bačke, Baranje, Srema, Slavonije formirano 200 naselja u kojima je uoči Drugog svetskog rata živelo oko 100.000 stanovnika lojalnih dinastiji Karadjordjevića i novoj državi. Nova naselja su podizana u panonskoj oblasti u blizini granica prema Madjarskoj i Rumuniji ili nešto dalje od granice, ili su izgradjena uz postojeća naselja u kojima je uglavnom živelo manjinsko nemačko, madjarsko i rumunsko stanovništvo.
Naselja su podizana na goloj ledini,u neuslovnim nehigijenskim uslovima, na zemljištu bivših feudalaca neprijatelja nove države, kojima je zemlja oduzeta. Autor je u ovoj knjizi obradio 20 naselja iz Bačke, Banata i Srema. To su naselja: Banatsko Karadjordjevo, Sirig, Hajdučica, Rastina, Vojvoda Stepa, Vladimirovac, Lužac, Crno Brdo, Aleksa Šantić, Lipovača, Aleksandrovo, Banatsko Višnjićevo, Banatski Dušanovac, Vojvoda Bojović, Kovin, Seleuš, Podlokanj, Tankosićevo, Pavliš i Rusko Selo.
Prof. dr Branko Ćupurija o ovom značajnom delu srpske istoriografije kaže:
Idući tragom Nikole Gaćeše, tematski, sadržajno i metodološki proširujući i bogateći njegova istraživanja, Milan Micić je stasao u jednog od naših najboljih, ako ne i u najboljeg, poznavaoca procesa agrarne reforme i kolonizacije u periodu izmedju dva svetska rata. Njegova knjiga „Kolonistička naselja (1920–1941) – Banat, Bačka, Srem“ obradovaće, ne samo istoričare, nego i pripadnike svih naučnih disciplina koji se na neki način bave naseljima, pre svega etnologe, geografe, arhitekte i sociologe. Kao što će, imajući u vidu prepoznavanje raznih vidova kolektivnih identiteta, u teorijskom i metodološkom pogledu, osim istoričara, obradovati i pripadnike drugih naučnih disciplina, pre svih socijal­ne ili kulturne antropologe. Ona će dobro doći svim brojnim potomcima učesnika naseljavanja i stvara­nja novih kolonija u Bačkoj, Banatu i Sremu u periodu izmedju dva svetska rata, koji budu hteli da saznaju nešto više o svom poreklu i identitetu, najposle i mnogim ljubiteljima pouzdanog istorijskog štiva, kao i ljubiteljima dobre knjige uopšte.
Dr Milan Gulić, jedan od recenzenata je o knjizi zabeležio:
Upravo su agrarna reforma, želja da se utvrde granični pojasevi i dug prema dobrovoljcima doveli do prvog jugoslovenskog kolonističkog talasa u kojem je nastao niz potpuno novih naselja. Taj složeni proces je u središtu pažnje nove knjige dr Milana Micića, koji se velikim brojem radova pokazao kao izuzetan poznavalac dobrovoljačkog pitanja, kao i kolonizacionih kretanja i razvi­tka novih naselja na tlu današnje Vojvodine. Milan Micić piše o nastanku novih naselja u Banatu, Bačkoj i Sremu, daje prikaz regionalnog porijekla njegovih naseljenika, opisuje uslove u kojima su živjeli i iz kojih su gradili uredjena naselja kakva danas postoje. Potanko oslikava probleme sa kojima su se suočavali – nedostatak pitke, a višak svake druge vode, bolesti koje su kosile primarno djecu kolonista, ali i novi način života, na koji su se u ravnici, daleko od zavičaja, navikavali ljudi iz dinarskih krajeva nove, jugoslovenske kraljevine.
Zbog složenosti teme i sveobuhvatnosti is­traživačkog pristupa, ovaj rukopis Milana Micića nije samo istorija Banata, Srema i Bačke, već i mnogo više od toga – on predstavlja sastavni dio povijesti Like, Bosne, Hercegovine, Boke Kotorske i svih drugih oblasti odakle su dolazili kolonisti. Njihov dolazak u ravničarske krajeve nije promijenio sa­mo istoriju krajeva koji čine današnju Autonomnu Pokrajinu Vojvodinu, već i svih onih krajeva koji su ostali bez svojih mještana. Njihov odlazak iz Dalmacije, Like, sa Korduna i Banije, iz Bosne i Hercegovine bio je, pokazalo je to vrijeme, prvi talas odlaska Srba iz tih krajeva.
Na promociji u Zrenjaninu autor i gosti su izneli istorijske i muzeološke probleme sa kojima su se susretali u radu na ovoj tematici. Dr Milan Micić je došao do zaključka da je u periodu 1920. – 1941. trajao je veliki kolonizacioni talas kojim je Kraljevina SHS kasnije Kraljevina Jugoslavija, naseljavala svoje „severne zemlje“ Banat, Bačka, Srem, Baranja, Slavoniju srpskim ratnim dobrovoljcima iz dinarskih, planinskih krajeva Kraljevine ali i srpskim optantima (onima koji su izabrali da kao Srbi ne žive u novostvorenim državama a živeli su do tada na tlu Madjarske, Rumunije) kao i srpskim stanovništvom Banata koji je želeo da dobije bolju zemlju od one koju je dobio u vreme kolonizacije Švaba i Madjara pod Habzburzima.
U tom velikom kolonizacionom procesu stvoreno je do 1941. godine blizu 200 novih naselja sa 100 000 stanovnika. Jedno od značajnih kolonizacionih područja bila je okolina Velikog Bečkereka – Petrovgrada u kom je naseljeno blizu 20 000 ljudi. Dr Milan Micić  opisuje način formiranja, strukturu zavičajnih grupa, formiranje javnog života, pitanja egzistencijalnog minimuma u  20 kolonističkih naselja medju kojima su Banatsko Karadjordjevo, Aleksandrovo, Vojvoda Stepa, Vojvoda Bojović, Banatski Dušanovac, Banatsko Višnjićevo, Rusko Selo, Podlokanj, Valdimirovac, Salsuš, Hajdučica, Pavliš, Kovin, Sirig…
O ovom značajnom istoriografskom delu govorili su na promociji u Zrenjaninu pored autora i Bogdan Šekarić etnolog i Dimitrije Mihailović istoričar iz Muzeja Vojvodine u Novom Sadu.
Etnolog Šekarić je u muzeološkom radu sa artefaktima iz tog perioda sačuvanim do danas primetio značajnu pojedinost. Jedan deo ljudi, dobrovoljaca stigao je u ove krajeve i iz Amerike i doneo iz te sredine u usponu mnoge novine koje su doprinele usponu sredina u koje se dolazilo. Ovi kolonisti bili su nosioci novih ideja orudja i odeće, sposobni za nove izazove – kaže Bogdan Šekarić .
Mladi istoričar Dimitrije Mihailović je primetio da su ova naselja poput mnogih srpskih naselja u istoriji stvarana kao vrsta živog zida prema novonastalim državama Madjarskoj i Rumuniji. Naselja su u isto vreme služila i kao nagrada za dobrovoljce za učešće u ratu ali i protiv mogućeg neprijateljskog dejstva jer je slobodarski duh ostao prisutan izmedju dva rata. Nemci i njihovi sateliti, revizionisti odmah su se 1941 okomili na koloniste koji su pretrpeli stradanja.
Istovremeno etnolog i istoričar su zapazili na terenu prilikom rada, da se posle dolaska komunista na vlast može govoriti o svojevrsnom „nevidljivom narodu“ čija je uloga u istoriji izbrisana.
Dr Micić je otklonio dilemu mladog kolege kada je u pitanju zavera ćutanja oko pitanja dobrovoljaca u novoj komunističkoj Jugoslaviji. On je naveo da je Aleksandar Ranković (naravno ne bez znanja Josipa Broza Tita) iz ideoloških i sada vidimo i srbofobnih razloga doneo uredbu kojom se dobrovoljačke organizacije proglašavaju profašističkim organizacijama i kojom se njihov dalji rad zabranjuje.
Na kraju dr Micić je zaključio:
Možda je vreme, možda je došao trenutak da saznajući o ovim ljudima i mi saznamo ko smo. Možda je trenutak, da ovaj što Bogdan reče „nevidljivi narod“ postane vidljiv i našim Srbima koji nisu bili u ovoj kolonizaciji a žive u Vojvodini, pripadnicima nacionalnih manjina koji žive ovde, koji ne poznaju, šta je suština naseljavanja ovih ljudi. Tragedija našeg sveta i naših snaga, da postanu poznati i u Beogradu i u ostalim delovima Srbije, koji ne znaju ništa o njima o njihovoj istorijskoj veličini, jer dobrovoljci su oslobodili Kajmakčalan, oni su bili svaki peti vojnik koji je probijao Solunski front. Njihov značaj ne krnji veličinu i značaj čitave epopeje stradanja i borbe srpskog naroda u Velikom ratu, on veliča epohu i zato taj pomen tamo treba da se nadje o njima. Ali i u krajevima planinskim odakle potiču svi ti ljudi treba da se sačuva pomen o njima, jer zaborave ljudi sve one koji se sele i odsele. U narednim godinama, ja očekujem da će na različitim tačkama ne samo u našim selima i gradovima u Srbiji biti na dostojan način obeležena godišnjica kolonizacije. Kroz knjige, izložbe, naučne skupove, dokumentarne filmove, rad sa decom, kroz sve one aktivnosti koji će da nas podsete ne samo na njihov podvig nego da nas podsete na nas same.
Dr Micić se posebno zahvalio direktoru Narodnog muzeja u Zrenjaninu Sinišu Onjinu, kao domaćinu skupa, Vladimiru Brakusu, potomku solunskog dobrovoljca predsedniku opštine Nova Crnja, Marku Laziću predsednika opštine Mali Idjoš, predstavnicima udruženja koji neguju sećanje na dobrovoljce iz Aleksandrova, Vojvode Stepe, Banatskog Karadjordjeva, Ruskog Sela, Vladimirovca, Hajdučice itd, Posebno je apostrofirao novinsku kuću „Srpsko Kolo“ iz Trebinja a zahvalio se na svestranoj pomoći predsednicima nekoliko opština, direktorki muzeja u Vršcu i direktorki biblioteke u Plandištu, direktoru biblioteke u Zrenjaninu Milanu Bjelogrliću te svojim kolegama profesorima istorije iz Srpske Crnje.
Za Vas priredio arhivista Istorijskog arhiva Zrenjanin Saša Mladenović');
INSERT INTO image (generic_element_id, file_path) VALUES (24, '/uploads/vest_24_0.jpg');
INSERT INTO image (generic_element_id, file_path) VALUES (24, '/uploads/vest_24_1.jpg');
INSERT INTO image (generic_element_id, file_path) VALUES (24, '/uploads/vest_24_2.jpg');
INSERT INTO image (generic_element_id, file_path) VALUES (24, '/uploads/vest_24_3.jpg');
INSERT INTO image (generic_element_id, file_path) VALUES (24, '/uploads/vest_24_4.jpg');
INSERT INTO image (generic_element_id, file_path) VALUES (24, '/uploads/vest_24_5.jpg');
INSERT INTO image (generic_element_id, file_path) VALUES (24, '/uploads/vest_24_6.jpg');
INSERT INTO image (generic_element_id, file_path) VALUES (24, '/uploads/vest_24_7.jpg');
INSERT INTO image (generic_element_id, file_path) VALUES (24, '/uploads/vest_24_8.jpg');
INSERT INTO image (generic_element_id, file_path) VALUES (24, '/uploads/vest_24_9.jpg');
INSERT INTO image (generic_element_id, file_path) VALUES (24, '/uploads/vest_24_10.jpg');
INSERT INTO image (generic_element_id, file_path) VALUES (24, '/uploads/vest_24_11.jpg');
INSERT INTO generic_element (id, type, category_id) VALUES (23, 'Vesti', 1);
INSERT INTO text (source_id, source_table, field_name, lang, content) VALUES (23, 'generic_element', 'naslov', 'sr-Cyrl', 'ПРОМОЦИЈА КЊИГЕ И ИЗЛОЖБА О ДОГАЂАЈУ КОЈИ ЈЕ 1918. ПРОМЕНИО БАНАТ');
INSERT INTO text (source_id, source_table, field_name, lang, content) VALUES (23, 'generic_element', 'naslov', 'sr', 'PROMOCIJA KNjIGE I IZLOŽBA O DOGADjAJU KOJI JE 1918. PROMENIO BANAT');
INSERT INTO text (source_id, source_table, field_name, lang, content) VALUES (23, 'generic_element', 'opis', 'sr-Cyrl', 'У простору Архива Војводине представљена је
књига „Записници Српског народног одбора у Великом Бечкереку 1918.“ пратећа
изложба
„39 дана који су променили Банат – Српски народни одбор у Великом Бечкереку 1918” чији су аутори директор Музеја присаједињења 1918, архивски саветник и кустос – историчар Зоран Вељановић и архивс
ки
саветни
к
Историјског архива Зрењанин Ванда Војводић Мицовa.
Програм је водила виши архивиста Архива Војводине Сања Гавриловић, која је најавила говорнике и тему веома важну за српку историографију. Тему о првом Народном одбору у војвођанским областима Банату, Бачкој и Барањи која први пут представља јавности један од 211 народних одбора/већа чији изабрани представници су учествовали на Народној скупштини Срба, Буњеваца и осталих Словена у Новом Саду 25. новембра 1918. године. Она је у најави рекла да  изложба и књига приказују и описују сву драматичност догађаја присаједињење Баната, Бачке и Барање Краљевини Србији 1918 на прелому векова и промени империјума на војвођанским просторима.
На промоцији и отварању изложбе поздравне речи је упутио директор Архива Војводине др Небојша Кузмановић:
„Хвала вам свима што сте у ово топло јунско време дошли да и на овај начин обележимо Видовдан, најзначајнији празник у нашем народу. Оваква изложба и прича о прецима који су довели до тога да ми данас на овом месту говоримо својим језиком заслужује сваку врсту подршке и захвалности.“
Директорка Музеја Војводине мр Тијана Станковић Пештерац је између осталог рекла:
„Зоран Вељановић се овом темом бави више година са више аспеката и ова књига је заправо девета књига у едицији „Присаједињење 1918.“ чији је наслов „Записници Српског народног одбора у Великом Бечкереку 1918.“ и тиме се наставља рад на публикацијама које се баве управо овом веома значајном темом ослобођења и уједињења.“
Један од водећих српских историчара проф. др Дејан Микавица је као рецензент одржао запажену беседу из које издвајамо:
„Реч је о изузетно корисном научном делу које увелико превазилази задате норме и оно што подразумевамо под узусима и захтевима једне класичне изложбе и једног каталога…Историја Српског народног одбора у Великом Бечкереку је почетак једног ратничког дела демократске и националне политике Срба који је у току Првог светског рата ескалирао кроз процес борбе на Солунском фронту, где су се поред осталих бораца борили и Банаћани…То је један процес кад се заправо одлучује о будућности Српског народа о његовој Заветној мисли и борби која је вођена у правцу националног ослобођења и државног уједињења…Од краја 17. века Срби нису били само привилегована нација у Хабзбуршкој монархији… Срби јесу покушавали да извојују овај статус који никада нису реално успели да добију у Хабзбуршкој монархији, статус историјске нације. Али, у исто време од краја 17. века од грофа Ђорђа Бранковића који је био утамничен због идеје о српској државности и српској Војводини, практично имате ситуацију да су Срби у Хабзбуршкој монархији и велеиздајници, да су тамничени, да су вешани, хапшени, интернирани, као што су интернирани и у Првом светском рату. Одузимана им је имовина као и у Првом светском рату, одузимана звона, бакар са црквених торњева, да им је одузимана имовина њихових спортских, научних и културних друштава. Дакле био је то један бескрупулозан, дискриминаторски однос хабзбуршких власти према српском народу и постојала је нека врста заједничкох именитеља хабзубршке политике према српском народу о чему лепо пише Вељановић у уводном делу. Постоји нешто што се може дефинисати као процес институционалне асимилације српског народа у Хабзбуршкој монархији, Вељановић је то свео на категорије германизације и мађаризације…Мађарска државна политика и идеја односи превагу и побеђује српску националну политику уочи Првог светског рата.  Срби су се практично били свели на статус губитничке нације и целокупна њихова либерална и демократска национална политика је поражена. Они се налазе у пречанским крајевима у тешкој ситуацији народа за којег је прорачунато колико ће требати деценија да се потпуно асимилују и постану део мађарске политичке нације. Једино што је могло да спаси Србе у њиховим вишевековним настојањима да сачувају свој национални и верски идентитет јесте био рат“…
Директор Историјског архива Града Новог Сада Петар Ђурђев као један од рецензената ове научне публикације, је између осталог рекао:
„Српски народни одбор у Великом Бечкереку је одиграо пивотну, кључну улогу у 1918. години. У тој кључној години када су почели да се кидају ланци цензуре и ропства неко је требао први да скупи храбрости и да започне политичко организовање Срба на простору северно од Саве и Дунава…Ти људи нису знали оно што ми знамо данас, како ће се борба завршити и где ће се повући границе а они су ризиковали све своје, животе породица, лично богатство, каријере. Они су били спремни да у том одлучујућем моменту буду ти који су преузели иницијативу и са победоносном Српском војском извојевали да се некадашње области Српског Војводства присаједине превасходно Краљевини Србији…Шаљем огромне похвале на рачун Историјског архива Зрењанина, некад Бечкерека, мени драгог Петровграда и музеја Војводине што су пронашли снаге и издали овакво једно значајно дело.“
Ванда Војводић Мицова као историчар архивски саветник се у излагању базирала на самој грађи коју има фонд из кога су узети записници.
„Ово је наш први заједнички пројекат а надам се да тема није исцрпљена и да ћемо и даље наставити да сарађујемо. Наш фонд „Српски народни одбор 1918.“ је доспео у Историјски архив Зрењанин управо из архива Војводине, јер су колеге 9. новембра 1989. године овај фонд  донеле нама, урадили су примопредајни записник, без пописа грађе, 0,15 сантиметара. Тај фонд је све до 1997. године стајао не обрађен и апсолутно се њиме нико није бавио. Те године је дугогодишњи директор Историјског архива Зрењанин, историчар архивски саветник Милан Ђуканов  узео да среди овај фонд. Урадио је аналитички ивентар, историјску белешку и видео да ту има доста материјала и то уградио у књигу „Први српски народни одбор 1918.“. Ови записници, које смо колега и ја објавили први пут садрже податке који се тичу првих дана успостављања нове власти, збацивања аустро-угарске власти, формирање нових органа, припреме за Велику народну скупштину у Новом саду. Имамо и податке да су ти људи једноставно желели да се директно присаједине Краљевини Србији. Имамо и такозвану оставу односно записе о томе како су се ове промене одразиле на обичне људе…“.
Директор Музеја присаједињења 1918, архивски саветник и кустос – историчар Зоран Вељановић је између осталог на овом догађају рекао:
„Ово је прва изложба и књига о догађају а један од таквих догађаја је и оснивање првог Српског народног одбора у Великом Бечкереку. Банат је увек био бунџијски настројен и на крају крајева и Први српски устанак је био у Банату 1594. године кад су Турци на Врачару спалили мошти Св. Саве. То је у ствари био Први устанак Срба против Турака. Банаћани су дакле, први основали одбор у Великом Бечкереку а истог дана увече у Темишвару а за два дана у Вршцу. Кад су видели да је прошло два три дана а Бачвани мудрују, Славко Жупански и Живко Терзић су сели у ауто и дошли су у Матицу Српску, где су се окупљали српски прваци и завапили: Браћо, шта радите, дижте се, ми већ три одбора направисмо! Тај део стоји у споменици ослобођења у ових десет књига које смо направили до сада. Бачвани који су са Барањцима већ радили на многим другим акцијама, спашавању деце и сирочади из Босне и Херцеговине, основани као централни Народни одбор у Новом Саду, са браћом Словацима, Русинима, Хрватима, Буњевцима, крећу да остварују своја већа да би одбранили своја политичка права, што је онда кулминирало на Великој народној скупштини у Новом Саду…Ово је први пут да се грађа објављује по свих архивистичким узусима и поред књиге колеге Ђурђева ово је уџбеник, који сваки архивиста може да узме и види које елементе мора да садржи објављивање архивске грађе…“
Изложба докумената и књига представљају омаж делатности првом Народном одбору Срба основаном у Банату у тадашњем Вел. Бечкереку (Петровграду, Зрењанину). Пројекат је плод сарадње Музеја Војводине, Историјског архива Зрењанин и Архива Војводине.
Приредио за вас архивиста Саша Младеновић');
INSERT INTO text (source_id, source_table, field_name, lang, content) VALUES (23, 'generic_element', 'opis', 'sr', 'U prostoru Arhiva Vojvodine predstavljena je
knjiga „Zapisnici Srpskog narodnog odbora u Velikom Bečkereku 1918.“ prateća
izložba
„39 dana koji su promenili Banat – Srpski narodni odbor u Velikom Bečkereku 1918” čiji su autori direktor Muzeja prisajedinjenja 1918, arhivski savetnik i kustos – istoričar Zoran Veljanović i arhivs
ki
savetni
k
Istorijskog arhiva Zrenjanin Vanda Vojvodić Micova.
Program je vodila viši arhivista Arhiva Vojvodine Sanja Gavrilović, koja je najavila govornike i temu veoma važnu za srpku istoriografiju. Temu o prvom Narodnom odboru u vojvodjanskim oblastima Banatu, Bačkoj i Baranji koja prvi put predstavlja javnosti jedan od 211 narodnih odbora/veća čiji izabrani predstavnici su učestvovali na Narodnoj skupštini Srba, Bunjevaca i ostalih Slovena u Novom Sadu 25. novembra 1918. godine. Ona je u najavi rekla da  izložba i knjiga prikazuju i opisuju svu dramatičnost dogadjaja prisajedinjenje Banata, Bačke i Baranje Kraljevini Srbiji 1918 na prelomu vekova i promeni imperijuma na vojvodjanskim prostorima.
Na promociji i otvaranju izložbe pozdravne reči je uputio direktor Arhiva Vojvodine dr Nebojša Kuzmanović:
„Hvala vam svima što ste u ovo toplo junsko vreme došli da i na ovaj način obeležimo Vidovdan, najznačajniji praznik u našem narodu. Ovakva izložba i priča o precima koji su doveli do toga da mi danas na ovom mestu govorimo svojim jezikom zaslužuje svaku vrstu podrške i zahvalnosti.“
Direktorka Muzeja Vojvodine mr Tijana Stanković Pešterac je izmedju ostalog rekla:
„Zoran Veljanović se ovom temom bavi više godina sa više aspekata i ova knjiga je zapravo deveta knjiga u ediciji „Prisajedinjenje 1918.“ čiji je naslov „Zapisnici Srpskog narodnog odbora u Velikom Bečkereku 1918.“ i time se nastavlja rad na publikacijama koje se bave upravo ovom veoma značajnom temom oslobodjenja i ujedinjenja.“
Jedan od vodećih srpskih istoričara prof. dr Dejan Mikavica je kao recenzent održao zapaženu besedu iz koje izdvajamo:
„Reč je o izuzetno korisnom naučnom delu koje uveliko prevazilazi zadate norme i ono što podrazumevamo pod uzusima i zahtevima jedne klasične izložbe i jednog kataloga…Istorija Srpskog narodnog odbora u Velikom Bečkereku je početak jednog ratničkog dela demokratske i nacionalne politike Srba koji je u toku Prvog svetskog rata eskalirao kroz proces borbe na Solunskom frontu, gde su se pored ostalih boraca borili i Banaćani…To je jedan proces kad se zapravo odlučuje o budućnosti Srpskog naroda o njegovoj Zavetnoj misli i borbi koja je vodjena u pravcu nacionalnog oslobodjenja i državnog ujedinjenja…Od kraja 17. veka Srbi nisu bili samo privilegovana nacija u Habzburškoj monarhiji… Srbi jesu pokušavali da izvojuju ovaj status koji nikada nisu realno uspeli da dobiju u Habzburškoj monarhiji, status istorijske nacije. Ali, u isto vreme od kraja 17. veka od grofa Djordja Brankovića koji je bio utamničen zbog ideje o srpskoj državnosti i srpskoj Vojvodini, praktično imate situaciju da su Srbi u Habzburškoj monarhiji i veleizdajnici, da su tamničeni, da su vešani, hapšeni, internirani, kao što su internirani i u Prvom svetskom ratu. Oduzimana im je imovina kao i u Prvom svetskom ratu, oduzimana zvona, bakar sa crkvenih tornjeva, da im je oduzimana imovina njihovih sportskih, naučnih i kulturnih društava. Dakle bio je to jedan beskrupulozan, diskriminatorski odnos habzburških vlasti prema srpskom narodu i postojala je neka vrsta zajedničkoh imenitelja habzubrške politike prema srpskom narodu o čemu lepo piše Veljanović u uvodnom delu. Postoji nešto što se može definisati kao proces institucionalne asimilacije srpskog naroda u Habzburškoj monarhiji, Veljanović je to sveo na kategorije germanizacije i madjarizacije…Madjarska državna politika i ideja odnosi prevagu i pobedjuje srpsku nacionalnu politiku uoči Prvog svetskog rata.  Srbi su se praktično bili sveli na status gubitničke nacije i celokupna njihova liberalna i demokratska nacionalna politika je poražena. Oni se nalaze u prečanskim krajevima u teškoj situaciji naroda za kojeg je proračunato koliko će trebati decenija da se potpuno asimiluju i postanu deo madjarske političke nacije. Jedino što je moglo da spasi Srbe u njihovim viševekovnim nastojanjima da sačuvaju svoj nacionalni i verski identitet jeste bio rat“…
Direktor Istorijskog arhiva Grada Novog Sada Petar Djurdjev kao jedan od recenzenata ove naučne publikacije, je izmedju ostalog rekao:
„Srpski narodni odbor u Velikom Bečkereku je odigrao pivotnu, ključnu ulogu u 1918. godini. U toj ključnoj godini kada su počeli da se kidaju lanci cenzure i ropstva neko je trebao prvi da skupi hrabrosti i da započne političko organizovanje Srba na prostoru severno od Save i Dunava…Ti ljudi nisu znali ono što mi znamo danas, kako će se borba završiti i gde će se povući granice a oni su rizikovali sve svoje, živote porodica, lično bogatstvo, karijere. Oni su bili spremni da u tom odlučujućem momentu budu ti koji su preuzeli inicijativu i sa pobedonosnom Srpskom vojskom izvojevali da se nekadašnje oblasti Srpskog Vojvodstva prisajedine prevashodno Kraljevini Srbiji…Šaljem ogromne pohvale na račun Istorijskog arhiva Zrenjanina, nekad Bečkereka, meni dragog Petrovgrada i muzeja Vojvodine što su pronašli snage i izdali ovakvo jedno značajno delo.“
Vanda Vojvodić Micova kao istoričar arhivski savetnik se u izlaganju bazirala na samoj gradji koju ima fond iz koga su uzeti zapisnici.
„Ovo je naš prvi zajednički projekat a nadam se da tema nije iscrpljena i da ćemo i dalje nastaviti da saradjujemo. Naš fond „Srpski narodni odbor 1918.“ je dospeo u Istorijski arhiv Zrenjanin upravo iz arhiva Vojvodine, jer su kolege 9. novembra 1989. godine ovaj fond  donele nama, uradili su primopredajni zapisnik, bez popisa gradje, 0,15 santimetara. Taj fond je sve do 1997. godine stajao ne obradjen i apsolutno se njime niko nije bavio. Te godine je dugogodišnji direktor Istorijskog arhiva Zrenjanin, istoričar arhivski savetnik Milan Djukanov  uzeo da sredi ovaj fond. Uradio je analitički iventar, istorijsku belešku i video da tu ima dosta materijala i to ugradio u knjigu „Prvi srpski narodni odbor 1918.“. Ovi zapisnici, koje smo kolega i ja objavili prvi put sadrže podatke koji se tiču prvih dana uspostavljanja nove vlasti, zbacivanja austro-ugarske vlasti, formiranje novih organa, pripreme za Veliku narodnu skupštinu u Novom sadu. Imamo i podatke da su ti ljudi jednostavno želeli da se direktno prisajedine Kraljevini Srbiji. Imamo i takozvanu ostavu odnosno zapise o tome kako su se ove promene odrazile na obične ljude…“.
Direktor Muzeja prisajedinjenja 1918, arhivski savetnik i kustos – istoričar Zoran Veljanović je izmedju ostalog na ovom dogadjaju rekao:
„Ovo je prva izložba i knjiga o dogadjaju a jedan od takvih dogadjaja je i osnivanje prvog Srpskog narodnog odbora u Velikom Bečkereku. Banat je uvek bio bundžijski nastrojen i na kraju krajeva i Prvi srpski ustanak je bio u Banatu 1594. godine kad su Turci na Vračaru spalili mošti Sv. Save. To je u stvari bio Prvi ustanak Srba protiv Turaka. Banaćani su dakle, prvi osnovali odbor u Velikom Bečkereku a istog dana uveče u Temišvaru a za dva dana u Vršcu. Kad su videli da je prošlo dva tri dana a Bačvani mudruju, Slavko Županski i Živko Terzić su seli u auto i došli su u Maticu Srpsku, gde su se okupljali srpski prvaci i zavapili: Braćo, šta radite, dižte se, mi već tri odbora napravismo! Taj deo stoji u spomenici oslobodjenja u ovih deset knjiga koje smo napravili do sada. Bačvani koji su sa Baranjcima već radili na mnogim drugim akcijama, spašavanju dece i siročadi iz Bosne i Hercegovine, osnovani kao centralni Narodni odbor u Novom Sadu, sa braćom Slovacima, Rusinima, Hrvatima, Bunjevcima, kreću da ostvaruju svoja veća da bi odbranili svoja politička prava, što je onda kulminiralo na Velikoj narodnoj skupštini u Novom Sadu…Ovo je prvi put da se gradja objavljuje po svih arhivističkim uzusima i pored knjige kolege Djurdjeva ovo je udžbenik, koji svaki arhivista može da uzme i vidi koje elemente mora da sadrži objavljivanje arhivske gradje…“
Izložba dokumenata i knjiga predstavljaju omaž delatnosti prvom Narodnom odboru Srba osnovanom u Banatu u tadašnjem Vel. Bečkereku (Petrovgradu, Zrenjaninu). Projekat je plod saradnje Muzeja Vojvodine, Istorijskog arhiva Zrenjanin i Arhiva Vojvodine.
Priredio za vas arhivista Saša Mladenović');
INSERT INTO image (generic_element_id, file_path) VALUES (23, '/uploads/vest_23_0.jpg');
INSERT INTO image (generic_element_id, file_path) VALUES (23, '/uploads/vest_23_1.jpg');
INSERT INTO image (generic_element_id, file_path) VALUES (23, '/uploads/vest_23_2.jpg');
INSERT INTO image (generic_element_id, file_path) VALUES (23, '/uploads/vest_23_3.jpg');
INSERT INTO image (generic_element_id, file_path) VALUES (23, '/uploads/vest_23_4.jpg');
INSERT INTO image (generic_element_id, file_path) VALUES (23, '/uploads/vest_23_5.jpg');
INSERT INTO image (generic_element_id, file_path) VALUES (23, '/uploads/vest_23_6.jpg');
INSERT INTO image (generic_element_id, file_path) VALUES (23, '/uploads/vest_23_7.jpg');
INSERT INTO image (generic_element_id, file_path) VALUES (23, '/uploads/vest_23_8.jpg');
INSERT INTO image (generic_element_id, file_path) VALUES (23, '/uploads/vest_23_9.jpg');
INSERT INTO image (generic_element_id, file_path) VALUES (23, '/uploads/vest_23_10.jpg');
INSERT INTO image (generic_element_id, file_path) VALUES (23, '/uploads/vest_23_11.jpg');
INSERT INTO image (generic_element_id, file_path) VALUES (23, '/uploads/vest_23_12.jpg');
INSERT INTO image (generic_element_id, file_path) VALUES (23, '/uploads/vest_23_13.jpg');
INSERT INTO image (generic_element_id, file_path) VALUES (23, '/uploads/vest_23_14.jpg');
INSERT INTO image (generic_element_id, file_path) VALUES (23, '/uploads/vest_23_15.jpg');
INSERT INTO image (generic_element_id, file_path) VALUES (23, '/uploads/vest_23_16.jpg');
INSERT INTO image (generic_element_id, file_path) VALUES (23, '/uploads/vest_23_17.jpg');
INSERT INTO image (generic_element_id, file_path) VALUES (23, '/uploads/vest_23_18.jpg');
INSERT INTO image (generic_element_id, file_path) VALUES (23, '/uploads/vest_23_19.jpg');
INSERT INTO image (generic_element_id, file_path) VALUES (23, '/uploads/vest_23_20.jpg');
INSERT INTO image (generic_element_id, file_path) VALUES (23, '/uploads/vest_23_21.jpg');
INSERT INTO image (generic_element_id, file_path) VALUES (23, '/uploads/vest_23_22.jpg');
INSERT INTO image (generic_element_id, file_path) VALUES (23, '/uploads/vest_23_23.jpg');
INSERT INTO image (generic_element_id, file_path) VALUES (23, '/uploads/vest_23_24.jpg');
INSERT INTO image (generic_element_id, file_path) VALUES (23, '/uploads/vest_23_25.jpg');
INSERT INTO image (generic_element_id, file_path) VALUES (23, '/uploads/vest_23_26.jpg');
INSERT INTO generic_element (id, type, category_id) VALUES (22, 'Vesti', 1);
INSERT INTO text (source_id, source_table, field_name, lang, content) VALUES (22, 'generic_element', 'naslov', 'sr-Cyrl', 'БЕЧКЕРЕЧКИ ПРОГРАМ – ПЕРИОДИЧКА И АРХИВСКА ГРАЂА');
INSERT INTO text (source_id, source_table, field_name, lang, content) VALUES (22, 'generic_element', 'naslov', 'sr', 'BEČKEREČKI PROGRAM – PERIODIČKA I ARHIVSKA GRADjA');
INSERT INTO text (source_id, source_table, field_name, lang, content) VALUES (22, 'generic_element', 'opis', 'sr-Cyrl', 'Историјски архив Зрењанин је учествовао на манифестацији Недеља културе у оквиру које је одржана промоција посебне публикације „Бечкеречки програм, периодичка и архивска грађа“, коју је приредио историчар и архивиста Слободан Милин. Промоција је одржана у атријуму Народног музеја Зрењанин а поред аутора говорили су о овој књизи историчар Рако Томовић и историчар Државног архива Србије Душан Гутеша. Модератор промоције је био виши архивиста Горан Живић.
Ово је био први јавни наступ чувеног професора Гимназије у Зрењанину Рака Томовића након одласка у пензију, одушевљен делом свога бившег ученика Слободана Бобе Милина професор је између осталог рекао:
„…Свакако смо имали, као Срби, велику и трагичну историју али шта смо ми из ње као народ научили?…Велика је данас мука код обичног човека који воли да чита популарну, лаку историју, да разазна шта је то ревизија историје и какве су намере таквих историчара а види се да је то историја потпуно преврнута на главачке и треба бити опрезан…Слободан Боба Милин израста у бриљантног историчара, једног од оних који се држе озбиљних извора и настоје да историја остане учитељица живота… Када се говори о Бечкеречком програму не може се прескочити име Светозара Милетића, који велики борац за српска национална права, оснивач Српске народне слободоумне странке и творац програма са својим сарадницима. То се не може раздвојити, као што се Свето Тројство не да раздвојити…Није то само неко 1869. тако сео и написао политички програм Срба у Угарској…У 18. веку појављује се панславизам и у 19. веку се шири. Словени као и Германи и остали народи желе да се ослободе и уједине. То је покрет који је романтизам донео и Европи и наравно да то није могло да мимоиђе словенске народе и ту су корени…Морамо ту поменути и 1848. годину када су Мађари покушали да се револуцијом еманципују од Бечког двора али лукавом, латинском политиком, двор је увео Србе и Мађаре у жестоки сукоб који је био непотребан. То се завршило тако што су млади цар у Бечу и његова лукава елита прво признали Србима Српско Војводство и Тамишки Банат. У том војводству Срби нису били већинско становништво и није ту ушла војна граница уз границу са српским земљама, где је било много Срба. Ту су Немци,(Мађари) и Румуни чинили већинско становништво. Када су Срби интервенисали 1848. онда им је објашњено како је то тако тренутно урађено и да је то први корак итд. Дипломатски, лицемерни одговори су увек долазили из Беча, што се тиче Срба. То је та Војводина, која је до 1860. постојала и онда укинута. Кад је Бах чувени канцелар Аустроугарске завео свој апсолутизам, све народе који нису Германи је одбацио својом политиком. Укидањем Војводине Срби су се узбунили и покушали да се политички организују…Срби су прво тражили да имају у тој монархији пуну црквену, просветну и културну аутономију, то је био благ захтев и свака држава, која води рачуна о националним мањинама је то могла да прихвати. Међутим, то није ишло тако, већ се 1868. доноси „закон о равноправности нација“, потпуно асимилаторски који је у угарском делу имао за циљ да асимилира све немађарске народе. Ту је дошло до активирања српских политичких кругова на челу са Светозаром Милетићем који су баш у овом граду имали своју прву конференцију прву 1869. а другу 1872. године и ту је настао Бечкеречки програм…“
Ова значајна књига „Бечкеречки програм, периодичка и архивска грађа“ објављена је у оквиру пројекта 150 годишњице од писања и усвајања чувеног Бечкеречког програма за које је средства обезбедило Министарство културе и информисања Републике Србије.
Историчар Државног архива Србије Душан Гутеша је на промоцији овог дела истакао следеће:
„Цела ова прича око Бечкеречког програма почиње тако што се припремају избори за Угарску Скупштину, Земаљски сабор 1869. годна, март месец. Раније, 1861. годнине на Благовештенском сабору, припадници српске политичке оријентације су хтели да успоставе неки договор са Мађарима и хтели да оформе једну заједничку политику, која би ишла у смеру народне једнакости. Међутим, догодило се да је 1867. дошло до нагодбе Немаца и Мађара а већ следеће године и до закона “о равноправности народа“, где се договор са Мађарима изјаловио. Срби нису имали никакав избор и морали су да дефинишу свој програм и изађу на изборе и тако постигну равноправност, колико је то тада било могуће. Један део ове књиге се бави баш Бечкеречком конференцијом и избором за Угарски сабор који је био организован 1869. године… Оно што је мени запало за око, док сам листао странице ове публикације, јесте улога страначког листа „Застава“ у тим збивањима. Ви ту видите, да је управо преко штампе био постигнут тај контакт, комуникација са бирачима. Уредништво „Заставе“ даје директне сугестије, ко је од првака ту из Српске слободоумне странке и на који начин треба да се бирачи понашају али са друге стране, како немате сачуване записнике са одбора и како су они овде објављени, све ту можете сасвим фино да реконструишете. Дакле, цео ток, како је функционисала кампања и како је народ био информисан о току политичких идеја Срба у јужној Угарској, све то можете ту да читате у „Застави“…Последњи део књиге је, та исто тако занимљива, друга конференција, три године касније 1872. око реизбора. Уследио је нови сабор Срба са сличним бројем делегата али сада не у Градској кући него у школи. Ту се Срби питају да ли и даље политички да наступају? На изборима 1869. године Српска народна слободоумна странка није остварила бог зна какав успех. Милетић је узео изборе у Кикиндском диштрикту. Међутим, 1872. када су одлучили да се опет овде састану и да на неки начин ревидирају ставове и одрекли су се једног критичког погледа на нагодбу и кад су попустили што се тиче аутономије за румунски народ у Ердељу успех је био много бољи и више је кандидата ушло у Угарски сабор. То је већ било време када је Милетић затваран и када су угарске власти настојале да изврше сваку врсту опструкције и репресије…Мени је посебно упало у очи да је то била једна институционална, легална борба за права, ту нема ванинституционалног насиља…“
Публикација је вишеструко значајна као историјска грађа првог реда када је у питању историја борбе пречанских Србаља против дискриминаторске политике бечког двора према српском народу.
Аутор ове вредне публикације Слободан Милин је овом приликом уз захвалност свима који су дошли на промоцију и учествовали у реализацији овог пројекта, рекао и следеће:
„Бечкеречка конференција је одржана 16. јануара по старом јулијанском календару, односно 28. јануара 1869. по новом календару. Она је Сазвана у Великом Бечкереку у Градској кући или Магистарској дворани.Овде је вечерас леп амбијент али Градска кућа у којој смо вечерас могли седети је на жалост срушена 1954. године и на њеном месту се данас налази Водоторањ. Како је све почело? Истекао је трогодишњи сазив Угарског сабора и наступали су нови избори за нови сазив. Срби су требали да се определе и да виде како ће наступати? Да ли и даље вреди бирати посланике и послати их на Угарски сабор или се просто треба прихватити пасивне опозиције коју је заговарао Јoван Павловић уредник листа „Панчевац“. У том смислу коловођа и централна личност читавог покрета, српског, либералног и грађанског је био Светозар Милетић. Он је у свом листу „Застави“ 16. децембра 1868. године објавио чланак под називом – „Позив на договор!“ У њему је сугерисао бечкеречкој интелигенцији и његовим присним пријатељима и саборцима, да се састану, да припреме конференцију на којој ће се сабрати најистакнутији политички представници Срба у Угарској, пречанских Србаља, на којој ће он представити даљи програм свог деловања. Велики Бечкерек је одабран као место одржавања конференције, јер је по тадашњим неким схватањима налазио на географској средини између Срба, Бачвана и Банаћана. Ту је велику улогу одиграо један бечкеречки интелектуалац адвокат Ђока Димитријевић који је потицао из угледне бечкеречке породице абаџија. Дакле, он је предводио бечкеречке Милетићевце а ту су биле и друге познате личности Јоца Крстић, касније Градоначелник Великог Бечкерека, Ђорђе Пејић, адвокат, Ћира Секулић, Стева Николић, Пера Вуков, Пера Ристић…Оно што је јако важно и значајно је да је Милетић већ 5. и 8. јануара у „Застави“ објавио основу програма за Српску народну либералну опозициону странку, што је заправо била окосница Бечкеречког програма…На конференцији је било присутно преко триста делегата из читавог Провинцијала Баната и Бачке…“
Помоћ приликом рада на публикацији дала је и Матица Српска која је омогућила доступност дигиталног депозита листа Застава гласила везаног за политичку и националну делатност српског првака Светозара Милетића и његове странке. Рецензент текста је био докторант Филозофског факултета у Бања Луци мр Никола Ожеговић историчар који је био оправдано одсутан, јер припрема докторску дисертацију. Коректуру и лекторски посао око текста је урадила мастер професорка руског језика и књижевности ТањаЂапан која је урадила и веран пренос текста из „Заставе“. Прелом текста и десинг корица овог издања, потписује графички студио „Димано“ и Јована Милојевић.
Приредио за вас архивиста Саша Младеновић');
INSERT INTO text (source_id, source_table, field_name, lang, content) VALUES (22, 'generic_element', 'opis', 'sr', 'Istorijski arhiv Zrenjanin je učestvovao na manifestaciji Nedelja kulture u okviru koje je održana promocija posebne publikacije „Bečkerečki program, periodička i arhivska gradja“, koju je priredio istoričar i arhivista Slobodan Milin. Promocija je održana u atrijumu Narodnog muzeja Zrenjanin a pored autora govorili su o ovoj knjizi istoričar Rako Tomović i istoričar Državnog arhiva Srbije Dušan Guteša. Moderator promocije je bio viši arhivista Goran Živić.
Ovo je bio prvi javni nastup čuvenog profesora Gimnazije u Zrenjaninu Raka Tomovića nakon odlaska u penziju, oduševljen delom svoga bivšeg učenika Slobodana Bobe Milina profesor je izmedju ostalog rekao:
„…Svakako smo imali, kao Srbi, veliku i tragičnu istoriju ali šta smo mi iz nje kao narod naučili?…Velika je danas muka kod običnog čoveka koji voli da čita popularnu, laku istoriju, da razazna šta je to revizija istorije i kakve su namere takvih istoričara a vidi se da je to istorija potpuno prevrnuta na glavačke i treba biti oprezan…Slobodan Boba Milin izrasta u briljantnog istoričara, jednog od onih koji se drže ozbiljnih izvora i nastoje da istorija ostane učiteljica života… Kada se govori o Bečkerečkom programu ne može se preskočiti ime Svetozara Miletića, koji veliki borac za srpska nacionalna prava, osnivač Srpske narodne slobodoumne stranke i tvorac programa sa svojim saradnicima. To se ne može razdvojiti, kao što se Sveto Trojstvo ne da razdvojiti…Nije to samo neko 1869. tako seo i napisao politički program Srba u Ugarskoj…U 18. veku pojavljuje se panslavizam i u 19. veku se širi. Sloveni kao i Germani i ostali narodi žele da se oslobode i ujedine. To je pokret koji je romantizam doneo i Evropi i naravno da to nije moglo da mimoidje slovenske narode i tu su koreni…Moramo tu pomenuti i 1848. godinu kada su Madjari pokušali da se revolucijom emancipuju od Bečkog dvora ali lukavom, latinskom politikom, dvor je uveo Srbe i Madjare u žestoki sukob koji je bio nepotreban. To se završilo tako što su mladi car u Beču i njegova lukava elita prvo priznali Srbima Srpsko Vojvodstvo i Tamiški Banat. U tom vojvodstvu Srbi nisu bili većinsko stanovništvo i nije tu ušla vojna granica uz granicu sa srpskim zemljama, gde je bilo mnogo Srba. Tu su Nemci,(Madjari) i Rumuni činili većinsko stanovništvo. Kada su Srbi intervenisali 1848. onda im je objašnjeno kako je to tako trenutno uradjeno i da je to prvi korak itd. Diplomatski, licemerni odgovori su uvek dolazili iz Beča, što se tiče Srba. To je ta Vojvodina, koja je do 1860. postojala i onda ukinuta. Kad je Bah čuveni kancelar Austrougarske zaveo svoj apsolutizam, sve narode koji nisu Germani je odbacio svojom politikom. Ukidanjem Vojvodine Srbi su se uzbunili i pokušali da se politički organizuju…Srbi su prvo tražili da imaju u toj monarhiji punu crkvenu, prosvetnu i kulturnu autonomiju, to je bio blag zahtev i svaka država, koja vodi računa o nacionalnim manjinama je to mogla da prihvati. Medjutim, to nije išlo tako, već se 1868. donosi „zakon o ravnopravnosti nacija“, potpuno asimilatorski koji je u ugarskom delu imao za cilj da asimilira sve nemadjarske narode. Tu je došlo do aktiviranja srpskih političkih krugova na čelu sa Svetozarom Miletićem koji su baš u ovom gradu imali svoju prvu konferenciju prvu 1869. a drugu 1872. godine i tu je nastao Bečkerečki program…“
Ova značajna knjiga „Bečkerečki program, periodička i arhivska gradja“ objavljena je u okviru projekta 150 godišnjice od pisanja i usvajanja čuvenog Bečkerečkog programa za koje je sredstva obezbedilo Ministarstvo kulture i informisanja Republike Srbije.
Istoričar Državnog arhiva Srbije Dušan Guteša je na promociji ovog dela istakao sledeće:
„Cela ova priča oko Bečkerečkog programa počinje tako što se pripremaju izbori za Ugarsku Skupštinu, Zemaljski sabor 1869. godna, mart mesec. Ranije, 1861. godnine na Blagoveštenskom saboru, pripadnici srpske političke orijentacije su hteli da uspostave neki dogovor sa Madjarima i hteli da oforme jednu zajedničku politiku, koja bi išla u smeru narodne jednakosti. Medjutim, dogodilo se da je 1867. došlo do nagodbe Nemaca i Madjara a već sledeće godine i do zakona “o ravnopravnosti naroda“, gde se dogovor sa Madjarima izjalovio. Srbi nisu imali nikakav izbor i morali su da definišu svoj program i izadju na izbore i tako postignu ravnopravnost, koliko je to tada bilo moguće. Jedan deo ove knjige se bavi baš Bečkerečkom konferencijom i izborom za Ugarski sabor koji je bio organizovan 1869. godine… Ono što je meni zapalo za oko, dok sam listao stranice ove publikacije, jeste uloga stranačkog lista „Zastava“ u tim zbivanjima. Vi tu vidite, da je upravo preko štampe bio postignut taj kontakt, komunikacija sa biračima. Uredništvo „Zastave“ daje direktne sugestije, ko je od prvaka tu iz Srpske slobodoumne stranke i na koji način treba da se birači ponašaju ali sa druge strane, kako nemate sačuvane zapisnike sa odbora i kako su oni ovde objavljeni, sve tu možete sasvim fino da rekonstruišete. Dakle, ceo tok, kako je funkcionisala kampanja i kako je narod bio informisan o toku političkih ideja Srba u južnoj Ugarskoj, sve to možete tu da čitate u „Zastavi“…Poslednji deo knjige je, ta isto tako zanimljiva, druga konferencija, tri godine kasnije 1872. oko reizbora. Usledio je novi sabor Srba sa sličnim brojem delegata ali sada ne u Gradskoj kući nego u školi. Tu se Srbi pitaju da li i dalje politički da nastupaju? Na izborima 1869. godine Srpska narodna slobodoumna stranka nije ostvarila bog zna kakav uspeh. Miletić je uzeo izbore u Kikindskom dištriktu. Medjutim, 1872. kada su odlučili da se opet ovde sastanu i da na neki način revidiraju stavove i odrekli su se jednog kritičkog pogleda na nagodbu i kad su popustili što se tiče autonomije za rumunski narod u Erdelju uspeh je bio mnogo bolji i više je kandidata ušlo u Ugarski sabor. To je već bilo vreme kada je Miletić zatvaran i kada su ugarske vlasti nastojale da izvrše svaku vrstu opstrukcije i represije…Meni je posebno upalo u oči da je to bila jedna institucionalna, legalna borba za prava, tu nema vaninstitucionalnog nasilja…“
Publikacija je višestruko značajna kao istorijska gradja prvog reda kada je u pitanju istorija borbe prečanskih Srbalja protiv diskriminatorske politike bečkog dvora prema srpskom narodu.
Autor ove vredne publikacije Slobodan Milin je ovom prilikom uz zahvalnost svima koji su došli na promociju i učestvovali u realizaciji ovog projekta, rekao i sledeće:
„Bečkerečka konferencija je održana 16. januara po starom julijanskom kalendaru, odnosno 28. januara 1869. po novom kalendaru. Ona je Sazvana u Velikom Bečkereku u Gradskoj kući ili Magistarskoj dvorani.Ovde je večeras lep ambijent ali Gradska kuća u kojoj smo večeras mogli sedeti je na žalost srušena 1954. godine i na njenom mestu se danas nalazi Vodotoranj. Kako je sve počelo? Istekao je trogodišnji saziv Ugarskog sabora i nastupali su novi izbori za novi saziv. Srbi su trebali da se opredele i da vide kako će nastupati? Da li i dalje vredi birati poslanike i poslati ih na Ugarski sabor ili se prosto treba prihvatiti pasivne opozicije koju je zagovarao Jovan Pavlović urednik lista „Pančevac“. U tom smislu kolovodja i centralna ličnost čitavog pokreta, srpskog, liberalnog i gradjanskog je bio Svetozar Miletić. On je u svom listu „Zastavi“ 16. decembra 1868. godine objavio članak pod nazivom – „Poziv na dogovor!“ U njemu je sugerisao bečkerečkoj inteligenciji i njegovim prisnim prijateljima i saborcima, da se sastanu, da pripreme konferenciju na kojoj će se sabrati najistaknutiji politički predstavnici Srba u Ugarskoj, prečanskih Srbalja, na kojoj će on predstaviti dalji program svog delovanja. Veliki Bečkerek je odabran kao mesto održavanja konferencije, jer je po tadašnjim nekim shvatanjima nalazio na geografskoj sredini izmedju Srba, Bačvana i Banaćana. Tu je veliku ulogu odigrao jedan bečkerečki intelektualac advokat Djoka Dimitrijević koji je poticao iz ugledne bečkerečke porodice abadžija. Dakle, on je predvodio bečkerečke Miletićevce a tu su bile i druge poznate ličnosti Joca Krstić, kasnije Gradonačelnik Velikog Bečkereka, Djordje Pejić, advokat, Ćira Sekulić, Steva Nikolić, Pera Vukov, Pera Ristić…Ono što je jako važno i značajno je da je Miletić već 5. i 8. januara u „Zastavi“ objavio osnovu programa za Srpsku narodnu liberalnu opozicionu stranku, što je zapravo bila okosnica Bečkerečkog programa…Na konferenciji je bilo prisutno preko trista delegata iz čitavog Provincijala Banata i Bačke…“
Pomoć prilikom rada na publikaciji dala je i Matica Srpska koja je omogućila dostupnost digitalnog depozita lista Zastava glasila vezanog za političku i nacionalnu delatnost srpskog prvaka Svetozara Miletića i njegove stranke. Recenzent teksta je bio doktorant Filozofskog fakulteta u Banja Luci mr Nikola Ožegović istoričar koji je bio opravdano odsutan, jer priprema doktorsku disertaciju. Korekturu i lektorski posao oko teksta je uradila master profesorka ruskog jezika i književnosti TanjaDjapan koja je uradila i veran prenos teksta iz „Zastave“. Prelom teksta i desing korica ovog izdanja, potpisuje grafički studio „Dimano“ i Jovana Milojević.
Priredio za vas arhivista Saša Mladenović');
INSERT INTO image (generic_element_id, file_path) VALUES (22, '/uploads/vest_22_0.jpg');
INSERT INTO image (generic_element_id, file_path) VALUES (22, '/uploads/vest_22_1.jpg');
INSERT INTO image (generic_element_id, file_path) VALUES (22, '/uploads/vest_22_2.jpg');
INSERT INTO image (generic_element_id, file_path) VALUES (22, '/uploads/vest_22_3.jpg');
INSERT INTO image (generic_element_id, file_path) VALUES (22, '/uploads/vest_22_4.jpg');
INSERT INTO image (generic_element_id, file_path) VALUES (22, '/uploads/vest_22_5.jpg');
INSERT INTO image (generic_element_id, file_path) VALUES (22, '/uploads/vest_22_6.jpg');
INSERT INTO image (generic_element_id, file_path) VALUES (22, '/uploads/vest_22_7.jpg');
INSERT INTO image (generic_element_id, file_path) VALUES (22, '/uploads/vest_22_8.jpg');
INSERT INTO image (generic_element_id, file_path) VALUES (22, '/uploads/vest_22_9.jpg');
INSERT INTO image (generic_element_id, file_path) VALUES (22, '/uploads/vest_22_10.jpg');
INSERT INTO image (generic_element_id, file_path) VALUES (22, '/uploads/vest_22_11.jpg');
INSERT INTO image (generic_element_id, file_path) VALUES (22, '/uploads/vest_22_12.jpg');
INSERT INTO image (generic_element_id, file_path) VALUES (22, '/uploads/vest_22_13.jpg');
INSERT INTO image (generic_element_id, file_path) VALUES (22, '/uploads/vest_22_14.jpg');
INSERT INTO image (generic_element_id, file_path) VALUES (22, '/uploads/vest_22_15.jpg');
INSERT INTO image (generic_element_id, file_path) VALUES (22, '/uploads/vest_22_16.jpg');
INSERT INTO image (generic_element_id, file_path) VALUES (22, '/uploads/vest_22_17.jpg');
INSERT INTO generic_element (id, type, category_id) VALUES (21, 'Vesti', 1);
INSERT INTO text (source_id, source_table, field_name, lang, content) VALUES (21, 'generic_element', 'naslov', 'sr-Cyrl', 'ИСТОРИЈСКИ АРХИВ ЗРЕЊАНИН И САРАДЊА СА МУЗЕЈЕМ ЖРТАВА ГЕНОЦИДА');
INSERT INTO text (source_id, source_table, field_name, lang, content) VALUES (21, 'generic_element', 'naslov', 'sr', 'ISTORIJSKI ARHIV ZRENjANIN I SARADNjA SA MUZEJEM ŽRTAVA GENOCIDA');
INSERT INTO text (source_id, source_table, field_name, lang, content) VALUES (21, 'generic_element', 'opis', 'sr-Cyrl', 'У сали Градског већа Зрењанина уприличено је свечано потписивање Протокола о сарадњи између установа културе Града Зрењанина, Историјског архива Зрењанин и Музеја жртава геноцида у Београду.
Протокол су у присуству градоначелника Зрењанина Симе Салапуре, потписали директори шест установа културе Града Зрењанина, међу којима  и директорка Историјског архива Зрењанина Мирјана Баста.
Протокол је потписао са стране ове референтне установе и директор Музеја жртава геноцида Дејан Ристић.');
INSERT INTO text (source_id, source_table, field_name, lang, content) VALUES (21, 'generic_element', 'opis', 'sr', 'U sali Gradskog veća Zrenjanina upriličeno je svečano potpisivanje Protokola o saradnji izmedju ustanova kulture Grada Zrenjanina, Istorijskog arhiva Zrenjanin i Muzeja žrtava genocida u Beogradu.
Protokol su u prisustvu gradonačelnika Zrenjanina Sime Salapure, potpisali direktori šest ustanova kulture Grada Zrenjanina, medju kojima  i direktorka Istorijskog arhiva Zrenjanina Mirjana Basta.
Protokol je potpisao sa strane ove referentne ustanove i direktor Muzeja žrtava genocida Dejan Ristić.');
INSERT INTO image (generic_element_id, file_path) VALUES (21, '/uploads/vest_21_0.jpg');
INSERT INTO image (generic_element_id, file_path) VALUES (21, '/uploads/vest_21_1.jpg');
INSERT INTO image (generic_element_id, file_path) VALUES (21, '/uploads/vest_21_2.jpg');
INSERT INTO generic_element (id, type, category_id) VALUES (20, 'Vesti', 1);
INSERT INTO text (source_id, source_table, field_name, lang, content) VALUES (20, 'generic_element', 'naslov', 'sr-Cyrl', 'МЕЂУНАРОДНО АРХИВИСТИЧКО САВЕТОВАЊЕ „МЕЋАВНИК 2022“');
INSERT INTO text (source_id, source_table, field_name, lang, content) VALUES (20, 'generic_element', 'naslov', 'sr', 'MEDjUNARODNO ARHIVISTIČKO SAVETOVANjE „MEĆAVNIK 2022“');
INSERT INTO text (source_id, source_table, field_name, lang, content) VALUES (20, 'generic_element', 'opis', 'sr-Cyrl', 'Под слоганом „Чувамо прошлост – мислимо на будућност“, у бајковитом амбијенту Дрвенграда на Мећавнику, Архивистичко друштво Србије је и ове године уз финансијску подршку Министарства културе и информисања Републике Србије било домаћин за преко 150 учесника и гостију из земље и иностранства у периоду од 5. до 7. октобра 2022. године.
Историски архив Зрењанин је био заступљен на овом скупу у лику и делу архивског саветника Ванде Војводић Мицове, са темом „Лични фондови у Историјском архиву Зрењанин са посебним освртом на лични фонд Тодора Манојловића књижевника“ и архивистe Оливерe Митровић са темом „ Архиви и едукација – Улога архива у ширењу знања, образовања, културе сећања (примери из праксе ИА Зрењанин)“.
У оквиру теме „Извори за повесницу“ и подтеме „Архиви и едукација“ радове су у петак 7. октобра презентовали: др Борис Булатовић, Лични фонд академика Светозара Петровића као извор за изучавање књижевноисторијских и књижевнотеоријских тема, мр Александра Пијук Пејчић, Исидор Ђурђевић и његова оставштина, др Светлана Стефановић, Криста Ђорђевић – прилог за биографију, Горан Милосављевић, У улози повереника Кнежевине Србије: Анализа личног фонда Антонија Орешковића, Ванда Војводић Мицова, Лични фондови у Историјском архиву Зрењанин са посебним освртом на лични фонд Тодора Манојловића књижевника, Зорица Смиловић, Архивска педагогија – анализа, искуства, значај, Ивана Гојковић, Рад Архива Војводине на очувању и неговању културе сећања, Оливера Митровић, Архиви и едукација – Улога архива у ширењу знања, образовања, културе сећања (примери из праксе ИА Зрењанин), Агим Јанузи / Велибор Тодоров, Едукација и архив у служби грађана, Никола Арсић, Часопис „Пешчаник” – Од локалног до националног. Улога модератора у петак је била поверена Милораду Јовановићу (Историјски архив „Средње Поморавље“ Јагодина) и Данијели Бранковић (Архив Војводине), односно др Борису Булатовићу (Архив Војводине).
Историјски архив Зрењанин');
INSERT INTO text (source_id, source_table, field_name, lang, content) VALUES (20, 'generic_element', 'opis', 'sr', 'Pod sloganom „Čuvamo prošlost – mislimo na budućnost“, u bajkovitom ambijentu Drvengrada na Mećavniku, Arhivističko društvo Srbije je i ove godine uz finansijsku podršku Ministarstva kulture i informisanja Republike Srbije bilo domaćin za preko 150 učesnika i gostiju iz zemlje i inostranstva u periodu od 5. do 7. oktobra 2022. godine.
Istoriski arhiv Zrenjanin je bio zastupljen na ovom skupu u liku i delu arhivskog savetnika Vande Vojvodić Micove, sa temom „Lični fondovi u Istorijskom arhivu Zrenjanin sa posebnim osvrtom na lični fond Todora Manojlovića književnika“ i arhiviste Olivere Mitrović sa temom „ Arhivi i edukacija – Uloga arhiva u širenju znanja, obrazovanja, kulture sećanja (primeri iz prakse IA Zrenjanin)“.
U okviru teme „Izvori za povesnicu“ i podteme „Arhivi i edukacija“ radove su u petak 7. oktobra prezentovali: dr Boris Bulatović, Lični fond akademika Svetozara Petrovića kao izvor za izučavanje književnoistorijskih i književnoteorijskih tema, mr Aleksandra Pijuk Pejčić, Isidor Djurdjević i njegova ostavština, dr Svetlana Stefanović, Krista Djordjević – prilog za biografiju, Goran Milosavljević, U ulozi poverenika Kneževine Srbije: Analiza ličnog fonda Antonija Oreškovića, Vanda Vojvodić Micova, Lični fondovi u Istorijskom arhivu Zrenjanin sa posebnim osvrtom na lični fond Todora Manojlovića književnika, Zorica Smilović, Arhivska pedagogija – analiza, iskustva, značaj, Ivana Gojković, Rad Arhiva Vojvodine na očuvanju i negovanju kulture sećanja, Olivera Mitrović, Arhivi i edukacija – Uloga arhiva u širenju znanja, obrazovanja, kulture sećanja (primeri iz prakse IA Zrenjanin), Agim Januzi / Velibor Todorov, Edukacija i arhiv u službi gradjana, Nikola Arsić, Časopis „Peščanik” – Od lokalnog do nacionalnog. Uloga moderatora u petak je bila poverena Miloradu Jovanoviću (Istorijski arhiv „Srednje Pomoravlje“ Jagodina) i Danijeli Branković (Arhiv Vojvodine), odnosno dr Borisu Bulatoviću (Arhiv Vojvodine).
Istorijski arhiv Zrenjanin');
INSERT INTO image (generic_element_id, file_path) VALUES (20, '/uploads/vest_20_0.jpg');
INSERT INTO image (generic_element_id, file_path) VALUES (20, '/uploads/vest_20_1.jpg');
INSERT INTO image (generic_element_id, file_path) VALUES (20, '/uploads/vest_20_2.jpg');
INSERT INTO image (generic_element_id, file_path) VALUES (20, '/uploads/vest_20_3.jpg');
INSERT INTO generic_element (id, type, category_id) VALUES (19, 'Vesti', 1);
INSERT INTO text (source_id, source_table, field_name, lang, content) VALUES (19, 'generic_element', 'naslov', 'sr-Cyrl', 'ПОСЕТА АРХИВУ У ПЛОВДИВУ И ОСМАНСКОМ АРХИВУ У ИСТАМБУЛУ');
INSERT INTO text (source_id, source_table, field_name, lang, content) VALUES (19, 'generic_element', 'naslov', 'sr', 'POSETA ARHIVU U PLOVDIVU I OSMANSKOM ARHIVU U ISTAMBULU');
INSERT INTO text (source_id, source_table, field_name, lang, content) VALUES (19, 'generic_element', 'opis', 'sr-Cyrl', 'Колеге из тринаест архива у Србији у организацији Синдикалне организације ИА Ниш
организовале су
посет
у
Државн
ом
архив
у
у Пловдиву и Османск
ом
архив у Истамбулу.
Представник Историјског архива Зрењанин био је међу посетиоцима референтних архива и донео са пута позитивна искуства.
Током месеца октобра 2022. године колектив Историјског архива Зрењанин је у лику вишег архивисте и председника синдиката Николе Петричића, заједно са колегама архивистима и архивским помоћницима других Архива из Републике Србије имао стручну посету Државном архиву у Пловдиву и Државном Османском архиву у Истанбулу.
Кроз обилазак архивских просторија и стручну дискусију током посете архивисти из Србије су се упознали са начином рада, организацијом служби у референтним архивским институцијама Бугарске и Турске. Архивисте из Србије посебно занимао начин обраде документације која има трајни рок чувања и степен дигитализације архивске грађе. Посебно дигитализације која представља један од највећих актуелних изазова који се налазе пред архивима.
Архивисти су били импресионирани Државним Османским архивом који представља заиста импозантан комплекс на којем турској држави могу да позавиде све околне државе. Сличан комплекс се може наћи још само у западноевропским просторима, сведочи виши архивиста Никола Петричић. Сам председник Турске Реџеп Ердоган је један од најиздашнијих финансијера ове институције што сведочи о њеној великој важности. У Државном Османском архиву у Истанбулу добродошлицу су пожелели начелник одељења за међународну сарадњу Ејуп Ашик  а била је присутна и колегиница из Државног архива Србије Ениса Аломеровић Хубанић.
Историсјки архив Зрењанин');
INSERT INTO text (source_id, source_table, field_name, lang, content) VALUES (19, 'generic_element', 'opis', 'sr', 'Kolege iz trinaest arhiva u Srbiji u organizaciji Sindikalne organizacije IA Niš
organizovale su
poset
u
Državn
om
arhiv
u
u Plovdivu i Osmansk
om
arhiv u Istambulu.
Predstavnik Istorijskog arhiva Zrenjanin bio je medju posetiocima referentnih arhiva i doneo sa puta pozitivna iskustva.
Tokom meseca oktobra 2022. godine kolektiv Istorijskog arhiva Zrenjanin je u liku višeg arhiviste i predsednika sindikata Nikole Petričića, zajedno sa kolegama arhivistima i arhivskim pomoćnicima drugih Arhiva iz Republike Srbije imao stručnu posetu Državnom arhivu u Plovdivu i Državnom Osmanskom arhivu u Istanbulu.
Kroz obilazak arhivskih prostorija i stručnu diskusiju tokom posete arhivisti iz Srbije su se upoznali sa načinom rada, organizacijom službi u referentnim arhivskim institucijama Bugarske i Turske. Arhiviste iz Srbije posebno zanimao način obrade dokumentacije koja ima trajni rok čuvanja i stepen digitalizacije arhivske gradje. Posebno digitalizacije koja predstavlja jedan od najvećih aktuelnih izazova koji se nalaze pred arhivima.
Arhivisti su bili impresionirani Državnim Osmanskim arhivom koji predstavlja zaista impozantan kompleks na kojem turskoj državi mogu da pozavide sve okolne države. Sličan kompleks se može naći još samo u zapadnoevropskim prostorima, svedoči viši arhivista Nikola Petričić. Sam predsednik Turske Redžep Erdogan je jedan od najizdašnijih finansijera ove institucije što svedoči o njenoj velikoj važnosti. U Državnom Osmanskom arhivu u Istanbulu dobrodošlicu su poželeli načelnik odeljenja za medjunarodnu saradnju Ejup Ašik  a bila je prisutna i koleginica iz Državnog arhiva Srbije Enisa Alomerović Hubanić.
Istorisjki arhiv Zrenjanin');
INSERT INTO image (generic_element_id, file_path) VALUES (19, '/uploads/vest_19_0.jpg');
INSERT INTO image (generic_element_id, file_path) VALUES (19, '/uploads/vest_19_1.jpg');
INSERT INTO image (generic_element_id, file_path) VALUES (19, '/uploads/vest_19_2.jpg');
INSERT INTO image (generic_element_id, file_path) VALUES (19, '/uploads/vest_19_3.jpg');
INSERT INTO image (generic_element_id, file_path) VALUES (19, '/uploads/vest_19_4.jpg');
INSERT INTO image (generic_element_id, file_path) VALUES (19, '/uploads/vest_19_5.jpg');
INSERT INTO image (generic_element_id, file_path) VALUES (19, '/uploads/vest_19_6.jpg');
INSERT INTO image (generic_element_id, file_path) VALUES (19, '/uploads/vest_19_7.jpg');
INSERT INTO generic_element (id, type, category_id) VALUES (18, 'Vesti', 1);
INSERT INTO text (source_id, source_table, field_name, lang, content) VALUES (18, 'generic_element', 'naslov', 'sr-Cyrl', 'У ПЕРЛЕЗУ СВЕЧАНО ОТВОРЕНА БИБЛИОТЕКА „ПАВИЦА МРАЗОВИЋ“');
INSERT INTO text (source_id, source_table, field_name, lang, content) VALUES (18, 'generic_element', 'naslov', 'sr', 'U PERLEZU SVEČANO OTVORENA BIBLIOTEKA „PAVICA MRAZOVIĆ“');
INSERT INTO text (source_id, source_table, field_name, lang, content) VALUES (18, 'generic_element', 'opis', 'sr-Cyrl', 'Директору Историјског архива у Зрењанину Мирјани Басти председник друштва „Баштинар“ из Перлеза доделио свечану плакету за изузетан допринос у реализацији пројекта формирања библиотеке „Павица Мразовић“. Добар део фонда библиотеке чини легат нашег познатог социолога др Небојше Попова.
Пре једног столећа у селу Перлез рођена је Павица Мразовић, рођена Карлаварис, потоњи угледни југословенски и српски филолог. Ових дана јој одаје признање њено родно место Перлез, које се налази на ушћу Бегеја у Тису. Разнишљајући о томе која личност је била у Перлезу синоним за човека или жену од књиге, оснивач перлешког друштва „Баштинар” архитекта Зоран Стојачић се сетио Павице Мразовић. Дао је тиме идеју да се ода признање личности и породици која је између два рата дала посебан печат Перлезу. Павица Мразовић је рођена Перлежанка а њеном доприносу култури чуле су се ове вечери само речи хвале.
Опредељење друштва „Баштинар“ је да афирмише праве вредности и личности које су задужиле националну културу а пореклом су из овог места међу које свакако спада рано преминули композитор академик Исидора Жебељан, којој је Перлез био завичај. „Баштинар“ је уз помоћ пре свега Историјског архива Зрењанин и ГНБ „Жарко Зрењанин“, те многих других личности и институција успешно реализовао идеју отварања библиотеке у Перлезу, која ће носити име „Павица Мразовић“.
О лику и делу чувене професорке говориле су у суперлативима књижевне критичарке Драгана В. Тодоресков и Наталија Лудошки. Иван Карлаварис дизајнер фотографије поделио је  у име породице емоцију које га везује за чувену тетку. Шира јавност у Србији, могла је да сазна, како је истакнута научница Павица Мразовић, рођ. Карлаварис, од учитељице у банатском селу Книћанин, напредовала до професорке на Одсеку за германистику Филозофског факултета у Новом Саду, где јој је 1987. године уручена награда Златна Гетеова медаља. Павица Мразовић је далеке 1992. године постала лауреат Ордена за заслуге који додељује Савезна Република Немачка, чиме је стекла међународно признање за свој рад.
Програм отварања библиотеке допунила је својим изграђеним оперским гласом Сенка Недељковић, оперска дива уз клавирску пратњу Ненада Стојачића. Након свечаног отварања гости који су дошли из Београда, Новог Сада и Зрењанина су могли да обиђу просторије библиотеке смештене у једној од сала МЗ Перлез.
Историјски архив Зрењанин');
INSERT INTO text (source_id, source_table, field_name, lang, content) VALUES (18, 'generic_element', 'opis', 'sr', 'Direktoru Istorijskog arhiva u Zrenjaninu Mirjani Basti predsednik društva „Baštinar“ iz Perleza dodelio svečanu plaketu za izuzetan doprinos u realizaciji projekta formiranja biblioteke „Pavica Mrazović“. Dobar deo fonda biblioteke čini legat našeg poznatog sociologa dr Nebojše Popova.
Pre jednog stoleća u selu Perlez rodjena je Pavica Mrazović, rodjena Karlavaris, potonji ugledni jugoslovenski i srpski filolog. Ovih dana joj odaje priznanje njeno rodno mesto Perlez, koje se nalazi na ušću Begeja u Tisu. Raznišljajući o tome koja ličnost je bila u Perlezu sinonim za čoveka ili ženu od knjige, osnivač perleškog društva „Baštinar” arhitekta Zoran Stojačić se setio Pavice Mrazović. Dao je time ideju da se oda priznanje ličnosti i porodici koja je izmedju dva rata dala poseban pečat Perlezu. Pavica Mrazović je rodjena Perležanka a njenom doprinosu kulturi čule su se ove večeri samo reči hvale.
Opredeljenje društva „Baštinar“ je da afirmiše prave vrednosti i ličnosti koje su zadužile nacionalnu kulturu a poreklom su iz ovog mesta medju koje svakako spada rano preminuli kompozitor akademik Isidora Žebeljan, kojoj je Perlez bio zavičaj. „Baštinar“ je uz pomoć pre svega Istorijskog arhiva Zrenjanin i GNB „Žarko Zrenjanin“, te mnogih drugih ličnosti i institucija uspešno realizovao ideju otvaranja biblioteke u Perlezu, koja će nositi ime „Pavica Mrazović“.
O liku i delu čuvene profesorke govorile su u superlativima književne kritičarke Dragana V. Todoreskov i Natalija Ludoški. Ivan Karlavaris dizajner fotografije podelio je  u ime porodice emociju koje ga vezuje za čuvenu tetku. Šira javnost u Srbiji, mogla je da sazna, kako je istaknuta naučnica Pavica Mrazović, rodj. Karlavaris, od učiteljice u banatskom selu Knićanin, napredovala do profesorke na Odseku za germanistiku Filozofskog fakulteta u Novom Sadu, gde joj je 1987. godine uručena nagrada Zlatna Geteova medalja. Pavica Mrazović je daleke 1992. godine postala laureat Ordena za zasluge koji dodeljuje Savezna Republika Nemačka, čime je stekla medjunarodno priznanje za svoj rad.
Program otvaranja biblioteke dopunila je svojim izgradjenim operskim glasom Senka Nedeljković, operska diva uz klavirsku pratnju Nenada Stojačića. Nakon svečanog otvaranja gosti koji su došli iz Beograda, Novog Sada i Zrenjanina su mogli da obidju prostorije biblioteke smeštene u jednoj od sala MZ Perlez.
Istorijski arhiv Zrenjanin');
INSERT INTO image (generic_element_id, file_path) VALUES (18, '/uploads/vest_18_0.jpg');
INSERT INTO image (generic_element_id, file_path) VALUES (18, '/uploads/vest_18_1.jpg');
INSERT INTO image (generic_element_id, file_path) VALUES (18, '/uploads/vest_18_2.jpg');
INSERT INTO image (generic_element_id, file_path) VALUES (18, '/uploads/vest_18_3.jpg');
INSERT INTO image (generic_element_id, file_path) VALUES (18, '/uploads/vest_18_4.jpg');
INSERT INTO image (generic_element_id, file_path) VALUES (18, '/uploads/vest_18_5.jpg');
INSERT INTO image (generic_element_id, file_path) VALUES (18, '/uploads/vest_18_6.jpg');
INSERT INTO image (generic_element_id, file_path) VALUES (18, '/uploads/vest_18_7.jpg');
INSERT INTO image (generic_element_id, file_path) VALUES (18, '/uploads/vest_18_8.jpg');
INSERT INTO image (generic_element_id, file_path) VALUES (18, '/uploads/vest_18_9.jpg');
INSERT INTO image (generic_element_id, file_path) VALUES (18, '/uploads/vest_18_10.jpg');
INSERT INTO image (generic_element_id, file_path) VALUES (18, '/uploads/vest_18_11.jpg');
INSERT INTO image (generic_element_id, file_path) VALUES (18, '/uploads/vest_18_12.jpg');
INSERT INTO image (generic_element_id, file_path) VALUES (18, '/uploads/vest_18_13.jpg');
INSERT INTO image (generic_element_id, file_path) VALUES (18, '/uploads/vest_18_14.jpg');
INSERT INTO image (generic_element_id, file_path) VALUES (18, '/uploads/vest_18_15.jpg');
INSERT INTO image (generic_element_id, file_path) VALUES (18, '/uploads/vest_18_16.jpg');
INSERT INTO generic_element (id, type, category_id) VALUES (17, 'Vesti', 1);
INSERT INTO text (source_id, source_table, field_name, lang, content) VALUES (17, 'generic_element', 'naslov', 'sr-Cyrl', 'ПРОМОЦИЈА ДЕВЕТЕ  KЊИГЕ ИЗ ЕДИЦИЈЕ ПРИСАЈЕДИЊЕЊЕ 1918. – ЗАПИСНИЦИ СНО У ВЕЛ. БЕЧКЕРЕКУ 1918.');
INSERT INTO text (source_id, source_table, field_name, lang, content) VALUES (17, 'generic_element', 'naslov', 'sr', 'PROMOCIJA DEVETE  KNjIGE IZ EDICIJE PRISAJEDINjENjE 1918. – ZAPISNICI SNO U VEL. BEČKEREKU 1918.');
INSERT INTO text (source_id, source_table, field_name, lang, content) VALUES (17, 'generic_element', 'opis', 'sr-Cyrl', 'У
четвртак,
17.11. на Дан града Зрењанина и Дан ослобођења у Првом светском рату у
Барок
ној
сал
и града Зрењанина
, одржана је промоција књиге „Записници Српског народног одбора у Великом Бечкереку“ (Петровграду, данашњем Зрењанину),
Књига је
заједничк
и пројекат
Историјског архива Зрењанин
, директора Мирјане Басте
и Музеја Војводине
, који води мр Тијана Станковић Пештерац.
Барокна сала је била мала да прими велики број челних људи у граду на Бегеју, колега из институција културе и децу из зрењанинске Гимназије која су дошла на својеврсни историјки час на овај свечан и значајан датум.
Приређивачи издања су  заменик директора Музеја Војводине, кустос и историчар др Зоран Вељановић и историчар Ванда Војводић Мицова, архивски саветник из Историјског архива Зрењанин.
Ванда Војводић Мицова је дала генезу настанка овог штива: -Фонд „Српски народни одбор у Великом Бечкереку“ је у Историјски архив Зрењанина стигао из Архива Војводине 1989. године. Све до 1997. године он је био у депоу архива, нико га није истраживао, нико га није сређивао, док наш колега покојни Милан Ђуканов није те године узео да га истражује и сређује. Фонд садржи драгоцену грађу која сведочи о догађајима од 31.10. и 17.11. 1918. године, Записници које овде приређујемо су писани руком. Доста има нечитко написаних делова. Писмо је ћирилично, искључиво црно мастило је коришћено, Првог записника од 31. 10 нема и нисмо сигурни да ли је вођен. Знамо да је била напета ситуација, ратна, па се о таквим формалностима није водило рачуна. Зато имамо сведочење др Славка Жупанског, који каже, да су се тада састали у порти Успенског храма и договорили о оснивању Српског народног одбора. Ови Записници које смо обрадили су замрзнута слика овог историјског тренутка и они сведоче како је дошло до формирања српских органа власти, које су проблеме имали приликом преузимања власти. Како је основана гарда, како је организована жандармерија, како је регулисан жељезнички саобраћај, како је успостављено нормално функционисање једног града. Ми смо ова истраживања даље наставили и за десетак дана у штампу улази и друга књига која говори о значајним личностима из Великог Бечкерека која су учествовала у преломним догађајима 1918.године.
Зоран Вељановић, је овим поводом рекао: -Ови Записници су књига која је произашла као резултат наших дугогодишњих истраживања. Предисторија њиховог настанка је оваква. На ову 104. годишњицу Уједињења и ослобођења ми у Војводини имамо тек друге по реду записнике који су објављени. Пре ове наше књиге, покојни академик Богумил Храбак је објавио Записнике Темишварског народног већа 1956. године у зборнику Матице српске за друштвена питања. Од тада, до ове наше књиге, записника из Великог Бечкерека није објављена ни једна једина страница.Постојало је 211. политичких општина, организованих као одбори, већа од Темишвара до Новог Сада, од Панчева до Сегедина и Баје. Резултати овог истраживања, показују одјек тежње српског народа у Војводини, за правдом и слободом. Они одржавају једну црвену нит, од Мајске Скупштине 1848. године у Сремским Карловцима, где су Срби изгласали Српско Војводство, позивајући се на привилегије, које су аустријски цареви давали Србима за ратне заслуге широм Европе. Осим права на име, језик, веру, писмо ћирилично, обећали су им територијалну аутономију са војводом на челу. Десетак година је то и било с тим што је цео тамишки Банат укључен без граничара а Србин био подвојвода. То је дакле нагодбом укинуто. Одјек те тежње за правом и правдом и слободом била је промена става након укидања аутономије где су сада српски прваци дошли до идеје и намере да се отцепе од Аустро-Угарске која им је укинула аутономију, Било је јасно да ће се та земља распасти, јер таква је била ситуација на Солунском фронту после 15.08..када је српска војска пробила фронт и незадрживо кренула ка северу. То је учврстило др Жупанског и банатске Србе у одлуци да се отцепе од те и такве државе, која је гушила њихова основна права и присаједине матици Србији.
На промоцији књиге “Записници Српског народног одбора у Великом Бечкереку 1918”, у препуној Барокној сали Градске куће, говорио је председник Скупштине града Чедомир Јањић, директор Зрењанинске гимназије, историчар Душан Радаковић, директор Историјског архива Новог Сада историчар Петар Ђурђев и Директор ГНБ „Жарко Зрењанин“ Милан Бјелогрлић.
Финансијска средства за издавање ове књиге обезбедило је Министарство културе и информисања Републике Србије.
Историски архив Зрењанин');
INSERT INTO text (source_id, source_table, field_name, lang, content) VALUES (17, 'generic_element', 'opis', 'sr', 'U
četvrtak,
17.11. na Dan grada Zrenjanina i Dan oslobodjenja u Prvom svetskom ratu u
Barok
noj
sal
i grada Zrenjanina
, održana je promocija knjige „Zapisnici Srpskog narodnog odbora u Velikom Bečkereku“ (Petrovgradu, današnjem Zrenjaninu),
Knjiga je
zajedničk
i projekat
Istorijskog arhiva Zrenjanin
, direktora Mirjane Baste
i Muzeja Vojvodine
, koji vodi mr Tijana Stanković Pešterac.
Barokna sala je bila mala da primi veliki broj čelnih ljudi u gradu na Begeju, kolega iz institucija kulture i decu iz zrenjaninske Gimnazije koja su došla na svojevrsni istorijki čas na ovaj svečan i značajan datum.
Priredjivači izdanja su  zamenik direktora Muzeja Vojvodine, kustos i istoričar dr Zoran Veljanović i istoričar Vanda Vojvodić Micova, arhivski savetnik iz Istorijskog arhiva Zrenjanin.
Vanda Vojvodić Micova je dala genezu nastanka ovog štiva: -Fond „Srpski narodni odbor u Velikom Bečkereku“ je u Istorijski arhiv Zrenjanina stigao iz Arhiva Vojvodine 1989. godine. Sve do 1997. godine on je bio u depou arhiva, niko ga nije istraživao, niko ga nije sredjivao, dok naš kolega pokojni Milan Djukanov nije te godine uzeo da ga istražuje i sredjuje. Fond sadrži dragocenu gradju koja svedoči o dogadjajima od 31.10. i 17.11. 1918. godine, Zapisnici koje ovde priredjujemo su pisani rukom. Dosta ima nečitko napisanih delova. Pismo je ćirilično, isključivo crno mastilo je korišćeno, Prvog zapisnika od 31. 10 nema i nismo sigurni da li je vodjen. Znamo da je bila napeta situacija, ratna, pa se o takvim formalnostima nije vodilo računa. Zato imamo svedočenje dr Slavka Županskog, koji kaže, da su se tada sastali u porti Uspenskog hrama i dogovorili o osnivanju Srpskog narodnog odbora. Ovi Zapisnici koje smo obradili su zamrznuta slika ovog istorijskog trenutka i oni svedoče kako je došlo do formiranja srpskih organa vlasti, koje su probleme imali prilikom preuzimanja vlasti. Kako je osnovana garda, kako je organizovana žandarmerija, kako je regulisan željeznički saobraćaj, kako je uspostavljeno normalno funkcionisanje jednog grada. Mi smo ova istraživanja dalje nastavili i za desetak dana u štampu ulazi i druga knjiga koja govori o značajnim ličnostima iz Velikog Bečkereka koja su učestvovala u prelomnim dogadjajima 1918.godine.
Zoran Veljanović, je ovim povodom rekao: -Ovi Zapisnici su knjiga koja je proizašla kao rezultat naših dugogodišnjih istraživanja. Predistorija njihovog nastanka je ovakva. Na ovu 104. godišnjicu Ujedinjenja i oslobodjenja mi u Vojvodini imamo tek druge po redu zapisnike koji su objavljeni. Pre ove naše knjige, pokojni akademik Bogumil Hrabak je objavio Zapisnike Temišvarskog narodnog veća 1956. godine u zborniku Matice srpske za društvena pitanja. Od tada, do ove naše knjige, zapisnika iz Velikog Bečkereka nije objavljena ni jedna jedina stranica.Postojalo je 211. političkih opština, organizovanih kao odbori, veća od Temišvara do Novog Sada, od Pančeva do Segedina i Baje. Rezultati ovog istraživanja, pokazuju odjek težnje srpskog naroda u Vojvodini, za pravdom i slobodom. Oni održavaju jednu crvenu nit, od Majske Skupštine 1848. godine u Sremskim Karlovcima, gde su Srbi izglasali Srpsko Vojvodstvo, pozivajući se na privilegije, koje su austrijski carevi davali Srbima za ratne zasluge širom Evrope. Osim prava na ime, jezik, veru, pismo ćirilično, obećali su im teritorijalnu autonomiju sa vojvodom na čelu. Desetak godina je to i bilo s tim što je ceo tamiški Banat uključen bez graničara a Srbin bio podvojvoda. To je dakle nagodbom ukinuto. Odjek te težnje za pravom i pravdom i slobodom bila je promena stava nakon ukidanja autonomije gde su sada srpski prvaci došli do ideje i namere da se otcepe od Austro-Ugarske koja im je ukinula autonomiju, Bilo je jasno da će se ta zemlja raspasti, jer takva je bila situacija na Solunskom frontu posle 15.08..kada je srpska vojska probila front i nezadrživo krenula ka severu. To je učvrstilo dr Županskog i banatske Srbe u odluci da se otcepe od te i takve države, koja je gušila njihova osnovna prava i prisajedine matici Srbiji.
Na promociji knjige “Zapisnici Srpskog narodnog odbora u Velikom Bečkereku 1918”, u prepunoj Baroknoj sali Gradske kuće, govorio je predsednik Skupštine grada Čedomir Janjić, direktor Zrenjaninske gimnazije, istoričar Dušan Radaković, direktor Istorijskog arhiva Novog Sada istoričar Petar Djurdjev i Direktor GNB „Žarko Zrenjanin“ Milan Bjelogrlić.
Finansijska sredstva za izdavanje ove knjige obezbedilo je Ministarstvo kulture i informisanja Republike Srbije.
Istoriski arhiv Zrenjanin');
INSERT INTO image (generic_element_id, file_path) VALUES (17, '/uploads/vest_17_0.jpg');
INSERT INTO image (generic_element_id, file_path) VALUES (17, '/uploads/vest_17_1.jpg');
INSERT INTO image (generic_element_id, file_path) VALUES (17, '/uploads/vest_17_2.jpg');
INSERT INTO image (generic_element_id, file_path) VALUES (17, '/uploads/vest_17_3.jpg');
INSERT INTO image (generic_element_id, file_path) VALUES (17, '/uploads/vest_17_4.jpg');
INSERT INTO image (generic_element_id, file_path) VALUES (17, '/uploads/vest_17_5.jpg');
INSERT INTO image (generic_element_id, file_path) VALUES (17, '/uploads/vest_17_6.jpg');
INSERT INTO image (generic_element_id, file_path) VALUES (17, '/uploads/vest_17_7.jpg');
INSERT INTO image (generic_element_id, file_path) VALUES (17, '/uploads/vest_17_8.jpg');
INSERT INTO image (generic_element_id, file_path) VALUES (17, '/uploads/vest_17_9.jpg');
INSERT INTO image (generic_element_id, file_path) VALUES (17, '/uploads/vest_17_10.jpg');
INSERT INTO image (generic_element_id, file_path) VALUES (17, '/uploads/vest_17_11.jpg');
INSERT INTO image (generic_element_id, file_path) VALUES (17, '/uploads/vest_17_12.jpg');
INSERT INTO image (generic_element_id, file_path) VALUES (17, '/uploads/vest_17_13.jpg');
INSERT INTO image (generic_element_id, file_path) VALUES (17, '/uploads/vest_17_14.jpg');
INSERT INTO image (generic_element_id, file_path) VALUES (17, '/uploads/vest_17_15.jpg');
INSERT INTO image (generic_element_id, file_path) VALUES (17, '/uploads/vest_17_16.jpg');
INSERT INTO image (generic_element_id, file_path) VALUES (17, '/uploads/vest_17_17.jpg');
INSERT INTO image (generic_element_id, file_path) VALUES (17, '/uploads/vest_17_18.jpg');
INSERT INTO image (generic_element_id, file_path) VALUES (17, '/uploads/vest_17_19.jpg');
INSERT INTO image (generic_element_id, file_path) VALUES (17, '/uploads/vest_17_20.jpg');
INSERT INTO image (generic_element_id, file_path) VALUES (17, '/uploads/vest_17_21.jpg');
INSERT INTO image (generic_element_id, file_path) VALUES (17, '/uploads/vest_17_22.jpg');
INSERT INTO image (generic_element_id, file_path) VALUES (17, '/uploads/vest_17_23.jpg');
INSERT INTO image (generic_element_id, file_path) VALUES (17, '/uploads/vest_17_24.jpg');
INSERT INTO image (generic_element_id, file_path) VALUES (17, '/uploads/vest_17_25.jpg');
INSERT INTO image (generic_element_id, file_path) VALUES (17, '/uploads/vest_17_26.jpg');
INSERT INTO image (generic_element_id, file_path) VALUES (17, '/uploads/vest_17_27.jpg');
INSERT INTO image (generic_element_id, file_path) VALUES (17, '/uploads/vest_17_28.jpg');
INSERT INTO image (generic_element_id, file_path) VALUES (17, '/uploads/vest_17_29.jpg');
INSERT INTO image (generic_element_id, file_path) VALUES (17, '/uploads/vest_17_30.jpg');
INSERT INTO image (generic_element_id, file_path) VALUES (17, '/uploads/vest_17_31.jpg');
INSERT INTO generic_element (id, type, category_id) VALUES (16, 'Vesti', 1);
INSERT INTO text (source_id, source_table, field_name, lang, content) VALUES (16, 'generic_element', 'naslov', 'sr-Cyrl', 'РЕАКЦИЈА ДРЖАВНОГ АРХИВА СРБИЈЕ ПОВОДОМ НЕИСТИНА ИСТОРИЧАРА СРЂАНА ЦВЕТКОВИЋА И ПРЕТЊИ ЗАПОСЛЕНИМА');
INSERT INTO text (source_id, source_table, field_name, lang, content) VALUES (16, 'generic_element', 'naslov', 'sr', 'REAKCIJA DRŽAVNOG ARHIVA SRBIJE POVODOM NEISTINA ISTORIČARA SRDjANA CVETKOVIĆA I PRETNjI ZAPOSLENIMA');
INSERT INTO text (source_id, source_table, field_name, lang, content) VALUES (16, 'generic_element', 'opis', 'sr-Cyrl', 'Мarija Милошевић, виши архивист Државног архива Србије, овлашћено лице за архивску грађу преузету од БИА, реаговала је поводом навода које је
историчар Срђан Цветковић
изнео на фејсбук страници „У име народа за слободну Србију“. Њено саопштење преносимо у целости.
„На фејсбук страници У име народа за слободну Србију, историчар Срђан Цветковић је 27. августа 2022. године, објавио текст под насловом „У име народа ! – ЗАБРАНА ЗБОГ КЊИГЕ О ОЗНИ!” који је на истој страници изазвао претеће коментаре упућене запосленима у Државном архиву Србије. Наводим неке од њих:
– Вероватно ту раде потомци тих крвника, па треба неко још имена да им објави… Али невина крв се неће смирити, стићи ће их у другом колену и затрти, ако се не покају злотвори.-
– Потомци комунистичких злочинаца са ОЗНОМ чувају крваве тајне својих предака. Плашим се да поново не почну пунити своје потоке, јаме, вртаче… са својим неистомишљеницима.”
„Све те ‛стручњаке‛ из архиве ишутирати и избацити из Србије, и даље крију шта су све радили србском народу комуњаре.-
– Растурићемо и то последње упориште пљачкаша и битанги…-
Др Срђан Цветковић се није оградио од оваквих и сличних коментара које је изазвао његов текст. Да ли то значи да се др Срђан Цветковић прећутно слаже са онима који би да растурају, протерују из Србије, који прижељкују затирање другог колена…
Ево неколико питања за Срђана Цветковића и лако проверљивих чињеница:
Зашто на поменутој фејсбук страници није објавио интегрални текст решења којим му је привремено забрањено истраживање већ само део прве странице. На тај начин је јавности којој се обраћа ускратио могућност да се упозна и са образложењем решења којим му је привремено (од 28. јула до 30. септембра 2022. године) забрањено истраживање. Да ли то историчар Срђан Цветковић уводи нову методологију у раду са документима тако што изоставља делове документа (решења) неизоставних за разумевање суштине, да му је привремена забрана изречена јер је прекршио прописе о заштити архивске грађе, односно без неопходне дозволе Архива објавио документа.
Архив је 2008. године иницирао и уз сагласност предаваоца архивске грађе (БИА), омогућио коришћење у научно-истраживачке сврхе збирки докумената некадашњих служби безбедности преузетих од БИА. По том основу Срђан Цветковић је годинама без ограничења истраживао наведене збирке докумената. Како је онда могуће да ову чињеницу један историчар превиђа и за установу која му је то омогућила у свом тексту напише да та установа „ради на томе да се направи шири и рафиниранији прстен забране и заштите комунистичког наслеђа”.
Срђан Цветковић у свом тексту помиње некакве бројеве и проценте када је реч о објављивању докумената без сагласности Архива и наводи „нигде није објављено ни 3% неког фонда или збирке а камоли 30% колико су они прописали интерним правилницима о објављивању грађе”. Не знам одакле ово Срђану Цветковићу јер то ни у једном правилнику Архива није прописано.
С обзиром да Срђан Цветковић помиње свој рад у Државној комисији за тајне гробнице, подсећам га на чињеницу да је Архив њему, као и осталим представницима Државне комисије, 2010, 2011. и 2012. године изашао у сусрет и омогућио да архивску грађу која је настала радом некадашњих служби безбедности, користе у архивским просторијама, ван читаонице, како би истраживање могли да обаве у што је могуће краћем року. Заборавио је и да су управо државни службеници у Архиву Србије, које он прозива у свом тексту, морали да се одвоје од својих редовних послова, преузму улогу радника у читаоници и били са њим и другим представницима Комисије преко 150 дана, јер се ниједна, па ни ова врста архивске грађе не сме користити без надзора. Др Срђан Цветковић се не сећа ни да су запослени у Архиву за које сада његови „навијачи” прижељкују протеривање и затирање, увек били на располагању за сваку врсту стручне помоћи и да су за потребе Комисије, по убрзаном поступку, у наведеном периоду, фотокопирали или скенирали 2.747 докумената. Др Срђан Цветковић има право да све то заборави, али нема право да износи неистине којима посредно утиче на угрожавање безбедности запослених у Архиву.
Низом нетачних тврдњи (лако проверљиво) Срђан Цветковић означава Државни архив Србије као кривца за све и свашта и тиме изазива лавину коментара неупућених читалаца који, између осталог, једну од најзначајнијих националних установа називају „последњим упориштем пљачкаша и битанги”. Његови истомишљеници и пратиоци на друштвеним мрежама не морају да имају свест о значају архива за државу и све њене грађане, али као доктор историјских наука и дугогодишњи истраживач, Срђан Цветковић би морао да је има.
Пошто се осећам прозваном, приморана сам на ову реакцију ради упознавања јавности са чињеницама, али и због огорчења запослених у Државном архиву Србије и међу архивистима у целој Србији. Са претњама и клетвама, Срђан Цветковић се прећутно сагласио, с обзиром да се од њих није оградио.
Уколико буде желео и даље да истражује у Државном архиву Србије, историчар Срђан Цветковић ће, као и било ко други, морати да поштује прописе и процедуре“.');
INSERT INTO text (source_id, source_table, field_name, lang, content) VALUES (16, 'generic_element', 'opis', 'sr', 'Marija Milošević, viši arhivist Državnog arhiva Srbije, ovlašćeno lice za arhivsku gradju preuzetu od BIA, reagovala je povodom navoda koje je
istoričar Srdjan Cvetković
izneo na fejsbuk stranici „U ime naroda za slobodnu Srbiju“. Njeno saopštenje prenosimo u celosti.
„Na fejsbuk stranici U ime naroda za slobodnu Srbiju, istoričar Srdjan Cvetković je 27. avgusta 2022. godine, objavio tekst pod naslovom „U ime naroda ! – ZABRANA ZBOG KNjIGE O OZNI!” koji je na istoj stranici izazvao preteće komentare upućene zaposlenima u Državnom arhivu Srbije. Navodim neke od njih:
– Verovatno tu rade potomci tih krvnika, pa treba neko još imena da im objavi… Ali nevina krv se neće smiriti, stići će ih u drugom kolenu i zatrti, ako se ne pokaju zlotvori.-
– Potomci komunističkih zločinaca sa OZNOM čuvaju krvave tajne svojih predaka. Plašim se da ponovo ne počnu puniti svoje potoke, jame, vrtače… sa svojim neistomišljenicima.”
„Sve te ‛stručnjake‛ iz arhive išutirati i izbaciti iz Srbije, i dalje kriju šta su sve radili srbskom narodu komunjare.-
– Rasturićemo i to poslednje uporište pljačkaša i bitangi…-
Dr Srdjan Cvetković se nije ogradio od ovakvih i sličnih komentara koje je izazvao njegov tekst. Da li to znači da se dr Srdjan Cvetković prećutno slaže sa onima koji bi da rasturaju, proteruju iz Srbije, koji priželjkuju zatiranje drugog kolena…
Evo nekoliko pitanja za Srdjana Cvetkovića i lako proverljivih činjenica:
Zašto na pomenutoj fejsbuk stranici nije objavio integralni tekst rešenja kojim mu je privremeno zabranjeno istraživanje već samo deo prve stranice. Na taj način je javnosti kojoj se obraća uskratio mogućnost da se upozna i sa obrazloženjem rešenja kojim mu je privremeno (od 28. jula do 30. septembra 2022. godine) zabranjeno istraživanje. Da li to istoričar Srdjan Cvetković uvodi novu metodologiju u radu sa dokumentima tako što izostavlja delove dokumenta (rešenja) neizostavnih za razumevanje suštine, da mu je privremena zabrana izrečena jer je prekršio propise o zaštiti arhivske gradje, odnosno bez neophodne dozvole Arhiva objavio dokumenta.
Arhiv je 2008. godine inicirao i uz saglasnost predavaoca arhivske gradje (BIA), omogućio korišćenje u naučno-istraživačke svrhe zbirki dokumenata nekadašnjih službi bezbednosti preuzetih od BIA. Po tom osnovu Srdjan Cvetković je godinama bez ograničenja istraživao navedene zbirke dokumenata. Kako je onda moguće da ovu činjenicu jedan istoričar previdja i za ustanovu koja mu je to omogućila u svom tekstu napiše da ta ustanova „radi na tome da se napravi širi i rafiniraniji prsten zabrane i zaštite komunističkog nasledja”.
Srdjan Cvetković u svom tekstu pominje nekakve brojeve i procente kada je reč o objavljivanju dokumenata bez saglasnosti Arhiva i navodi „nigde nije objavljeno ni 3% nekog fonda ili zbirke a kamoli 30% koliko su oni propisali internim pravilnicima o objavljivanju gradje”. Ne znam odakle ovo Srdjanu Cvetkoviću jer to ni u jednom pravilniku Arhiva nije propisano.
S obzirom da Srdjan Cvetković pominje svoj rad u Državnoj komisiji za tajne grobnice, podsećam ga na činjenicu da je Arhiv njemu, kao i ostalim predstavnicima Državne komisije, 2010, 2011. i 2012. godine izašao u susret i omogućio da arhivsku gradju koja je nastala radom nekadašnjih službi bezbednosti, koriste u arhivskim prostorijama, van čitaonice, kako bi istraživanje mogli da obave u što je moguće kraćem roku. Zaboravio je i da su upravo državni službenici u Arhivu Srbije, koje on proziva u svom tekstu, morali da se odvoje od svojih redovnih poslova, preuzmu ulogu radnika u čitaonici i bili sa njim i drugim predstavnicima Komisije preko 150 dana, jer se nijedna, pa ni ova vrsta arhivske gradje ne sme koristiti bez nadzora. Dr Srdjan Cvetković se ne seća ni da su zaposleni u Arhivu za koje sada njegovi „navijači” priželjkuju proterivanje i zatiranje, uvek bili na raspolaganju za svaku vrstu stručne pomoći i da su za potrebe Komisije, po ubrzanom postupku, u navedenom periodu, fotokopirali ili skenirali 2.747 dokumenata. Dr Srdjan Cvetković ima pravo da sve to zaboravi, ali nema pravo da iznosi neistine kojima posredno utiče na ugrožavanje bezbednosti zaposlenih u Arhivu.
Nizom netačnih tvrdnji (lako proverljivo) Srdjan Cvetković označava Državni arhiv Srbije kao krivca za sve i svašta i time izaziva lavinu komentara neupućenih čitalaca koji, izmedju ostalog, jednu od najznačajnijih nacionalnih ustanova nazivaju „poslednjim uporištem pljačkaša i bitangi”. Njegovi istomišljenici i pratioci na društvenim mrežama ne moraju da imaju svest o značaju arhiva za državu i sve njene gradjane, ali kao doktor istorijskih nauka i dugogodišnji istraživač, Srdjan Cvetković bi morao da je ima.
Pošto se osećam prozvanom, primorana sam na ovu reakciju radi upoznavanja javnosti sa činjenicama, ali i zbog ogorčenja zaposlenih u Državnom arhivu Srbije i medju arhivistima u celoj Srbiji. Sa pretnjama i kletvama, Srdjan Cvetković se prećutno saglasio, s obzirom da se od njih nije ogradio.
Ukoliko bude želeo i dalje da istražuje u Državnom arhivu Srbije, istoričar Srdjan Cvetković će, kao i bilo ko drugi, morati da poštuje propise i procedure“.');
INSERT INTO image (generic_element_id, file_path) VALUES (16, '/uploads/vest_16_0.jpg');
INSERT INTO image (generic_element_id, file_path) VALUES (16, '/uploads/vest_16_1.jpg');
INSERT INTO generic_element (id, type, category_id) VALUES (15, 'Vesti', 1);
INSERT INTO text (source_id, source_table, field_name, lang, content) VALUES (15, 'generic_element', 'naslov', 'sr-Cyrl', 'АРХИВ ЈЕ ВИСОКА РЕЧ');
INSERT INTO text (source_id, source_table, field_name, lang, content) VALUES (15, 'generic_element', 'naslov', 'sr', 'ARHIV JE VISOKA REČ');
INSERT INTO text (source_id, source_table, field_name, lang, content) VALUES (15, 'generic_element', 'opis', 'sr-Cyrl', 'Државни архив Србије добио је текст Весне Башић, архивског саветника и Зорана Стевановића, вишег архивисте у Архиву Војводине, који преносимо у целини.
Поводом текста историчара Института за савремену историју др Срђана Цветковића
Ви сте нас, господине Цветковићу, служећи се неосновано неистинама о начину рада у Државном архиву Србије с истраживачима и оптужбама архивиста, не само изненадили и зачудили, већ и увредили. Ко Вам даје право да тако грубом лексиком и нетачним ставовима описујете поступак и процедуре током истраживања архивске грађе у Државном архиву Србије? Да ли је могуће да сте заборавили, без чијих драгоцених савета, сугестија, стручне и добронамерне помоћи, као и упорног настојања током истраживања, не бисте успели у Вашем тешком, али важном послу? Написали сте текст без глаголског витештва и именичке одважности, питамо се зашто, коме, и шта су Ваша настојања.
Зато, морамо да Вас подсетимо, а вашим сарадницима, пратиоцима на друштвеним мрежама и истомишљеницима, кажемо следеће.
Архиви у Србији, уз заштиту архивске грађе која је наша примарна делатност, раде и на стварању, неговању и развијању спознаје о вредности и важности архивских докумената као изворног сведочанства и драгоценог дела укупне културне баштине, код најширег слоја људи. Најутицајнији архив je Државни архив Србије, централна и матична установа заштите архивске грађе у Србији, који чува чистоту архивских начела, као и њихове примене, и труди се да доприноси одржању професионалног интегритета и достојанства струке. Дакле, наш први задатак и одговорност јесте да чувамо документа, и унапређујемо архивску делатност, али и морал овог друштва у ширем смислу.
Ваш текст објављен 27. августа 2022. (на фејсбук страници У име народа за слободну Србију) садржи и анализу, односно критику прописаног начина рада и процедура за истраживање грађе у Државном архиву Србије и њене доступности корисницима и истраживачима. Вама смета Правилник који уређује ову област, Ви нам у непознавању архивског законодавства или злонамерно, спочитавате да се ми „изговарамо разним правилницима”, а наша је обавеза да поступамо према закону (Устав, и сви закони који се односе на архивску делатност у ужем и ширем смислу). Сви архиви у Србији имају акт који прописује услове и начин истраживања архивске грађе у овим установама, следствено и Државни архив Србије. Уосталом као и сви архиви у свету, то је обавезна архивска пракса, која произилази из заштите архивске грађе, као покретног културног добра.
Такође, нисте ускратили читалиште ни за оно што обухвата искључиво Ваш лични приступ, односно, како бисте Ви организовали рад у Архиву, или мислите да тако треба.  При томе, нисте се обавестили да ли су, како, и под којим условима предаваоци грађе одредили начин и услове коришћења, њену доступност у целини или деловима, као и њено публиковање. Изненадили сте нас тиме што не знате да не можете да истражујете у архивима, а да при том не поштујете прописан начин, правила и услове под којима можете да истражујете. То се, на Вас не односи. Ви бисте, према својим правилима. Објављивање грађе је такође прописано, да Вас ипак подсетимо. А Ви сте објављивали, без дозволе надлежног архива и како сте Ви хтели.
Ви сте Вашим написом подстакли ширу јавност, чији су коментари интонирани увредљиво, с презрењем и девалвирањем нашег стручног знања, штавише, претњама. Такав поступак не доприноси, он одмаже, понижава и вређа не само појединце, већ и установу/е. С обзиром на то да сте доктор историјских наука, истраживач архивске грађе, и не само у Државном архиву Србије, јавна личност, не приличе Вам коментари који нису засновани на истини, који вређају и омаловажавају архивску струку у целини.
За такве поступке не може, нажалост, да се пронађе ни један други разлог, осим Вашег неоправданог гнева као и неоснованог навођења, ипак ниских и архивистима недостојних порива, било да су они политичке, дневно-пословне или приватне природе. Није довољно да истраживач буде познаник, пријатељ и сарадник једном или више архивиста или директора архива – неопходно је да поштује правила. Истраживање грађе у архивима, захтева поштовање националних правила, смерница, упутстава и норми архивске струке и архива у којем истражујете. То су били вредносни темељи на којима су архиви као установе оснивани и на којима почивају.
Архиви су темељна одредница сваке националне културе. Архиви су ученима култна места, а неукима мртво море. Где је неуких више, ту су архиви више скрајнути, ту им је као установама теже. Да ли сте упознати с тим да у европским архивима (нпр.: Беч, Москва, Будимпешта, Букурешт, Истамбул, Загреб, Праг, Братислава, Лондон итд.), морате врло прецизно да наведете и да се обавежете у које сврхе ћете користити документ, и немате право да га користите на други начин. Уколико Вам се сврха употребе документа промени, морате да тражите нову дозволу од архива. То су принципи заштите архивске грађе, зато архиви уопште и постоје. Зашто се онда чудите што и Државни архив Србије чува и штити националну културну баштину. То што је грађа доступна, не значи да не постоје никаква правила њеног коришћења, презентовања и објављивања, нарочито да би се спречиле све чешће нестручне и субјективно оријентисане злоупотребе архивске грађе.
Да се подсетимо, у претходном периоду Ви сте радили (формално, били сте секретар) на пројекту у вези са тајним гробницама након Другог светског рата. Према нашим сазнањима, ту сте уложили много труда и рада, и то Вам је, Богу хвала, значајно унапредило каријеру. Само, молимо Вас, реците истине ради, колико је архивиста било ангажовано да Вам помаже у пројекту, из колико архива, колико дуго (година) су радили, истраживали, прикупљали, одабирали, сређивали, обрађивали и евидентирали архивску грађу, а на основу тога сте Ви остварили професионални успех и славу. Да ли сте икада направили озбиљнију анализу у вези с тим, колики је био допринос архивиста Вашем успеху? То су они људи који су Вас упутили у стварну и територијалну надлежност архива, о чему нисте много знали, нити сте знали где се који архив налази, нити какву архивску грађу чува, уосталом ни колико има архива у Републици Србији. Сложићете се сигурно, да неким случајем нисте имали помоћ архивиста, пројекат не бисте завршили ни за још неколико деценија. Стога, најмање што архивска струка очекује од Вас, јесте поштовање, а не да је неоправдано нападате и омаловажавате. Зар је то тешко?
Једнако важно, поједини документи које су Вам архивисти прикупили за пројекат тајних гробница, објављивани су, без дозволе и испод сваког нивоа стручности, у таблоидима, жутој штампи, новинама, друштвеним мрежама, интернет страницама, често анонимно, без сигнатуре, податка о пореклу и у којој се установи чувају и стручно одржавају. Тиме је широко отворено поље злоупотребе архивске грађе и националне културне баштине. Имате ли објашњење како и зашто је дошло до тога да се значај ових докумената тако омаловажи, јер то сигурно нису учинили архивисти, који врло добро познају захтеве своје струке, савесно обављају стручне послове и предано чувају и штите националну културну баштину. Ми се са захвалношћу и поносом сећамо изузетне генерације интелектуалаца и родољуба која је дубоко заорала бразду у заштити, уводећи Србију у ред европских држава које институционално и системски чувају архивску грађу. Ти узори не застаревају, напротив, за све нас су обавезујући.
Ми смо дужни да поштујемо Етички кодекс архивиста (Србија је међу првима потписала овај документ, да подсетимо), који је за све нас обавезујући. Жао ми је што морам да Вам кажем да се управо поједини истраживачи, слични Вама, налазе на најудаљенијој тачки оних вредносних система за које треба, и морамо да се залажемо. У супротном, произвољности које сте изнели постају увеличане будућношћу којој су намењене и постају лажи. На тај начин ће и национална историја постати лаж. Зато не желимо да прихватимо ни један разлог који такве појединце доводи на листу наших истраживача, јер они не потпадају под етички код националне угледне установе, Државног архива Србије.
О архивистима – за Ваше пратиоце на друштвеним мрежама (који би да нас „протерају”). Рад архивиста је тежак и одговоран, али нажалост, недовољно признат и познат. За ово тешко занимање, потребна је велика стручност, педантност, стрпљење, истрајност. Ми се у свом свакодневном раду упознајемо са документима из разних епоха и свих области рада и стваралаштва. Зато ми о свим облицима људске делатностима много тога  знамо, али о нашем раду, изван архивске струке, шира јавност зна мало или нимало. Тек када нас упознате, схватићете колико знања, упорности, посвећености послу и љубави према нацији, истини, историји, достигнућима предака и цивилизацијским вредностима се крије иза наших углавном, скромних природа. Ми смо уистину специјалисти, ненаметљиви, поуздани, систематични, уредни, и преко граница издржљивости посвећени остварењу мисије архива.
Дужност нас, архивиста, јесте да будемо достојни чувари изворних докумената, да сачувамо њихову аутентичност и целовитост, да бисмо могли да их у што очуванијем облику, предамо потомству. Ми се бавимо заштитом јединствених и непоновљивих творевина – оригиналним списима – који су често непроцењиве културне, научне, друштвене и уметничке вредности. Зато архивисти описујући садржај докумената, често тешко читљиве, историјско-културолошке палимпсесте, иако немуште, омогућују да проговоре и када људи који су их стварали нису у нашем времену: њихове идеје, напори, борба и знање остају кроз време.
Предлажемо да свако од нас преиспита своју савест и одговорност пред својом струком и њеном будућношћу, јер ово где се ми сада налазимо јесте једна од најважнијих линија фронта борбе за опстанак српског народа, и то у првом реду борбе за опстанак духовности и морала, а затим и борбе за физички опстанак. Сигурни смо, да нас неће завести недостојне страсти пролазне моћи и значаја, јер нам то не приличи, наши циљеви су много узвишенији.
У том случају, нама који смо свесни садашњег тренутка, остаје да стрпљиво чекамо и да сву своју креативну енергију с љубављу и радошћу улажемо у своје дневне послове и тако дамо допринос архивској струци и националној култури, јер је та енергија једина неуништива.
Ми, архивисти, стојимо на капији знања, јер ми смо својеврсна породица која свој идентитет заснива на култури и знању. Зато у архивима траје господство и моћ духовног.
Архив је висока реч.
Весна Башић, архивски саветник у Архиву Војводине
Зоран Стевановић, виши архивист у Архиву Војводине
Објава историчара Срђана Цветковића „У име народа ! – ЗАБРАНА ЗБОГ КЊИГЕ О ОЗНИ!” може се прочитати
овде
.');
INSERT INTO text (source_id, source_table, field_name, lang, content) VALUES (15, 'generic_element', 'opis', 'sr', 'Državni arhiv Srbije dobio je tekst Vesne Bašić, arhivskog savetnika i Zorana Stevanovića, višeg arhiviste u Arhivu Vojvodine, koji prenosimo u celini.
Povodom teksta istoričara Instituta za savremenu istoriju dr Srdjana Cvetkovića
Vi ste nas, gospodine Cvetkoviću, služeći se neosnovano neistinama o načinu rada u Državnom arhivu Srbije s istraživačima i optužbama arhivista, ne samo iznenadili i začudili, već i uvredili. Ko Vam daje pravo da tako grubom leksikom i netačnim stavovima opisujete postupak i procedure tokom istraživanja arhivske gradje u Državnom arhivu Srbije? Da li je moguće da ste zaboravili, bez čijih dragocenih saveta, sugestija, stručne i dobronamerne pomoći, kao i upornog nastojanja tokom istraživanja, ne biste uspeli u Vašem teškom, ali važnom poslu? Napisali ste tekst bez glagolskog viteštva i imeničke odvažnosti, pitamo se zašto, kome, i šta su Vaša nastojanja.
Zato, moramo da Vas podsetimo, a vašim saradnicima, pratiocima na društvenim mrežama i istomišljenicima, kažemo sledeće.
Arhivi u Srbiji, uz zaštitu arhivske gradje koja je naša primarna delatnost, rade i na stvaranju, negovanju i razvijanju spoznaje o vrednosti i važnosti arhivskih dokumenata kao izvornog svedočanstva i dragocenog dela ukupne kulturne baštine, kod najšireg sloja ljudi. Najuticajniji arhiv je Državni arhiv Srbije, centralna i matična ustanova zaštite arhivske gradje u Srbiji, koji čuva čistotu arhivskih načela, kao i njihove primene, i trudi se da doprinosi održanju profesionalnog integriteta i dostojanstva struke. Dakle, naš prvi zadatak i odgovornost jeste da čuvamo dokumenta, i unapredjujemo arhivsku delatnost, ali i moral ovog društva u širem smislu.
Vaš tekst objavljen 27. avgusta 2022. (na fejsbuk stranici U ime naroda za slobodnu Srbiju) sadrži i analizu, odnosno kritiku propisanog načina rada i procedura za istraživanje gradje u Državnom arhivu Srbije i njene dostupnosti korisnicima i istraživačima. Vama smeta Pravilnik koji uredjuje ovu oblast, Vi nam u nepoznavanju arhivskog zakonodavstva ili zlonamerno, spočitavate da se mi „izgovaramo raznim pravilnicima”, a naša je obaveza da postupamo prema zakonu (Ustav, i svi zakoni koji se odnose na arhivsku delatnost u užem i širem smislu). Svi arhivi u Srbiji imaju akt koji propisuje uslove i način istraživanja arhivske gradje u ovim ustanovama, sledstveno i Državni arhiv Srbije. Uostalom kao i svi arhivi u svetu, to je obavezna arhivska praksa, koja proizilazi iz zaštite arhivske gradje, kao pokretnog kulturnog dobra.
Takodje, niste uskratili čitalište ni za ono što obuhvata isključivo Vaš lični pristup, odnosno, kako biste Vi organizovali rad u Arhivu, ili mislite da tako treba.  Pri tome, niste se obavestili da li su, kako, i pod kojim uslovima predavaoci gradje odredili način i uslove korišćenja, njenu dostupnost u celini ili delovima, kao i njeno publikovanje. Iznenadili ste nas time što ne znate da ne možete da istražujete u arhivima, a da pri tom ne poštujete propisan način, pravila i uslove pod kojima možete da istražujete. To se, na Vas ne odnosi. Vi biste, prema svojim pravilima. Objavljivanje gradje je takodje propisano, da Vas ipak podsetimo. A Vi ste objavljivali, bez dozvole nadležnog arhiva i kako ste Vi hteli.
Vi ste Vašim napisom podstakli širu javnost, čiji su komentari intonirani uvredljivo, s prezrenjem i devalviranjem našeg stručnog znanja, štaviše, pretnjama. Takav postupak ne doprinosi, on odmaže, ponižava i vredja ne samo pojedince, već i ustanovu/e. S obzirom na to da ste doktor istorijskih nauka, istraživač arhivske gradje, i ne samo u Državnom arhivu Srbije, javna ličnost, ne priliče Vam komentari koji nisu zasnovani na istini, koji vredjaju i omalovažavaju arhivsku struku u celini.
Za takve postupke ne može, nažalost, da se pronadje ni jedan drugi razlog, osim Vašeg neopravdanog gneva kao i neosnovanog navodjenja, ipak niskih i arhivistima nedostojnih poriva, bilo da su oni političke, dnevno-poslovne ili privatne prirode. Nije dovoljno da istraživač bude poznanik, prijatelj i saradnik jednom ili više arhivista ili direktora arhiva – neophodno je da poštuje pravila. Istraživanje gradje u arhivima, zahteva poštovanje nacionalnih pravila, smernica, uputstava i normi arhivske struke i arhiva u kojem istražujete. To su bili vrednosni temelji na kojima su arhivi kao ustanove osnivani i na kojima počivaju.
Arhivi su temeljna odrednica svake nacionalne kulture. Arhivi su učenima kultna mesta, a neukima mrtvo more. Gde je neukih više, tu su arhivi više skrajnuti, tu im je kao ustanovama teže. Da li ste upoznati s tim da u evropskim arhivima (npr.: Beč, Moskva, Budimpešta, Bukurešt, Istambul, Zagreb, Prag, Bratislava, London itd.), morate vrlo precizno da navedete i da se obavežete u koje svrhe ćete koristiti dokument, i nemate pravo da ga koristite na drugi način. Ukoliko Vam se svrha upotrebe dokumenta promeni, morate da tražite novu dozvolu od arhiva. To su principi zaštite arhivske gradje, zato arhivi uopšte i postoje. Zašto se onda čudite što i Državni arhiv Srbije čuva i štiti nacionalnu kulturnu baštinu. To što je gradja dostupna, ne znači da ne postoje nikakva pravila njenog korišćenja, prezentovanja i objavljivanja, naročito da bi se sprečile sve češće nestručne i subjektivno orijentisane zloupotrebe arhivske gradje.
Da se podsetimo, u prethodnom periodu Vi ste radili (formalno, bili ste sekretar) na projektu u vezi sa tajnim grobnicama nakon Drugog svetskog rata. Prema našim saznanjima, tu ste uložili mnogo truda i rada, i to Vam je, Bogu hvala, značajno unapredilo karijeru. Samo, molimo Vas, recite istine radi, koliko je arhivista bilo angažovano da Vam pomaže u projektu, iz koliko arhiva, koliko dugo (godina) su radili, istraživali, prikupljali, odabirali, sredjivali, obradjivali i evidentirali arhivsku gradju, a na osnovu toga ste Vi ostvarili profesionalni uspeh i slavu. Da li ste ikada napravili ozbiljniju analizu u vezi s tim, koliki je bio doprinos arhivista Vašem uspehu? To su oni ljudi koji su Vas uputili u stvarnu i teritorijalnu nadležnost arhiva, o čemu niste mnogo znali, niti ste znali gde se koji arhiv nalazi, niti kakvu arhivsku gradju čuva, uostalom ni koliko ima arhiva u Republici Srbiji. Složićete se sigurno, da nekim slučajem niste imali pomoć arhivista, projekat ne biste završili ni za još nekoliko decenija. Stoga, najmanje što arhivska struka očekuje od Vas, jeste poštovanje, a ne da je neopravdano napadate i omalovažavate. Zar je to teško?
Jednako važno, pojedini dokumenti koje su Vam arhivisti prikupili za projekat tajnih grobnica, objavljivani su, bez dozvole i ispod svakog nivoa stručnosti, u tabloidima, žutoj štampi, novinama, društvenim mrežama, internet stranicama, često anonimno, bez signature, podatka o poreklu i u kojoj se ustanovi čuvaju i stručno održavaju. Time je široko otvoreno polje zloupotrebe arhivske gradje i nacionalne kulturne baštine. Imate li objašnjenje kako i zašto je došlo do toga da se značaj ovih dokumenata tako omalovaži, jer to sigurno nisu učinili arhivisti, koji vrlo dobro poznaju zahteve svoje struke, savesno obavljaju stručne poslove i predano čuvaju i štite nacionalnu kulturnu baštinu. Mi se sa zahvalnošću i ponosom sećamo izuzetne generacije intelektualaca i rodoljuba koja je duboko zaorala brazdu u zaštiti, uvodeći Srbiju u red evropskih država koje institucionalno i sistemski čuvaju arhivsku gradju. Ti uzori ne zastarevaju, naprotiv, za sve nas su obavezujući.
Mi smo dužni da poštujemo Etički kodeks arhivista (Srbija je medju prvima potpisala ovaj dokument, da podsetimo), koji je za sve nas obavezujući. Žao mi je što moram da Vam kažem da se upravo pojedini istraživači, slični Vama, nalaze na najudaljenijoj tački onih vrednosnih sistema za koje treba, i moramo da se zalažemo. U suprotnom, proizvoljnosti koje ste izneli postaju uveličane budućnošću kojoj su namenjene i postaju laži. Na taj način će i nacionalna istorija postati laž. Zato ne želimo da prihvatimo ni jedan razlog koji takve pojedince dovodi na listu naših istraživača, jer oni ne potpadaju pod etički kod nacionalne ugledne ustanove, Državnog arhiva Srbije.
O arhivistima – za Vaše pratioce na društvenim mrežama (koji bi da nas „proteraju”). Rad arhivista je težak i odgovoran, ali nažalost, nedovoljno priznat i poznat. Za ovo teško zanimanje, potrebna je velika stručnost, pedantnost, strpljenje, istrajnost. Mi se u svom svakodnevnom radu upoznajemo sa dokumentima iz raznih epoha i svih oblasti rada i stvaralaštva. Zato mi o svim oblicima ljudske delatnostima mnogo toga  znamo, ali o našem radu, izvan arhivske struke, šira javnost zna malo ili nimalo. Tek kada nas upoznate, shvatićete koliko znanja, upornosti, posvećenosti poslu i ljubavi prema naciji, istini, istoriji, dostignućima predaka i civilizacijskim vrednostima se krije iza naših uglavnom, skromnih priroda. Mi smo uistinu specijalisti, nenametljivi, pouzdani, sistematični, uredni, i preko granica izdržljivosti posvećeni ostvarenju misije arhiva.
Dužnost nas, arhivista, jeste da budemo dostojni čuvari izvornih dokumenata, da sačuvamo njihovu autentičnost i celovitost, da bismo mogli da ih u što očuvanijem obliku, predamo potomstvu. Mi se bavimo zaštitom jedinstvenih i neponovljivih tvorevina – originalnim spisima – koji su često neprocenjive kulturne, naučne, društvene i umetničke vrednosti. Zato arhivisti opisujući sadržaj dokumenata, često teško čitljive, istorijsko-kulturološke palimpseste, iako nemušte, omogućuju da progovore i kada ljudi koji su ih stvarali nisu u našem vremenu: njihove ideje, napori, borba i znanje ostaju kroz vreme.
Predlažemo da svako od nas preispita svoju savest i odgovornost pred svojom strukom i njenom budućnošću, jer ovo gde se mi sada nalazimo jeste jedna od najvažnijih linija fronta borbe za opstanak srpskog naroda, i to u prvom redu borbe za opstanak duhovnosti i morala, a zatim i borbe za fizički opstanak. Sigurni smo, da nas neće zavesti nedostojne strasti prolazne moći i značaja, jer nam to ne priliči, naši ciljevi su mnogo uzvišeniji.
U tom slučaju, nama koji smo svesni sadašnjeg trenutka, ostaje da strpljivo čekamo i da svu svoju kreativnu energiju s ljubavlju i radošću ulažemo u svoje dnevne poslove i tako damo doprinos arhivskoj struci i nacionalnoj kulturi, jer je ta energija jedina neuništiva.
Mi, arhivisti, stojimo na kapiji znanja, jer mi smo svojevrsna porodica koja svoj identitet zasniva na kulturi i znanju. Zato u arhivima traje gospodstvo i moć duhovnog.
Arhiv je visoka reč.
Vesna Bašić, arhivski savetnik u Arhivu Vojvodine
Zoran Stevanović, viši arhivist u Arhivu Vojvodine
Objava istoričara Srdjana Cvetkovića „U ime naroda ! – ZABRANA ZBOG KNjIGE O OZNI!” može se pročitati
ovde
.');
INSERT INTO image (generic_element_id, file_path) VALUES (15, '/uploads/vest_15_0.jpg');
INSERT INTO image (generic_element_id, file_path) VALUES (15, '/uploads/vest_15_1.jpg');
INSERT INTO generic_element (id, type, category_id) VALUES (14, 'Vesti', 1);
INSERT INTO text (source_id, source_table, field_name, lang, content) VALUES (14, 'generic_element', 'naslov', 'sr-Cyrl', '24. КАРАЂОРЂЕВАЧКА ПРЕЛА И СТО ГОДИНА БАНАТСКОГ КАРАЂОРЂЕВА');
INSERT INTO text (source_id, source_table, field_name, lang, content) VALUES (14, 'generic_element', 'naslov', 'sr', '24. KARADjORDjEVAČKA PRELA I STO GODINA BANATSKOG KARADjORDjEVA');
INSERT INTO text (source_id, source_table, field_name, lang, content) VALUES (14, 'generic_element', 'opis', 'sr-Cyrl', 'Традиционална манифестација Карађорђевачка
прела,
се одржавају
више од две деценије
.
Ове године
одржава
ју
се
по
24-ти пут упркос пандемији која је онемогућила прошлогодишње окупљање.
Пре званичног отварања манифестације у просторијама Месне заједнице, отворена је тематска изложба „100 година Банатског Карађорђева“ коју су приредили др Зоран Вељановић Музеј присаједињења 1918. и Ванда Војводић Мицова, Историјски архив Зрењанин.
Уместо оправдано одсутних аутора изложбу „100 година Банатског Карађорђева“  су отворили Мирјана Баста директор Историјског архива Зрењанина и Душан Гутеша историчар Државног архива Србије.
Како се чуло на овом скупу, ова манифестација се одржава са циљем очувања традиције и сећања на славну прошлост и храброст предака Солунских добровољаца који су основали ово место.
Ове године село Банатско Карађорђево слави и својеврсан јубилеј, сто година од свог оснивања. Као и сваке године организован је и богат културни програм који ће трајати до 27. јануара.
Ова манифестација је залог да сећање на осниваче села српске добровољце из српских земаља Лике, Босне, Црне Горе, Баната, Херцеговине, Далмације, Кордуна, Баније и Беле Крајине у Словенији.
Истом приликом представљена је и књига „Поменик ратним добровољцима у српској војсци“ коју је приредио Лазар Р. Косановић а о којој су говорили председница УГ „Карађорђевачка прела“ Весна Ћук и директор Зрењанинске гимназије Милан Радаковић.
На крају скупа представљена је у кратким цртама идеја изградње једне куће Музеја колонизације, који би био посвећен сећању на добровољце из Првог светског рата, јер је Банатско Карађорђево најстарије и највеће добровољачко село у Србији и самом тим предодређено да се баш овде подигне спомен кућа у којој би биле смештени прикупљени музејски артефакти из тог времена.
Након завршетка 24. Карађорђеваћких прела ова изложба је предвиђена да се постави у хол Основне школе „Никола Тесла“ у Карађорђеву где ће деца моћи континуирано да се упознају са ликом и делом својих славних предака.
Историјски архив Зрењанин');
INSERT INTO text (source_id, source_table, field_name, lang, content) VALUES (14, 'generic_element', 'opis', 'sr', 'Tradicionalna manifestacija Karadjordjevačka
prela,
se održavaju
više od dve decenije
.
Ove godine
održava
ju
se
po
24-ti put uprkos pandemiji koja je onemogućila prošlogodišnje okupljanje.
Pre zvaničnog otvaranja manifestacije u prostorijama Mesne zajednice, otvorena je tematska izložba „100 godina Banatskog Karadjordjeva“ koju su priredili dr Zoran Veljanović Muzej prisajedinjenja 1918. i Vanda Vojvodić Micova, Istorijski arhiv Zrenjanin.
Umesto opravdano odsutnih autora izložbu „100 godina Banatskog Karadjordjeva“  su otvorili Mirjana Basta direktor Istorijskog arhiva Zrenjanina i Dušan Guteša istoričar Državnog arhiva Srbije.
Kako se čulo na ovom skupu, ova manifestacija se održava sa ciljem očuvanja tradicije i sećanja na slavnu prošlost i hrabrost predaka Solunskih dobrovoljaca koji su osnovali ovo mesto.
Ove godine selo Banatsko Karadjordjevo slavi i svojevrsan jubilej, sto godina od svog osnivanja. Kao i svake godine organizovan je i bogat kulturni program koji će trajati do 27. januara.
Ova manifestacija je zalog da sećanje na osnivače sela srpske dobrovoljce iz srpskih zemalja Like, Bosne, Crne Gore, Banata, Hercegovine, Dalmacije, Korduna, Banije i Bele Krajine u Sloveniji.
Istom prilikom predstavljena je i knjiga „Pomenik ratnim dobrovoljcima u srpskoj vojsci“ koju je priredio Lazar R. Kosanović a o kojoj su govorili predsednica UG „Karadjordjevačka prela“ Vesna Ćuk i direktor Zrenjaninske gimnazije Milan Radaković.
Na kraju skupa predstavljena je u kratkim crtama ideja izgradnje jedne kuće Muzeja kolonizacije, koji bi bio posvećen sećanju na dobrovoljce iz Prvog svetskog rata, jer je Banatsko Karadjordjevo najstarije i najveće dobrovoljačko selo u Srbiji i samom tim predodredjeno da se baš ovde podigne spomen kuća u kojoj bi bile smešteni prikupljeni muzejski artefakti iz tog vremena.
Nakon završetka 24. Karadjordjevaćkih prela ova izložba je predvidjena da se postavi u hol Osnovne škole „Nikola Tesla“ u Karadjordjevu gde će deca moći kontinuirano da se upoznaju sa likom i delom svojih slavnih predaka.
Istorijski arhiv Zrenjanin');
INSERT INTO image (generic_element_id, file_path) VALUES (14, '/uploads/vest_14_0.jpg');
INSERT INTO image (generic_element_id, file_path) VALUES (14, '/uploads/vest_14_1.jpg');
INSERT INTO image (generic_element_id, file_path) VALUES (14, '/uploads/vest_14_2.jpg');
INSERT INTO image (generic_element_id, file_path) VALUES (14, '/uploads/vest_14_3.jpg');
INSERT INTO image (generic_element_id, file_path) VALUES (14, '/uploads/vest_14_4.jpg');
INSERT INTO image (generic_element_id, file_path) VALUES (14, '/uploads/vest_14_5.jpg');
INSERT INTO image (generic_element_id, file_path) VALUES (14, '/uploads/vest_14_6.jpg');
INSERT INTO image (generic_element_id, file_path) VALUES (14, '/uploads/vest_14_7.jpg');
INSERT INTO image (generic_element_id, file_path) VALUES (14, '/uploads/vest_14_8.jpg');
INSERT INTO image (generic_element_id, file_path) VALUES (14, '/uploads/vest_14_9.jpg');
INSERT INTO image (generic_element_id, file_path) VALUES (14, '/uploads/vest_14_10.jpg');
INSERT INTO image (generic_element_id, file_path) VALUES (14, '/uploads/vest_14_11.jpg');
INSERT INTO image (generic_element_id, file_path) VALUES (14, '/uploads/vest_14_12.jpg');
INSERT INTO generic_element (id, type, category_id) VALUES (13, 'Vesti', 1);
INSERT INTO text (source_id, source_table, field_name, lang, content) VALUES (13, 'generic_element', 'naslov', 'sr-Cyrl', 'ПРОМОЦИЈА КЊИГЕ О СРБИМА У БАНАТУ ПРЕ ВЕЛИКЕ СЕОБЕ ДР МИЛАНА МИЦИЋА И ДР ФЕРЕНЦА НЕМЕТА');
INSERT INTO text (source_id, source_table, field_name, lang, content) VALUES (13, 'generic_element', 'naslov', 'sr', 'PROMOCIJA KNjIGE O SRBIMA U BANATU PRE VELIKE SEOBE DR MILANA MICIĆA I DR FERENCA NEMETA');
INSERT INTO text (source_id, source_table, field_name, lang, content) VALUES (13, 'generic_element', 'opis', 'sr-Cyrl', 'Промоција књиге “Срби у Банату (1411-1594)” – два есејистичка погледа, аутора др Ференца Немета и др Милана Мицића, одржана ј
е 24. 01. 2023. године
у препуној Барокној сали Градске куће у Зрењанину.
Испред тима издавача скупу се обратила директор Историјског архива Зрењанин Мирјана Баста: „Поштовани председниче скупштине, поштовани начелниче округа, часни оци, поштовани представници локалне самоуправе, даме и господо. Хтела бих да вас поздравим испред издавачког тима који потписује издање књиге “Срби у Банату (1411-1594)” – два есејистичка погледа. Изабрали смо ове светосавске дане за представљање књиге из разлога што желимо да овим одамо почаст храбрим Банаћанима који су јуначки страдали у Првом српском устанку, устанку Банатских Срба који је, као што знате завршен спаљивањем мошти Светога Саве. Ми се сви заједно искрено надамо да ће неке нове генерације историчара бити подстакнуте овом темом, јер ову књигу доживљавам као отварање једне нове историјске теме, да ће се заинтересовати и потрудити да дубље истраже историју живота Срба у Банату, као и осталих народа који живе вековима са Србима у слози. Надамо се да ће та истраживања резултирати новим књигама.“
Испред тима издавача беседио је директор ГНБ „Жарко Зрењанин“ Милан Бјелогрлић:
„…Овај град као своје најзначајније историјско време поклапа са присуством Стефана Лазаревића у њему. Стефана Лазаревића, који није један у низу српских владара, него драгуљ наше историје. Тој владарској лози у нас нема конкуренције. Учен, љубитељ књиге, преводилаштва, песник, човек који је дететом постао онај који је требао да седи на српском престолу. Захваљујући мајци и чувеној Јефимији, био је учен, васпитаван, тако да се у историјским изазовима показао и као витез, спретан војсковођа и као учен човек. Он је сарађивао са водећим људима тадашње историјске позорнице, што би данас рекли са међународном заједницом. То је била идеја издавача, да осветлимо тај тренутак, тај период историје Срба у Банату. Позвали смо се на проверене ауторе, добили смо материјалну подршку од Министарства културе(…)
У присуству представника Средњобанатског округа, Града Зрењанина и гостију, о књизи су говорили аутори, рецензенти проф. др Снежана Божанић: „…Аутори сваки из своје перцепције проматрају исту појаву, исти процес и след догађаја и тек када се прочитају оба есеја може да се стекне комплетна слика, могу да се добију одговори на бројна питања и видимо да оба аутора нам дају једно нераскидиво ткиво. Оно што је једна од особина ове књиге јесте да је она читљива, да је поред тога што садржи мноштво података о историјским личностима, бави се и другим сегментима живота људи на овом простору. Како се заправо надопуњују на најбољи могући начин први и други део књиге. Покушаћу да вам илуструјем. Миграције су нешто што је одлика овог простора и овог времена. Професор Немет говори о осам великих сеоба Срба у Угарску од владавине Лајоша Великог до 1690. године и укључењу Срба у одбрану Угарских граница. Са друге стране, Милан Мицић полази од преломне 1371. године, од тог догађаја који је Турцима отворио врата Балкана. Он сагледава миграције кроз промену историјског бића Срба. Он говори о човеку који је био земљорадник и сточар а морао је да постане ратник(…) Сматрам да овом књигом култура сећања побеђује и да ће банатски устанак заузети важну позицију у низу важних историјских догађаја за наш народ(…)“
Инспиративан говор је одржао и рецензент издања др Золтан Чемере: „(…) Са великим задовољством сам прихватио позив на данашњу промоцију књиге, пошто се ради о делу мојих колега, дугогодишњих сарадника и пријатеља али и врсних познавалаца банатске историје, чија је вишегодишња сарадња и до сада изнедрила више запажених публикација. У својој најновијој књизи “Срби у Банату (1411-1594)”, историчари др Ференц Немет и др Милан Мицић одвели су нас у неке раније епохе, фокусирајући своја истраживања на мање познату историју Срба у временима пре велике Сеобе Срба, на раздобље које је некако остало у сенци овог великог историјског догађаја с краја 17. века. Поменуто раздобље омеђили су са две значајне године, 1411. Годину када је краљ Жигмунд увео у његове угарске поседе српског деспота Стефана Лазаревића, потврдивши на тај начин војно-политички савез који је настао у то доба, завршном годином узели су 1594. Годину, када је на овим нашим банатским просторима избио први масован оружани отпор против османлијске власти(…).“
Културно- уметнички део програма су обогатили својим наступом мајка и син, Мирјана Младеновић, вокал и Михаило Младеновић, гитара. Они су извели неколико песама: „Маријо ћеро море, Маријо“, „Суза Косова“, „ Пећка кандила“.
Књига је ауторски рад  др Ференца Немета који је овом приликом са присутнима поделио импресије:“(…)Српски народ се на овом простору јавио као моћан војни чинилац за одбрану јужних граница средњевековне Угарске. Српски и Мађарски народ се у том периоду, од почетка 15. До краја 16. века, раме уз раме нашао у заједничкој борби против продора Турака у средњу и западну Европу. Ова два народа су сагледавајући у ширек историјском контексту представљала предњу линију одбране хришћанске Европе. Њихова међусобна упућеност на чвршћу војну сарадњу била је веома изражена, исто као и њихов данас мало познат богат суживот, који се огледао не само у војном већ и у социјално-привредном контакту и родбинским везама. Тада долази до осам већих миграција Срба у Угарску, успона српских великаша и укључењу у угарску властелу, добијања краљевских привилегија и поседа, формирања српских насеља на територији Угарске и до стварања релативно чврстог савезништва два народа(…)“
Један од аутора ове књиге др Милан Мицић се такође обрати скупу бираним речима:(…) Колега Немет је у једном делу свог излагања изнео нешто што нисам знао. То је управо то што је секретар Вука Караџића, Сандић писао у сво сећању, где наводи како му је бака говорила стихове о деспоту Ђурађу Бранковићу и његовом боравку у овом граду, у његовим дворима. Значи, да ми можемо ових годинама обележити годишњицу дисциплине заборава. Можемо причати о томе колико смо тога заборавили, колико смо тога избрисали из памћења и колико тога треба вратити у памћење. Кад посежемо за историјским подацима и за историјом ми свакако причамо причу о себи, о нама данашњима, о нашем идентитету, нашем поимању себе, самопоштовању и виђењу себе у стварности. Ова књига је осветлила један мало познати период историје банатских Срба. Писана је зато што у Банату и међу војвођанским Србима постоји једно чврсто уверење, породично и колективно, да је све почело 1690. годином и да су тек тада Срби дошли на овај простор а то постоји уопште у српској јавности и свести. Док други народи покушавају да продуже своје историјско трајање ми свој одсецамо и тиме вршимо једну врсту колективног самоубиства(…)
Неколико бираних речи је упутио и испред друштва Баштинар Зоран Стојачић. Књига на прави начин истиче заједничку борбу и савезништво српског и мађарског народа у једној историјској епохи у којој су се оба народа нашла у средишту светско-историјског сукоба религија и цивилизација. Књигу можете набавити у Историјском архиву Зрењанин и ГНБ „Жарко Зрењанин“.
Историјски архив Зрењанин (Фото: Јован Његовић Дрндак)');
INSERT INTO text (source_id, source_table, field_name, lang, content) VALUES (13, 'generic_element', 'opis', 'sr', 'Promocija knjige “Srbi u Banatu (1411-1594)” – dva esejistička pogleda, autora dr Ferenca Nemeta i dr Milana Micića, održana j
e 24. 01. 2023. godine
u prepunoj Baroknoj sali Gradske kuće u Zrenjaninu.
Ispred tima izdavača skupu se obratila direktor Istorijskog arhiva Zrenjanin Mirjana Basta: „Poštovani predsedniče skupštine, poštovani načelniče okruga, časni oci, poštovani predstavnici lokalne samouprave, dame i gospodo. Htela bih da vas pozdravim ispred izdavačkog tima koji potpisuje izdanje knjige “Srbi u Banatu (1411-1594)” – dva esejistička pogleda. Izabrali smo ove svetosavske dane za predstavljanje knjige iz razloga što želimo da ovim odamo počast hrabrim Banaćanima koji su junački stradali u Prvom srpskom ustanku, ustanku Banatskih Srba koji je, kao što znate završen spaljivanjem mošti Svetoga Save. Mi se svi zajedno iskreno nadamo da će neke nove generacije istoričara biti podstaknute ovom temom, jer ovu knjigu doživljavam kao otvaranje jedne nove istorijske teme, da će se zainteresovati i potruditi da dublje istraže istoriju života Srba u Banatu, kao i ostalih naroda koji žive vekovima sa Srbima u slozi. Nadamo se da će ta istraživanja rezultirati novim knjigama.“
Ispred tima izdavača besedio je direktor GNB „Žarko Zrenjanin“ Milan Bjelogrlić:
„…Ovaj grad kao svoje najznačajnije istorijsko vreme poklapa sa prisustvom Stefana Lazarevića u njemu. Stefana Lazarevića, koji nije jedan u nizu srpskih vladara, nego dragulj naše istorije. Toj vladarskoj lozi u nas nema konkurencije. Učen, ljubitelj knjige, prevodilaštva, pesnik, čovek koji je detetom postao onaj koji je trebao da sedi na srpskom prestolu. Zahvaljujući majci i čuvenoj Jefimiji, bio je učen, vaspitavan, tako da se u istorijskim izazovima pokazao i kao vitez, spretan vojskovodja i kao učen čovek. On je saradjivao sa vodećim ljudima tadašnje istorijske pozornice, što bi danas rekli sa medjunarodnom zajednicom. To je bila ideja izdavača, da osvetlimo taj trenutak, taj period istorije Srba u Banatu. Pozvali smo se na proverene autore, dobili smo materijalnu podršku od Ministarstva kulture(…)
U prisustvu predstavnika Srednjobanatskog okruga, Grada Zrenjanina i gostiju, o knjizi su govorili autori, recenzenti prof. dr Snežana Božanić: „…Autori svaki iz svoje percepcije promatraju istu pojavu, isti proces i sled dogadjaja i tek kada se pročitaju oba eseja može da se stekne kompletna slika, mogu da se dobiju odgovori na brojna pitanja i vidimo da oba autora nam daju jedno neraskidivo tkivo. Ono što je jedna od osobina ove knjige jeste da je ona čitljiva, da je pored toga što sadrži mnoštvo podataka o istorijskim ličnostima, bavi se i drugim segmentima života ljudi na ovom prostoru. Kako se zapravo nadopunjuju na najbolji mogući način prvi i drugi deo knjige. Pokušaću da vam ilustrujem. Migracije su nešto što je odlika ovog prostora i ovog vremena. Profesor Nemet govori o osam velikih seoba Srba u Ugarsku od vladavine Lajoša Velikog do 1690. godine i uključenju Srba u odbranu Ugarskih granica. Sa druge strane, Milan Micić polazi od prelomne 1371. godine, od tog dogadjaja koji je Turcima otvorio vrata Balkana. On sagledava migracije kroz promenu istorijskog bića Srba. On govori o čoveku koji je bio zemljoradnik i stočar a morao je da postane ratnik(…) Smatram da ovom knjigom kultura sećanja pobedjuje i da će banatski ustanak zauzeti važnu poziciju u nizu važnih istorijskih dogadjaja za naš narod(…)“
Inspirativan govor je održao i recenzent izdanja dr Zoltan Čemere: „(…) Sa velikim zadovoljstvom sam prihvatio poziv na današnju promociju knjige, pošto se radi o delu mojih kolega, dugogodišnjih saradnika i prijatelja ali i vrsnih poznavalaca banatske istorije, čija je višegodišnja saradnja i do sada iznedrila više zapaženih publikacija. U svojoj najnovijoj knjizi “Srbi u Banatu (1411-1594)”, istoričari dr Ferenc Nemet i dr Milan Micić odveli su nas u neke ranije epohe, fokusirajući svoja istraživanja na manje poznatu istoriju Srba u vremenima pre velike Seobe Srba, na razdoblje koje je nekako ostalo u senci ovog velikog istorijskog dogadjaja s kraja 17. veka. Pomenuto razdoblje omedjili su sa dve značajne godine, 1411. Godinu kada je kralj Žigmund uveo u njegove ugarske posede srpskog despota Stefana Lazarevića, potvrdivši na taj način vojno-politički savez koji je nastao u to doba, završnom godinom uzeli su 1594. Godinu, kada je na ovim našim banatskim prostorima izbio prvi masovan oružani otpor protiv osmanlijske vlasti(…).“
Kulturno- umetnički deo programa su obogatili svojim nastupom majka i sin, Mirjana Mladenović, vokal i Mihailo Mladenović, gitara. Oni su izveli nekoliko pesama: „Marijo ćero more, Marijo“, „Suza Kosova“, „ Pećka kandila“.
Knjiga je autorski rad  dr Ferenca Nemeta koji je ovom prilikom sa prisutnima podelio impresije:“(…)Srpski narod se na ovom prostoru javio kao moćan vojni činilac za odbranu južnih granica srednjevekovne Ugarske. Srpski i Madjarski narod se u tom periodu, od početka 15. Do kraja 16. veka, rame uz rame našao u zajedničkoj borbi protiv prodora Turaka u srednju i zapadnu Evropu. Ova dva naroda su sagledavajući u širek istorijskom kontekstu predstavljala prednju liniju odbrane hrišćanske Evrope. Njihova medjusobna upućenost na čvršću vojnu saradnju bila je veoma izražena, isto kao i njihov danas malo poznat bogat suživot, koji se ogledao ne samo u vojnom već i u socijalno-privrednom kontaktu i rodbinskim vezama. Tada dolazi do osam većih migracija Srba u Ugarsku, uspona srpskih velikaša i uključenju u ugarsku vlastelu, dobijanja kraljevskih privilegija i poseda, formiranja srpskih naselja na teritoriji Ugarske i do stvaranja relativno čvrstog savezništva dva naroda(…)“
Jedan od autora ove knjige dr Milan Micić se takodje obrati skupu biranim rečima:(…) Kolega Nemet je u jednom delu svog izlaganja izneo nešto što nisam znao. To je upravo to što je sekretar Vuka Karadžića, Sandić pisao u svo sećanju, gde navodi kako mu je baka govorila stihove o despotu Djuradju Brankoviću i njegovom boravku u ovom gradu, u njegovim dvorima. Znači, da mi možemo ovih godinama obeležiti godišnjicu discipline zaborava. Možemo pričati o tome koliko smo toga zaboravili, koliko smo toga izbrisali iz pamćenja i koliko toga treba vratiti u pamćenje. Kad posežemo za istorijskim podacima i za istorijom mi svakako pričamo priču o sebi, o nama današnjima, o našem identitetu, našem poimanju sebe, samopoštovanju i vidjenju sebe u stvarnosti. Ova knjiga je osvetlila jedan malo poznati period istorije banatskih Srba. Pisana je zato što u Banatu i medju vojvodjanskim Srbima postoji jedno čvrsto uverenje, porodično i kolektivno, da je sve počelo 1690. godinom i da su tek tada Srbi došli na ovaj prostor a to postoji uopšte u srpskoj javnosti i svesti. Dok drugi narodi pokušavaju da produže svoje istorijsko trajanje mi svoj odsecamo i time vršimo jednu vrstu kolektivnog samoubistva(…)
Nekoliko biranih reči je uputio i ispred društva Baštinar Zoran Stojačić. Knjiga na pravi način ističe zajedničku borbu i savezništvo srpskog i madjarskog naroda u jednoj istorijskoj epohi u kojoj su se oba naroda našla u središtu svetsko-istorijskog sukoba religija i civilizacija. Knjigu možete nabaviti u Istorijskom arhivu Zrenjanin i GNB „Žarko Zrenjanin“.
Istorijski arhiv Zrenjanin (Foto: Jovan Njegović Drndak)');
INSERT INTO image (generic_element_id, file_path) VALUES (13, '/uploads/vest_13_0.jpg');
INSERT INTO image (generic_element_id, file_path) VALUES (13, '/uploads/vest_13_1.jpg');
INSERT INTO image (generic_element_id, file_path) VALUES (13, '/uploads/vest_13_2.jpg');
INSERT INTO image (generic_element_id, file_path) VALUES (13, '/uploads/vest_13_3.jpg');
INSERT INTO image (generic_element_id, file_path) VALUES (13, '/uploads/vest_13_4.jpg');
INSERT INTO image (generic_element_id, file_path) VALUES (13, '/uploads/vest_13_5.jpg');
INSERT INTO image (generic_element_id, file_path) VALUES (13, '/uploads/vest_13_6.jpg');
INSERT INTO image (generic_element_id, file_path) VALUES (13, '/uploads/vest_13_7.jpg');
INSERT INTO image (generic_element_id, file_path) VALUES (13, '/uploads/vest_13_8.jpg');
INSERT INTO image (generic_element_id, file_path) VALUES (13, '/uploads/vest_13_9.jpg');
INSERT INTO image (generic_element_id, file_path) VALUES (13, '/uploads/vest_13_10.jpg');
INSERT INTO image (generic_element_id, file_path) VALUES (13, '/uploads/vest_13_11.jpg');
INSERT INTO image (generic_element_id, file_path) VALUES (13, '/uploads/vest_13_12.jpg');
INSERT INTO image (generic_element_id, file_path) VALUES (13, '/uploads/vest_13_13.jpg');
INSERT INTO image (generic_element_id, file_path) VALUES (13, '/uploads/vest_13_14.jpg');
INSERT INTO image (generic_element_id, file_path) VALUES (13, '/uploads/vest_13_15.jpg');
INSERT INTO image (generic_element_id, file_path) VALUES (13, '/uploads/vest_13_16.jpg');
INSERT INTO generic_element (id, type, category_id) VALUES (12, 'Vesti', 1);
INSERT INTO text (source_id, source_table, field_name, lang, content) VALUES (12, 'generic_element', 'naslov', 'sr-Cyrl', 'БОЕМСКЕ НОЋИ У ЂУРИНОЈ ВАРОШИ И ИЗЛОЖБА ИСТОРИЈСКОГ АРХИВА ЗРЕЊАНИН');
INSERT INTO text (source_id, source_table, field_name, lang, content) VALUES (12, 'generic_element', 'naslov', 'sr', 'BOEMSKE NOĆI U DjURINOJ VAROŠI I IZLOŽBA ISTORIJSKOG ARHIVA ZRENjANIN');
INSERT INTO text (source_id, source_table, field_name, lang, content) VALUES (12, 'generic_element', 'opis', 'sr-Cyrl', 'У сарадњи Туристичке организације општине Нова Црња и Историјски архив Зрењанина организована је у изложбеном салону Ђурине куће у Српској Црњи изложба посвећена Црњи и Црњанима. На десетак паноа представљена је кратка историја овог банатског места које је старо преко пола миленијума а према сачуваним фотографијама и доступним архивалијама. Изложбу потписује тим архивских радника из Зрењанина на челу са архивским саветником Вандом Војводић Мицовом.
Званично отварање Осамнаестих Боемских ноћи уприличено је у вечерњим сатима. Програм је водио познати Цојле Манојловић заправо глумац
Срђан Ивановић
. Он је прочитао и неколико најпознатијих песама Ђуре Јакшића, међу којима је била чувена
„Отаџбина“
.
И овај камен земље Србије,
Што претећ сунцу дере кроз облак,
Суморног чела мрачним борама,
О вековечности прича далекој…
И само дотле, до тог камена,
До тог бедема –
Ногом ћеш ступит можда , поганом!
Дрзнеш ли даље? …
Чућеш громове
Како тишину земље слободне
Са грмљавином страшном кидају;
Разумећеш их срцем страшљивим
Шта ти са смелим гласом говоре,
Па ћеш о стења тврдом камену
Бријане главе теме ћелаво
У заносноме страху лупати!
Ал један израз, једну мисао,
Чућеш у борбе страшној ломљави:
“ Отаџбина је ово Србина!“
Тамбурашки оркестар
Шеве
из Српске Црње је лепим староградским и новокомпонованим песмама давао сталан и богат тон ове боемске вечери а програм се одвијао под будним оком
Драган Даничића
, заменика председника општине
Нова Црња
.
Директор ТО Нова Црња
Драган Толчин
је обраћајући се присутнима у кратким цртама ове вечери најавио планове ове организације у наредном периоду. Посебно је апострофирао амбициозне планове за отварање завичјног музеја у Српској Црњи.
Директор Историјског архива Зрењанин
Мирјана Баста
је овом приликом рекла – Велика ми је част да вас вечерас поздравим у овом предивном амбијенту. Част ми је да смо ми као установа добили прилику да организујемо овакву једну изложбу у овој јубиларној шесто педесетој години од оснивања насеља. Овде је сав архивски материјал који смо успели у овом кратком временском периоду да скупимо али се надам да ће мо у току године успети да прикупимо још доста тога како би направили једну лепу публикацију о Српској Црњи у сарадњи са мештанима и са Црњанима који нису више овде а поседују неку документацију која нам може у томе помоћи. Поздрављам вас и у име моје колегинице Ванде Војводић Мицове, која је оправдано одсутна и која је један од аутора изложбе. Ту је један од аутора Горан Живић. Њима се посебно захваљујем што су успели да у тако кратком року реализују ову изложбу. Вас све позивам да у току ове манифестације и после ње посетите ову озложбу, која ће овде у Ђурином музеју остати као стална поставка.
Изненађење вечери је био наступ вокалног солисте из Зрењанина
Мирјане Младеновић
која је у пратњи оркестра Шеве из Српске Црње интерпретирала у част великог сликара и песника композицију чувеног Милорада Петровића „Све док је твога благог ока“.
Након тога су присутни присутвовали глумачким бравурозама које маме и сузе и смех, чувеног српског глумца
Миленка Павлова
, који је одрастао у Српској Црњи, који Црњу и Црњане у душу познаје.
На овој манифестацији организатори , као добри домаћини,су припремили богат културно-уметнички програм, на кога су сви добродошли. Манифестација је иначе повезана са славом места
Свветог Великомученика Прокопијем
коме је посвећен храм у Српској Црњи.
Историјски архив Зрењанин');
INSERT INTO text (source_id, source_table, field_name, lang, content) VALUES (12, 'generic_element', 'opis', 'sr', 'U saradnji Turističke organizacije opštine Nova Crnja i Istorijski arhiv Zrenjanina organizovana je u izložbenom salonu Djurine kuće u Srpskoj Crnji izložba posvećena Crnji i Crnjanima. Na desetak panoa predstavljena je kratka istorija ovog banatskog mesta koje je staro preko pola milenijuma a prema sačuvanim fotografijama i dostupnim arhivalijama. Izložbu potpisuje tim arhivskih radnika iz Zrenjanina na čelu sa arhivskim savetnikom Vandom Vojvodić Micovom.
Zvanično otvaranje Osamnaestih Boemskih noći upriličeno je u večernjim satima. Program je vodio poznati Cojle Manojlović zapravo glumac
Srdjan Ivanović
. On je pročitao i nekoliko najpoznatijih pesama Djure Jakšića, medju kojima je bila čuvena
„Otadžbina“
.
I ovaj kamen zemlje Srbije,
Što preteć suncu dere kroz oblak,
Sumornog čela mračnim borama,
O vekovečnosti priča dalekoj…
I samo dotle, do tog kamena,
Do tog bedema –
Nogom ćeš stupit možda , poganom!
Drzneš li dalje? …
Čućeš gromove
Kako tišinu zemlje slobodne
Sa grmljavinom strašnom kidaju;
Razumećeš ih srcem strašljivim
Šta ti sa smelim glasom govore,
Pa ćeš o stenja tvrdom kamenu
Brijane glave teme ćelavo
U zanosnome strahu lupati!
Al jedan izraz, jednu misao,
Čućeš u borbe strašnoj lomljavi:
“ Otadžbina je ovo Srbina!“
Tamburaški orkestar
Ševe
iz Srpske Crnje je lepim starogradskim i novokomponovanim pesmama davao stalan i bogat ton ove boemske večeri a program se odvijao pod budnim okom
Dragan Daničića
, zamenika predsednika opštine
Nova Crnja
.
Direktor TO Nova Crnja
Dragan Tolčin
je obraćajući se prisutnima u kratkim crtama ove večeri najavio planove ove organizacije u narednom periodu. Posebno je apostrofirao ambiciozne planove za otvaranje zavičjnog muzeja u Srpskoj Crnji.
Direktor Istorijskog arhiva Zrenjanin
Mirjana Basta
je ovom prilikom rekla – Velika mi je čast da vas večeras pozdravim u ovom predivnom ambijentu. Čast mi je da smo mi kao ustanova dobili priliku da organizujemo ovakvu jednu izložbu u ovoj jubilarnoj šesto pedesetoj godini od osnivanja naselja. Ovde je sav arhivski materijal koji smo uspeli u ovom kratkom vremenskom periodu da skupimo ali se nadam da će mo u toku godine uspeti da prikupimo još dosta toga kako bi napravili jednu lepu publikaciju o Srpskoj Crnji u saradnji sa meštanima i sa Crnjanima koji nisu više ovde a poseduju neku dokumentaciju koja nam može u tome pomoći. Pozdravljam vas i u ime moje koleginice Vande Vojvodić Micove, koja je opravdano odsutna i koja je jedan od autora izložbe. Tu je jedan od autora Goran Živić. Njima se posebno zahvaljujem što su uspeli da u tako kratkom roku realizuju ovu izložbu. Vas sve pozivam da u toku ove manifestacije i posle nje posetite ovu ozložbu, koja će ovde u Djurinom muzeju ostati kao stalna postavka.
Iznenadjenje večeri je bio nastup vokalnog soliste iz Zrenjanina
Mirjane Mladenović
koja je u pratnji orkestra Ševe iz Srpske Crnje interpretirala u čast velikog slikara i pesnika kompoziciju čuvenog Milorada Petrovića „Sve dok je tvoga blagog oka“.
Nakon toga su prisutni prisutvovali glumačkim bravurozama koje mame i suze i smeh, čuvenog srpskog glumca
Milenka Pavlova
, koji je odrastao u Srpskoj Crnji, koji Crnju i Crnjane u dušu poznaje.
Na ovoj manifestaciji organizatori , kao dobri domaćini,su pripremili bogat kulturno-umetnički program, na koga su svi dobrodošli. Manifestacija je inače povezana sa slavom mesta
Svvetog Velikomučenika Prokopijem
kome je posvećen hram u Srpskoj Crnji.
Istorijski arhiv Zrenjanin');
INSERT INTO image (generic_element_id, file_path) VALUES (12, '/uploads/vest_12_0.jpg');
INSERT INTO image (generic_element_id, file_path) VALUES (12, '/uploads/vest_12_1.jpg');
INSERT INTO image (generic_element_id, file_path) VALUES (12, '/uploads/vest_12_2.jpg');
INSERT INTO image (generic_element_id, file_path) VALUES (12, '/uploads/vest_12_3.jpg');
INSERT INTO image (generic_element_id, file_path) VALUES (12, '/uploads/vest_12_4.jpg');
INSERT INTO image (generic_element_id, file_path) VALUES (12, '/uploads/vest_12_5.jpg');
INSERT INTO image (generic_element_id, file_path) VALUES (12, '/uploads/vest_12_6.jpg');
INSERT INTO image (generic_element_id, file_path) VALUES (12, '/uploads/vest_12_7.jpg');
INSERT INTO image (generic_element_id, file_path) VALUES (12, '/uploads/vest_12_8.jpg');
INSERT INTO generic_element (id, type, category_id) VALUES (11, 'Vesti', 1);
INSERT INTO text (source_id, source_table, field_name, lang, content) VALUES (11, 'generic_element', 'naslov', 'sr-Cyrl', 'РАДИОНИЦЕ ЗА УЧЕНИКЕ ОСНОВНИХ И СРЕДЊИХ ШКОЛА У ИСТОРИЈСКОМ АРХИВУ ЗРЕЊАНИНА');
INSERT INTO text (source_id, source_table, field_name, lang, content) VALUES (11, 'generic_element', 'naslov', 'sr', 'RADIONICE ZA UČENIKE OSNOVNIH I SREDNjIH ŠKOLA U ISTORIJSKOM ARHIVU ZRENjANINA');
INSERT INTO text (source_id, source_table, field_name, lang, content) VALUES (11, 'generic_element', 'opis', 'sr-Cyrl', 'Историјски архив Зрењанин током септембра и октобра месеца организује радионице за ученике основних и средњих школа. Ове радионице ће бити уприличене у просторијама Изложбеног салона Историјског архива Зрењанин у улици Славка Жупанског бр. 5.
Наставницима у ученицима се нуди пет тема за извођење радионице:
1. Упознавање са радом Архива
2. Прошлост документована фотографијама
3. Повеље и дипломе
4. Штампа
5. Породично стабло
Ученицима ће своја стручна знања из области архивистике и са њом сродних дисциплина пренети архивисти
Оливера Митровић
,
Аранка Балинт
,
Ибоја Тошков
и
Светлана Ђукић
.
Наставници и учитељи у договору са ученицима бирају тему и време одржавања радионице, а у складу са својим интересовањима и могућностима.
Наставници се могу јавити на телефон
023/564-322
или ма мејл:
arhivzrenjanin@gmail.com
Пројекат је реализован уз суфинансирање Министарства културе Републике Србије. Упознајте се са архивалијама које чува Историјски архив Зрењанин.
Виши архивист Горан Живић и архивист Саша Младеновић');
INSERT INTO text (source_id, source_table, field_name, lang, content) VALUES (11, 'generic_element', 'opis', 'sr', 'Istorijski arhiv Zrenjanin tokom septembra i oktobra meseca organizuje radionice za učenike osnovnih i srednjih škola. Ove radionice će biti upriličene u prostorijama Izložbenog salona Istorijskog arhiva Zrenjanin u ulici Slavka Županskog br. 5.
Nastavnicima u učenicima se nudi pet tema za izvodjenje radionice:
1. Upoznavanje sa radom Arhiva
2. Prošlost dokumentovana fotografijama
3. Povelje i diplome
4. Štampa
5. Porodično stablo
Učenicima će svoja stručna znanja iz oblasti arhivistike i sa njom srodnih disciplina preneti arhivisti
Olivera Mitrović
,
Aranka Balint
,
Iboja Toškov
i
Svetlana Djukić
.
Nastavnici i učitelji u dogovoru sa učenicima biraju temu i vreme održavanja radionice, a u skladu sa svojim interesovanjima i mogućnostima.
Nastavnici se mogu javiti na telefon
023/564-322
ili ma mejl:
arhivzrenjanin@gmail.com
Projekat je realizovan uz sufinansiranje Ministarstva kulture Republike Srbije. Upoznajte se sa arhivalijama koje čuva Istorijski arhiv Zrenjanin.
Viši arhivist Goran Živić i arhivist Saša Mladenović');
INSERT INTO image (generic_element_id, file_path) VALUES (11, '/uploads/vest_11_0.jpg');
INSERT INTO image (generic_element_id, file_path) VALUES (11, '/uploads/vest_11_1.jpg');
INSERT INTO image (generic_element_id, file_path) VALUES (11, '/uploads/vest_11_2.jpg');
INSERT INTO generic_element (id, type, category_id) VALUES (10, 'Vesti', 1);
INSERT INTO text (source_id, source_table, field_name, lang, content) VALUES (10, 'generic_element', 'naslov', 'sr-Cyrl', 'ВЕЧЕ РОДОЉУБИВЕ ПОЕЗИЈЕ НЕВЕНА МИЛАКОВИЋА И ДАНИЛА ВАСОЈЕВИЋА');
INSERT INTO text (source_id, source_table, field_name, lang, content) VALUES (10, 'generic_element', 'naslov', 'sr', 'VEČE RODOLjUBIVE POEZIJE NEVENA MILAKOVIĆA I DANILA VASOJEVIĆA');
INSERT INTO text (source_id, source_table, field_name, lang, content) VALUES (10, 'generic_element', 'opis', 'sr-Cyrl', 'У свечаном салону Историјског архива Зрењанин, организовано је вече поезије на коме је многобројна публика имала част да чује истакнутог српског ствараоца из Црне Горе, Невена Милаковића, аутора збирке поезије “Вила са Кошара”. Своју поезију, ове вечери, је говорио и млади песник пореклом из Сјенице Данило Васојевић, брат од стрица јунака са Кошара водника Ивана Васојевића Јагуара.
Веће је отворио један од најпознатијих културних делатника у граду на Бегеју Милан Бјелогрлић Бели, бираним речима:
„Нисмо ми тек тако, на самом почетку, изабрали Мирјану и Михаила да нас овде забаве ни да нас уведу у ову поетску тему већ да нас овом Косовском песмом окрепе и придигну… У овој великој данашњој драми цивилизација, ми као српски народ, морали би имати свој национални програм. Не мора то да буде прихваћено апсолутно од свих и не може јер Срби су такви, али ти основни коридори друштвеног живота, морали би да буду организовани тако, у том току велике свести историјске улоге. Очигледно је да смо ми као заблудели прошли кроз више од пола века наше историје. Држали смо се оног наратива да су ратови страшна ствар иза нас, да су то ратови људи који нису свесни зла и злочинаца. Мислили смо да ратова више никад неће бити, да је то увек био историјски инцидент, то је историја свакодневнице…“
“Вила са Кошара” је збирка родољубивих и патриотских песама, од којих је свакако најпознатија истоимена песма, захваљујући којој је песник и одликован високим одликовањем Министарства одбране Србије.
Нема Космет ко да брани,
трулије су њине кости,
дижите се опевани,
а њима нек` Бог опрости.
Они мртви светом ходе,
А нису ни били живи,
`ајде браћо, устај роде,
Јуриш соколови сиви!
﻿
Одломак из песме „Вила са Кошара“
“Вила” је широм српског света популаризована у интерпретацији Данице Црногорчевић, уз покровитељство Министарства одбране Србије.
За Васојевићеву поезију коју је изговарао у маниру самог великог Његоша, ове вечери је подесно било рећи стихове из спева Луча Микрокозма:
Дивни пјевче српске народности, бич си судбе веће испитао…
Питају ме,  а одговор знају
Кад сам рођен
Видовдан
Је мој рођендан
И то онај
1389.
Обилићев ја сам син
…
Одломак из песме „Датум рођења“
Најбољу рецензију Васојевићеве поезије дао је Матија Бећковић, подржавши рад младог песника, који је по професији доктор оралне хирургије. Васојевић живи и ради у Београду а ради у породичном стоматолошком центру „Дентал центар Васојевић“. Ове вечери Васојевић је казивао и своју песму
„Анђели са Кошара“
:
И да знате, браћо, због свих палих Вас
Зато има данас нас
У рају сте ја верујем
Храброшћу сте се успели ка вечношћу
Безграничан ја вам желим лет
И НЕКА ЈЕ ВЕЧНА СЛАВА
АНЂЕЛИМА СА КОШАРА
У поговору за збирку „Кошмари Кошара“ Васојевић говори о мотивацији за писање ове збирке: „Наређујем овима песмама да ове поменуте (и оне неправедно непоменуте) јунаке и хероје не прекријете велом тајне, већ да о њима наглас причате“. Заиста ове вечери Васојевић је грмео у спомен свог брата Ивана и свих палих јунака са Кошара.
Историчар Игор Мицов, који је био и моредаратор ове вечери, је подсетио на историјску епизоду ослобађања Косова и на велике српске песнике који су досањали тај дан:
„Чекао се толико, повратак на Косово, српске државе, Срби су тамо одувек били, неки душом а неки телом. Пролазиле су године деценије векови, у међувремену је ојачала српска држава али Косово још није било ослобођено. Тадашња наша држава Краљевина Србија под вођством краља Петра Карађорђевића у конзулат у Приштини слала је најбоље људе. Поменућу последња три конзула и сви су били песници, Војислав Илић, Бранислав Нушић и Милан Ракић. Пред смрт умире Војислав Илић и каже пријатељу Нушићу, нисам успео да саставим сплет песама о Косву а умрећу. Нушић се разболео и нешто слично рекао Ракићу. Милан Ракић је био из имућне породице, школовао се у иностранству али се вратио у Србију и отишао на Косово да помогне напаћеном српском народу. Испевао је многе песме али је посебно познат по једној, за мене најлепшој „На Газиместану“…
Публика је имала прилике да чује и стихове из најновије збирке песама “Радост покајања”. Милачићева духовна поезија сваког српског родољуба гађа право у срце.
Несташе у том трену и жртве и џелати,
неста и мрака и свјетла и зла што добру прети,
о каква ми радост Душу испуни када схватих,
сву ју је прожео овај прекрасни дечак Свети.
И ништа више децо не може да ме спречи
сваком ће искушењу Душа да одоли,
само да Господ једно никада не дозволи,
да никад не пресахну ове Свете детиње речи:
„НЕ БРИНИ МАМИЦЕ МИЛА, НИШТА МЕ НЕ БОЛИ.,,
Одломак из песме
A
нђео
Многобројна публика уживала је у музичким интерпретацијама Невенове и новије српске родољубиве поезије у извођењу вокалног солисте Мирјане и Михаила Младеновића на гитари.
Невен је рођен 1963.године у данашњој Подгорици, а од 2000.године живи и ствара у Бару. Свој надимак Ликота “дугује” пореклу свог оца из Лике. Мајка му је из јуначког српског племена Кучи из Црне Горе. Невен за себе каже да је Србин и ништа осим тога. ЈНА је служио управо у Зрењанину и није пропустио, да ове вечери, изговори стихове, које је написао као војник, пре много година.
Поетско вече је било посвећено блаженопочившем владици Амфилохију (Радовићу) и завршено је изворном косовском песмом „Јечам жњела Косовка девојка“и стихом: КАД СЕ ВОЈСКА НА КОСОВО ВРАТИ!
Историјски архив Зрењанин');
INSERT INTO text (source_id, source_table, field_name, lang, content) VALUES (10, 'generic_element', 'opis', 'sr', 'U svečanom salonu Istorijskog arhiva Zrenjanin, organizovano je veče poezije na kome je mnogobrojna publika imala čast da čuje istaknutog srpskog stvaraoca iz Crne Gore, Nevena Milakovića, autora zbirke poezije “Vila sa Košara”. Svoju poeziju, ove večeri, je govorio i mladi pesnik poreklom iz Sjenice Danilo Vasojević, brat od strica junaka sa Košara vodnika Ivana Vasojevića Jaguara.
Veće je otvorio jedan od najpoznatijih kulturnih delatnika u gradu na Begeju Milan Bjelogrlić Beli, biranim rečima:
„Nismo mi tek tako, na samom početku, izabrali Mirjanu i Mihaila da nas ovde zabave ni da nas uvedu u ovu poetsku temu već da nas ovom Kosovskom pesmom okrepe i pridignu… U ovoj velikoj današnjoj drami civilizacija, mi kao srpski narod, morali bi imati svoj nacionalni program. Ne mora to da bude prihvaćeno apsolutno od svih i ne može jer Srbi su takvi, ali ti osnovni koridori društvenog života, morali bi da budu organizovani tako, u tom toku velike svesti istorijske uloge. Očigledno je da smo mi kao zabludeli prošli kroz više od pola veka naše istorije. Držali smo se onog narativa da su ratovi strašna stvar iza nas, da su to ratovi ljudi koji nisu svesni zla i zločinaca. Mislili smo da ratova više nikad neće biti, da je to uvek bio istorijski incident, to je istorija svakodnevnice…“
“Vila sa Košara” je zbirka rodoljubivih i patriotskih pesama, od kojih je svakako najpoznatija istoimena pesma, zahvaljujući kojoj je pesnik i odlikovan visokim odlikovanjem Ministarstva odbrane Srbije.
Nema Kosmet ko da brani,
trulije su njine kosti,
dižite se opevani,
a njima nek` Bog oprosti.
Oni mrtvi svetom hode,
A nisu ni bili živi,
`ajde braćo, ustaj rode,
Juriš sokolovi sivi!
﻿
Odlomak iz pesme „Vila sa Košara“
“Vila” je širom srpskog sveta popularizovana u interpretaciji Danice Crnogorčević, uz pokroviteljstvo Ministarstva odbrane Srbije.
Za Vasojevićevu poeziju koju je izgovarao u maniru samog velikog Njegoša, ove večeri je podesno bilo reći stihove iz speva Luča Mikrokozma:
Divni pjevče srpske narodnosti, bič si sudbe veće ispitao…
Pitaju me,  a odgovor znaju
Kad sam rodjen
Vidovdan
Je moj rodjendan
I to onaj
1389.
Obilićev ja sam sin
…
Odlomak iz pesme „Datum rodjenja“
Najbolju recenziju Vasojevićeve poezije dao je Matija Bećković, podržavši rad mladog pesnika, koji je po profesiji doktor oralne hirurgije. Vasojević živi i radi u Beogradu a radi u porodičnom stomatološkom centru „Dental centar Vasojević“. Ove večeri Vasojević je kazivao i svoju pesmu
„Andjeli sa Košara“
:
I da znate, braćo, zbog svih palih Vas
Zato ima danas nas
U raju ste ja verujem
Hrabrošću ste se uspeli ka večnošću
Bezgraničan ja vam želim let
I NEKA JE VEČNA SLAVA
ANDjELIMA SA KOŠARA
U pogovoru za zbirku „Košmari Košara“ Vasojević govori o motivaciji za pisanje ove zbirke: „Naredjujem ovima pesmama da ove pomenute (i one nepravedno nepomenute) junake i heroje ne prekrijete velom tajne, već da o njima naglas pričate“. Zaista ove večeri Vasojević je grmeo u spomen svog brata Ivana i svih palih junaka sa Košara.
Istoričar Igor Micov, koji je bio i moredarator ove večeri, je podsetio na istorijsku epizodu oslobadjanja Kosova i na velike srpske pesnike koji su dosanjali taj dan:
„Čekao se toliko, povratak na Kosovo, srpske države, Srbi su tamo oduvek bili, neki dušom a neki telom. Prolazile su godine decenije vekovi, u medjuvremenu je ojačala srpska država ali Kosovo još nije bilo oslobodjeno. Tadašnja naša država Kraljevina Srbija pod vodjstvom kralja Petra Karadjordjevića u konzulat u Prištini slala je najbolje ljude. Pomenuću poslednja tri konzula i svi su bili pesnici, Vojislav Ilić, Branislav Nušić i Milan Rakić. Pred smrt umire Vojislav Ilić i kaže prijatelju Nušiću, nisam uspeo da sastavim splet pesama o Kosvu a umreću. Nušić se razboleo i nešto slično rekao Rakiću. Milan Rakić je bio iz imućne porodice, školovao se u inostranstvu ali se vratio u Srbiju i otišao na Kosovo da pomogne napaćenom srpskom narodu. Ispevao je mnoge pesme ali je posebno poznat po jednoj, za mene najlepšoj „Na Gazimestanu“…
Publika je imala prilike da čuje i stihove iz najnovije zbirke pesama “Radost pokajanja”. Milačićeva duhovna poezija svakog srpskog rodoljuba gadja pravo u srce.
Nestaše u tom trenu i žrtve i dželati,
nesta i mraka i svjetla i zla što dobru preti,
o kakva mi radost Dušu ispuni kada shvatih,
svu ju je prožeo ovaj prekrasni dečak Sveti.
I ništa više deco ne može da me spreči
svakom će iskušenju Duša da odoli,
samo da Gospod jedno nikada ne dozvoli,
da nikad ne presahnu ove Svete detinje reči:
„NE BRINI MAMICE MILA, NIŠTA ME NE BOLI.,,
Odlomak iz pesme
A
ndjeo
Mnogobrojna publika uživala je u muzičkim interpretacijama Nevenove i novije srpske rodoljubive poezije u izvodjenju vokalnog soliste Mirjane i Mihaila Mladenovića na gitari.
Neven je rodjen 1963.godine u današnjoj Podgorici, a od 2000.godine živi i stvara u Baru. Svoj nadimak Likota “duguje” poreklu svog oca iz Like. Majka mu je iz junačkog srpskog plemena Kuči iz Crne Gore. Neven za sebe kaže da je Srbin i ništa osim toga. JNA je služio upravo u Zrenjaninu i nije propustio, da ove večeri, izgovori stihove, koje je napisao kao vojnik, pre mnogo godina.
Poetsko veče je bilo posvećeno blaženopočivšem vladici Amfilohiju (Radoviću) i završeno je izvornom kosovskom pesmom „Ječam žnjela Kosovka devojka“i stihom: KAD SE VOJSKA NA KOSOVO VRATI!
Istorijski arhiv Zrenjanin');
INSERT INTO image (generic_element_id, file_path) VALUES (10, '/uploads/vest_10_0.jpg');
INSERT INTO image (generic_element_id, file_path) VALUES (10, '/uploads/vest_10_1.jpg');
INSERT INTO image (generic_element_id, file_path) VALUES (10, '/uploads/vest_10_2.jpg');
INSERT INTO image (generic_element_id, file_path) VALUES (10, '/uploads/vest_10_3.jpg');
INSERT INTO image (generic_element_id, file_path) VALUES (10, '/uploads/vest_10_4.jpg');
INSERT INTO image (generic_element_id, file_path) VALUES (10, '/uploads/vest_10_5.jpg');
INSERT INTO image (generic_element_id, file_path) VALUES (10, '/uploads/vest_10_6.jpg');
INSERT INTO image (generic_element_id, file_path) VALUES (10, '/uploads/vest_10_7.jpg');
INSERT INTO image (generic_element_id, file_path) VALUES (10, '/uploads/vest_10_8.jpg');
INSERT INTO generic_element (id, type, category_id) VALUES (9, 'Vesti', 1);
INSERT INTO text (source_id, source_table, field_name, lang, content) VALUES (9, 'generic_element', 'naslov', 'sr-Cyrl', 'ПРОМОЦИЈА КЊИГЕ ЗНАМЕНИТЕ ЛИЧНОСТИ ВЕЛИКОГ БЕЧКЕРЕКА ИЗ ДОБА ОСЛОБОЂЕЊА И УЈЕДИЊЕЊА 1918.');
INSERT INTO text (source_id, source_table, field_name, lang, content) VALUES (9, 'generic_element', 'naslov', 'sr', 'PROMOCIJA KNjIGE ZNAMENITE LIČNOSTI VELIKOG BEČKEREKA IZ DOBA OSLOBODjENjA I UJEDINjENjA 1918.');
INSERT INTO text (source_id, source_table, field_name, lang, content) VALUES (9, 'generic_element', 'opis', 'sr-Cyrl', 'Поводом обележавања 105. година од ослобођења Великог Бечкерека, Петровграда и Зрењанина у Првом светском рату у Барокној сали Скупштине града Зрењанина, пред великим бројем присутних званица, представљено је ново вредно дело архивског саветника и историчара Ванде Војводић Мицове и историчара Зорана Вељановића под називом „Знамените личности Великог Бечкерека из доба ослобођења и уједињења 1918.“
Промоцији је присуствовао велики број истакнутих личности града и округа, међу којима и
Радош Пејовић
, помоћник покрајинског секретара за социјалну политику, демографију и равноправност полова, задужен за Сектор за бригу о породици и начелник Средњобанатског управног округа
Предраг Рађеновић
као и директор Историјског архива Зрењанин
Мирјана Баста
.
Запажену уводну беседу изговорио је в.д. директора ГНБ „Жарко Зрењанин“
Миле Кулачић
.
„…Био је то крај  једног тешког, изузетно крвавог и страшног рата, Великог, како су га тада звали. Четири године раније, Аустроугарска империја је напала и првенствено уз помоћ свог снажног савезника немачке империје,  готово довела до потпуног уништења Србију и њено становништво. Четири године потом српска војска је прешла Саву и Дунав и залазила је све дубље у крајеве, где је живео њен, српски народ а који су до јуче припадали ратном непријатељу, великој  империји. Живели су ту, осим Срба, пре свега и Мађари, као и Немци, као народи на којима се темељила двојна монархија. Нити дан оснивања Првог српског одбора 31. Х и преузимање града, нити улазак српске војске 17. XI 1918. у Велики Бечкерек, нису били тада умрљани  проливањем крви. Историја је ћудљива, пуна тешких времена и догађаја, али и даље уме да изненади и задиви.
Цео век касније, Србија има у Мађарској пријатеља,  као ретко ког у овом суровом свету мрачних политичких притисака и уцена и као што рече један од мађарских првака у нашој земљи, од 1945. на овамо, помирење Мађара и Срба је једино институционално и државно помирење у целој Европи (осим Француске и Немачке). У том смислу , важно је подсетити на поруку председника Мађарске упућене нашим народима:
„Само национално свесни Срби и национално свесни Мађари могу побољшати међусобне односе , а не лажни интернационалисти који проблеме гурају под тепих“
, а могли би смо додати и који их најчешће и производе. Мало знамо једни о другима, о заједничким узвишеним тренуцима , личностима и догађајима , којих је много више него што се претпоставља; али оно још горе, ми мало знамо о себи самима…“
Један од приређивача ове вредне историјске читанке је
Зоран Вељановић
, историчар, помоћник директора Музеја присаједињења, рођени Зрењанинац, који живи и ствара на релацији Нови Сад – Суботица, је надахнуто овим поводом беседио:
„…Део наше историје, до скоро, пар деценија у назад је више био преточен у фантазмагорију крлежијанско-брозовске историографије, која је на све личила само не на српску историју и оду почасти српским јунацима из Великог рата. Јунаци су били гурнути под тепих, баш као и ових тридесет и три личности које смо по нашем избору колегиница и ја обрадили у овој књизи. Хтели смо зато да вратимо дуг нашем завичају, где смо рођени и где смо се школовали али и нашим суграђанима да на основу методологије научно-истраживачког рада испричамо историјски утемељену причу о 1918. и њеним јунацима. Историја без личности не постоји, личности стварају историју а ове 33 личности које смо ми одбарали по нашем избору, има их далеко више, уткали су се у то 1918. са именом и презименом у историју. Има на жалост и оних безимених који су страдали по казаматима.
Врло добар шлагворт ми је дао претходни говорник Кулачић, а о томе се није дуго говорило. Ово не само да је био најзначајнији датум ослобођења него и начин на који се тај догађај одиграо. Ми сви баштинимо слободу и заједнички живот са нашим истоплеменицима Србима са обе стране Дунава и Саве, а да овог догађаја није било, ни мировна конференција у Паризу, не би тако скројила границе, како их је скројила. Врло је битно рећи да је почетак Великог рата у Аустроугарској био такав да је почео прогоном сопственог становништва, Србима пре свега. Већина јавних личности, без обзира на професију, да ли је био честит ратар или свештеник, честит адвокат или лекар, честит учитељ, доживела су масовна хапшења, доживео је прогон и монтирани процес и на крају интернацију у бројне логоре по територију Аустроугарске. Ту је било не само људи него и жена. Процентуално гледано Средњи Банат је ту прошао, ако може тако да се каже нешто блаже у односу на Јужни Банат. У штампи ми је књига „Панчево, српска Спарта у ослобођењу 1918.“ Немачки генерал, командант тог дела границе према Србији је наредио да се сви мушкарци старији од 14. година похапсе и интернирају ван Панчева. Можете замислити шта је то, етничко чишћење. Значи комплетно сву мушку популацију су интернирали. Становништво српско Великог Бечкерека, дакле, није сво тако прошло али, ови који су похапшени, током вожње сточним вагонима, где год би стали локално становништво би их организовано дочекивало, по дојави власти и гађало их каменицама, пљували су их, тукли, иживљавали се. Такоође и њихове породице, овде су доживљавале тешко малтретирање и шиканирање…“
О својој новој књизи архивски саветник и историчар
Ванда Војводић Мицова
је на овај свечани датум рекла:
„…Када смо попуњавали образац за доделу средстава за објављивање ове књиге, постоје две рубрике које су битне. То је рубрика циљ нашег пројекта и циљна група. Циљна група сте сви ви који се налазите у овој сали. То су ђаци, ту су моје колеге историчари, то сте сви ви који волите историју и које интересију наша историја. Наш циљ је да у спомоћ ове књиге створите слику о томе како је српски народ живео у том периоду, како се одвијала његова борба за основна људска права, како су ти људи били третирани у интернацији по логорима, какв су третман имали у њој. Посебно да створите слику колика је била жеља за присаједињењем са матицом Србијом и колику су цену појединци платили у тој борби.
Ми смо одабрали тридесет и три личности али нису све оне везане за Српски народни одбор. Имамо и Тодора Манојловића, књижевника и позоришног критичара који није учествовао директно у борби за ослобођење и присаједињење у Великом Бечкереку. Он је био на Крфу 1916. радио као преводилац за италијански и српски језик, касније је радио у „Српским новинама“ и „Забавнику“. За њега се често у литератури каже да се он борио не пушком него пером. Имамо такоође и Станислава Обремског, који је био пореклом Пољак, био је панслависта и он се борио за српску ствар са својом супругом Албином. Чим је кренуо рат 1914. Та породица са двоје деце је ухапшена и интернирана у мађарски логор. Албина је била у другом стању, тамо у логору се породила и та мала беба је своје прве године живота провела у логору.
Морамо истаћи да су ове личности које смо обрадили биле изузетно активне у друштвено-политичком, привредном и културном животу нашег града. Оне су касније имале и друге активности у каснијим организацијама „Јадранска стража“, „ Скаути“, „Соколско друштво“, „Црвени крст“ итд. Ове личности су биле различитог степена образовања, различитих професија. Имате међу њима свештеника, доктора правних наука, учитеља, трговаца, занатлија, ратара. Неки људи нису ни рођени у нашем граду већ у Вршцу, Новом Саду, околним селима, Орловату. Све те разлике међу њима они су ставили са стране, зарад једног циља да остваре ослобођење и присаједињење матици Србији…“
Музички део промоције је био уприличен између беседа говорника.
Мирјана Младеновић
(вокал) и
Михаило Младеновић
(гитара, вокал) су на тренутак, интерпретацијом родољубивих песмама: „Тамо далеко“, „Креће се лађа Француска“ и „Ово је Србија“, пренели емоцијом присутне у славне дане из 1918. године…“
Историјски архив Зрењанин');
INSERT INTO text (source_id, source_table, field_name, lang, content) VALUES (9, 'generic_element', 'opis', 'sr', 'Povodom obeležavanja 105. godina od oslobodjenja Velikog Bečkereka, Petrovgrada i Zrenjanina u Prvom svetskom ratu u Baroknoj sali Skupštine grada Zrenjanina, pred velikim brojem prisutnih zvanica, predstavljeno je novo vredno delo arhivskog savetnika i istoričara Vande Vojvodić Micove i istoričara Zorana Veljanovića pod nazivom „Znamenite ličnosti Velikog Bečkereka iz doba oslobodjenja i ujedinjenja 1918.“
Promociji je prisustvovao veliki broj istaknutih ličnosti grada i okruga, medju kojima i
Radoš Pejović
, pomoćnik pokrajinskog sekretara za socijalnu politiku, demografiju i ravnopravnost polova, zadužen za Sektor za brigu o porodici i načelnik Srednjobanatskog upravnog okruga
Predrag Radjenović
kao i direktor Istorijskog arhiva Zrenjanin
Mirjana Basta
.
Zapaženu uvodnu besedu izgovorio je v.d. direktora GNB „Žarko Zrenjanin“
Mile Kulačić
.
„…Bio je to kraj  jednog teškog, izuzetno krvavog i strašnog rata, Velikog, kako su ga tada zvali. Četiri godine ranije, Austrougarska imperija je napala i prvenstveno uz pomoć svog snažnog saveznika nemačke imperije,  gotovo dovela do potpunog uništenja Srbiju i njeno stanovništvo. Četiri godine potom srpska vojska je prešla Savu i Dunav i zalazila je sve dublje u krajeve, gde je živeo njen, srpski narod a koji su do juče pripadali ratnom neprijatelju, velikoj  imperiji. Živeli su tu, osim Srba, pre svega i Madjari, kao i Nemci, kao narodi na kojima se temeljila dvojna monarhija. Niti dan osnivanja Prvog srpskog odbora 31. H i preuzimanje grada, niti ulazak srpske vojske 17. XI 1918. u Veliki Bečkerek, nisu bili tada umrljani  prolivanjem krvi. Istorija je ćudljiva, puna teških vremena i dogadjaja, ali i dalje ume da iznenadi i zadivi.
Ceo vek kasnije, Srbija ima u Madjarskoj prijatelja,  kao retko kog u ovom surovom svetu mračnih političkih pritisaka i ucena i kao što reče jedan od madjarskih prvaka u našoj zemlji, od 1945. na ovamo, pomirenje Madjara i Srba je jedino institucionalno i državno pomirenje u celoj Evropi (osim Francuske i Nemačke). U tom smislu , važno je podsetiti na poruku predsednika Madjarske upućene našim narodima:
„Samo nacionalno svesni Srbi i nacionalno svesni Madjari mogu poboljšati medjusobne odnose , a ne lažni internacionalisti koji probleme guraju pod tepih“
, a mogli bi smo dodati i koji ih najčešće i proizvode. Malo znamo jedni o drugima, o zajedničkim uzvišenim trenucima , ličnostima i dogadjajima , kojih je mnogo više nego što se pretpostavlja; ali ono još gore, mi malo znamo o sebi samima…“
Jedan od priredjivača ove vredne istorijske čitanke je
Zoran Veljanović
, istoričar, pomoćnik direktora Muzeja prisajedinjenja, rodjeni Zrenjaninac, koji živi i stvara na relaciji Novi Sad – Subotica, je nadahnuto ovim povodom besedio:
„…Deo naše istorije, do skoro, par decenija u nazad je više bio pretočen u fantazmagoriju krležijansko-brozovske istoriografije, koja je na sve ličila samo ne na srpsku istoriju i odu počasti srpskim junacima iz Velikog rata. Junaci su bili gurnuti pod tepih, baš kao i ovih trideset i tri ličnosti koje smo po našem izboru koleginica i ja obradili u ovoj knjizi. Hteli smo zato da vratimo dug našem zavičaju, gde smo rodjeni i gde smo se školovali ali i našim sugradjanima da na osnovu metodologije naučno-istraživačkog rada ispričamo istorijski utemeljenu priču o 1918. i njenim junacima. Istorija bez ličnosti ne postoji, ličnosti stvaraju istoriju a ove 33 ličnosti koje smo mi odbarali po našem izboru, ima ih daleko više, utkali su se u to 1918. sa imenom i prezimenom u istoriju. Ima na žalost i onih bezimenih koji su stradali po kazamatima.
Vrlo dobar šlagvort mi je dao prethodni govornik Kulačić, a o tome se nije dugo govorilo. Ovo ne samo da je bio najznačajniji datum oslobodjenja nego i način na koji se taj dogadjaj odigrao. Mi svi baštinimo slobodu i zajednički život sa našim istoplemenicima Srbima sa obe strane Dunava i Save, a da ovog dogadjaja nije bilo, ni mirovna konferencija u Parizu, ne bi tako skrojila granice, kako ih je skrojila. Vrlo je bitno reći da je početak Velikog rata u Austrougarskoj bio takav da je počeo progonom sopstvenog stanovništva, Srbima pre svega. Većina javnih ličnosti, bez obzira na profesiju, da li je bio čestit ratar ili sveštenik, čestit advokat ili lekar, čestit učitelj, doživela su masovna hapšenja, doživeo je progon i montirani proces i na kraju internaciju u brojne logore po teritoriju Austrougarske. Tu je bilo ne samo ljudi nego i žena. Procentualno gledano Srednji Banat je tu prošao, ako može tako da se kaže nešto blaže u odnosu na Južni Banat. U štampi mi je knjiga „Pančevo, srpska Sparta u oslobodjenju 1918.“ Nemački general, komandant tog dela granice prema Srbiji je naredio da se svi muškarci stariji od 14. godina pohapse i interniraju van Pančeva. Možete zamisliti šta je to, etničko čišćenje. Znači kompletno svu mušku populaciju su internirali. Stanovništvo srpsko Velikog Bečkereka, dakle, nije svo tako prošlo ali, ovi koji su pohapšeni, tokom vožnje stočnim vagonima, gde god bi stali lokalno stanovništvo bi ih organizovano dočekivalo, po dojavi vlasti i gadjalo ih kamenicama, pljuvali su ih, tukli, iživljavali se. Takoodje i njihove porodice, ovde su doživljavale teško maltretiranje i šikaniranje…“
O svojoj novoj knjizi arhivski savetnik i istoričar
Vanda Vojvodić Micova
je na ovaj svečani datum rekla:
„…Kada smo popunjavali obrazac za dodelu sredstava za objavljivanje ove knjige, postoje dve rubrike koje su bitne. To je rubrika cilj našeg projekta i ciljna grupa. Ciljna grupa ste svi vi koji se nalazite u ovoj sali. To su djaci, tu su moje kolege istoričari, to ste svi vi koji volite istoriju i koje interesiju naša istorija. Naš cilj je da u spomoć ove knjige stvorite sliku o tome kako je srpski narod živeo u tom periodu, kako se odvijala njegova borba za osnovna ljudska prava, kako su ti ljudi bili tretirani u internaciji po logorima, kakv su tretman imali u njoj. Posebno da stvorite sliku kolika je bila želja za prisajedinjenjem sa maticom Srbijom i koliku su cenu pojedinci platili u toj borbi.
Mi smo odabrali trideset i tri ličnosti ali nisu sve one vezane za Srpski narodni odbor. Imamo i Todora Manojlovića, književnika i pozorišnog kritičara koji nije učestvovao direktno u borbi za oslobodjenje i prisajedinjenje u Velikom Bečkereku. On je bio na Krfu 1916. radio kao prevodilac za italijanski i srpski jezik, kasnije je radio u „Srpskim novinama“ i „Zabavniku“. Za njega se često u literaturi kaže da se on borio ne puškom nego perom. Imamo takoodje i Stanislava Obremskog, koji je bio poreklom Poljak, bio je panslavista i on se borio za srpsku stvar sa svojom suprugom Albinom. Čim je krenuo rat 1914. Ta porodica sa dvoje dece je uhapšena i internirana u madjarski logor. Albina je bila u drugom stanju, tamo u logoru se porodila i ta mala beba je svoje prve godine života provela u logoru.
Moramo istaći da su ove ličnosti koje smo obradili bile izuzetno aktivne u društveno-političkom, privrednom i kulturnom životu našeg grada. One su kasnije imale i druge aktivnosti u kasnijim organizacijama „Jadranska straža“, „ Skauti“, „Sokolsko društvo“, „Crveni krst“ itd. Ove ličnosti su bile različitog stepena obrazovanja, različitih profesija. Imate medju njima sveštenika, doktora pravnih nauka, učitelja, trgovaca, zanatlija, ratara. Neki ljudi nisu ni rodjeni u našem gradu već u Vršcu, Novom Sadu, okolnim selima, Orlovatu. Sve te razlike medju njima oni su stavili sa strane, zarad jednog cilja da ostvare oslobodjenje i prisajedinjenje matici Srbiji…“
Muzički deo promocije je bio upriličen izmedju beseda govornika.
Mirjana Mladenović
(vokal) i
Mihailo Mladenović
(gitara, vokal) su na trenutak, interpretacijom rodoljubivih pesmama: „Tamo daleko“, „Kreće se ladja Francuska“ i „Ovo je Srbija“, preneli emocijom prisutne u slavne dane iz 1918. godine…“
Istorijski arhiv Zrenjanin');
INSERT INTO image (generic_element_id, file_path) VALUES (9, '/uploads/vest_9_0.jpg');
INSERT INTO image (generic_element_id, file_path) VALUES (9, '/uploads/vest_9_1.jpg');
INSERT INTO image (generic_element_id, file_path) VALUES (9, '/uploads/vest_9_2.jpg');
INSERT INTO image (generic_element_id, file_path) VALUES (9, '/uploads/vest_9_3.jpg');
INSERT INTO image (generic_element_id, file_path) VALUES (9, '/uploads/vest_9_4.jpg');
INSERT INTO image (generic_element_id, file_path) VALUES (9, '/uploads/vest_9_5.jpg');
INSERT INTO image (generic_element_id, file_path) VALUES (9, '/uploads/vest_9_6.jpg');
INSERT INTO image (generic_element_id, file_path) VALUES (9, '/uploads/vest_9_7.jpg');
INSERT INTO image (generic_element_id, file_path) VALUES (9, '/uploads/vest_9_8.jpg');
INSERT INTO image (generic_element_id, file_path) VALUES (9, '/uploads/vest_9_9.jpg');
INSERT INTO image (generic_element_id, file_path) VALUES (9, '/uploads/vest_9_10.jpg');
INSERT INTO image (generic_element_id, file_path) VALUES (9, '/uploads/vest_9_11.jpg');
INSERT INTO image (generic_element_id, file_path) VALUES (9, '/uploads/vest_9_12.jpg');
INSERT INTO image (generic_element_id, file_path) VALUES (9, '/uploads/vest_9_13.jpg');
INSERT INTO generic_element (id, type, category_id) VALUES (8, 'Vesti', 1);
INSERT INTO text (source_id, source_table, field_name, lang, content) VALUES (8, 'generic_element', 'naslov', 'sr-Cyrl', 'ПРИМЕНА УРЕДБЕ О ЈЕДИНСТВЕНИМ ТЕХНИЧКО-ТЕХНОЛОШКИМ ЗАХТЕВИМА И ПРОЦЕДУРАМА ЗА ЧУВАЊЕ И ЗАШТИТУ АРХИВСКЕ ГРАЂЕ И ДОКУМЕНТАРНОГ МАТЕРИЈАЛА У ЕЛЕКТРОНСКОМ ОБЛИКУ');
INSERT INTO text (source_id, source_table, field_name, lang, content) VALUES (8, 'generic_element', 'naslov', 'sr', 'PRIMENA UREDBE O JEDINSTVENIM TEHNIČKO-TEHNOLOŠKIM ZAHTEVIMA I PROCEDURAMA ZA ČUVANjE I ZAŠTITU ARHIVSKE GRADjE I DOKUMENTARNOG MATERIJALA U ELEKTRONSKOM OBLIKU');
INSERT INTO text (source_id, source_table, field_name, lang, content) VALUES (8, 'generic_element', 'opis', 'sr-Cyrl', 'У вези са великим бројем питања која се односе на електронско архивирање и управљање документарним материјалом и архивском грађом у електронском облику указујемо на следеће:
Одредбама Закона о архивској грађи и архивској делатности (члан 11. Закона) прописане су обавезе ствараоца  и имаоца архивске грађе и документарног материјала у електронском облику:
– Стваралац и ималац архивске грађе и документарног материјала у електронском облику дужан је да спроводи процедуре и поступке везане за управљање документима, као и да користи информациони систем, који гарантују заштиту, аутентичност, веродостојност, целовитост и употребљивост електронских докумената.
– Стваралац и ималац архивске грађе и документарног материјала припрему архивске грађе и документарног материјала за поуздано електронско чување и поуздано електронско чување архивске грађе и документарног материјала врши у складу са прописима којима се уређује поуздано електронско чување и у складу са прописима донетим на основу овог закона.
– Jединствене техничко-технолошке захтеве и процедуре за чување и заштиту архивске грађе и документарног материјала у електронском облику уређује Влада која је донела УРЕДБУ о јединственим техничко-технолошким захтевима и процедурама за чување и заштиту архивске грађе и документарног материјала у електронском облику (Службени гласник РС, бр. 107/2021, 94/2022) – чија примена почиње од 1. 1. 2024. године:
„Ствараоци и имаоци документарног материјала у електронском облику дужни су да електронско архивирање, до предаје архивске грађе надлежном архиву, врше у складу са прописом којим се уређују услови за припрему документа за поуздано електронско чување и форматима документа који су погодни за дуготрајно чување”.
– „Јавни сектор” – Државни органи и организације, органи територијалне аутономије и јединица локалне самоуправе, установе и имаоци јавних овлашћења (јавна предузећа, установе у области образовања, здравства, итд.) као ствараоци и имаоци врше електронско архивирање у софтверском решењу е-Архив који је део архивског информационог система.
– Јавни архиви су у обавези да врше стручни надзор, одобравање листе категорија документарног материјала и издвајање документарног материјала коме је рок чувања истекао за уништење преко софтвера е-Архив.
– „Јавни сектор” – У обавези је да канцеларијско пословање води у јединственом софтверском решењу Писарница и систему за управљање документима (Уредба о канцеларијском пословању, Сл. гласник РС бр. 21/2020, 32/2021, 14/2023) и Упутство о канцеларијском пословању, Сл. гласник РС бр. 20/2022).
– Основу софтверског решења Писарница чини каталог поступака, односно шифарник категорија документарног материјала у коме су пописани сви поступци појединачно за сваки орган са роковима чувања документарног материјала. У поступку је измена Уредбе о класификацији документарног материјала са роковима чувања (Сл. гласник РС, број 14/2023) и попис поступака у каталогу поступака.
– Архивска књига се води у електронском облику, настављају се редни бројеви из архивске књиге у папирном облику. Иако не постоји изричита одредба, неопходно је „унети” комплетну архивску књигу у електронски облик како би се обезбедио след архивских бројева, генерисао попис документарног материјала коме је рок чувања истекао.
– Ствараоци и имаоци архивске грађе и документарног материјала ако исте стварају у електонском облику, а не припадају тзв. јавном сектору, дужни су да поштују наведене одредбе закона, да врше електронско архивирање у софтверском решењу – информационом систему за поуздано електронско чување, и испоштују одредбе члана 5. Уредбе о јединственим техничко-технолошким захтевима и процедурама за чување и заштиту архивске грађе и документарног материјала у електронском облику.
– Припрема за поуздано електронско чување и поуздано електронско чување архивске грађе и документарног материјала врши се на основу одредаба Закона о електронском документу, електронској идентификацији и услугама од поверења у електронском пословању (Сл. гласник РС  94/2017, 52/2021); Уредбе оусловима за припрему документа за поуздано електронско чување и форматима документа који су погодни за дуготрајно чување(Службени гласник РС, бр. 86/2018) иПравилника о условима за поступке и технолошка решења која се користе током поузданог електронског чувања документа (Службени гласник РС, бр. 94/2018, 87/2020).
– Електронско архивирање представља низ правила, процедура и технолошких решења у складу са наведеним прописима, а не „лиценцирани софтвер” за поуздано електронско чување, док је услуга квалификованог електронског чувања докумената услуга од поверења за коју пружалац мора да испуни услове по Закону о електронском документу, електронској идентификацији и услугама од поверења у електронском пословању (Сл. гласник РС  94/2017, 52/2021).
– Електронска документа као што су електронске фактуре (СЕФ), пријаве и одјаве радника (КРОСО) чувају се у наведеним системима државних органа који их воде.
– Јавни архиви имају активну легитимацију за подношење прекршајних пријава за неизвршавање обавеза на заштити архивске грађе и документарног материјала, али то није „аутоматизован” процес, већ се претходно утврђује стање заштите, односно испуњавање обавеза од стране ствараоца.
Из наведеног следи, да се Уредба о јединственим техничко-технолошким захтевима и процедурама за чување и заштиту архивске грађе и документарног материјала у електронском облику (Службени гласник РС, бр. 107/2021, 94/2022) првенствено односи на јавне архиве који су у обавези да од 1. 1. 2024. године са ствараоцима у јавном сектору  комуницирају преко софтвера е-Архив. Ствараоци који су до сада документарни материјал и архивску грађу стварали у папирном облику нису у обавези (осим јавног сектора) да пређу на електронски облик.
Преузето са сајта Архива Војводине');
INSERT INTO text (source_id, source_table, field_name, lang, content) VALUES (8, 'generic_element', 'opis', 'sr', 'U vezi sa velikim brojem pitanja koja se odnose na elektronsko arhiviranje i upravljanje dokumentarnim materijalom i arhivskom gradjom u elektronskom obliku ukazujemo na sledeće:
Odredbama Zakona o arhivskoj gradji i arhivskoj delatnosti (član 11. Zakona) propisane su obaveze stvaraoca  i imaoca arhivske gradje i dokumentarnog materijala u elektronskom obliku:
– Stvaralac i imalac arhivske gradje i dokumentarnog materijala u elektronskom obliku dužan je da sprovodi procedure i postupke vezane za upravljanje dokumentima, kao i da koristi informacioni sistem, koji garantuju zaštitu, autentičnost, verodostojnost, celovitost i upotrebljivost elektronskih dokumenata.
– Stvaralac i imalac arhivske gradje i dokumentarnog materijala pripremu arhivske gradje i dokumentarnog materijala za pouzdano elektronsko čuvanje i pouzdano elektronsko čuvanje arhivske gradje i dokumentarnog materijala vrši u skladu sa propisima kojima se uredjuje pouzdano elektronsko čuvanje i u skladu sa propisima donetim na osnovu ovog zakona.
– Jedinstvene tehničko-tehnološke zahteve i procedure za čuvanje i zaštitu arhivske gradje i dokumentarnog materijala u elektronskom obliku uredjuje Vlada koja je donela UREDBU o jedinstvenim tehničko-tehnološkim zahtevima i procedurama za čuvanje i zaštitu arhivske gradje i dokumentarnog materijala u elektronskom obliku (Službeni glasnik RS, br. 107/2021, 94/2022) – čija primena počinje od 1. 1. 2024. godine:
„Stvaraoci i imaoci dokumentarnog materijala u elektronskom obliku dužni su da elektronsko arhiviranje, do predaje arhivske gradje nadležnom arhivu, vrše u skladu sa propisom kojim se uredjuju uslovi za pripremu dokumenta za pouzdano elektronsko čuvanje i formatima dokumenta koji su pogodni za dugotrajno čuvanje”.
– „Javni sektor” – Državni organi i organizacije, organi teritorijalne autonomije i jedinica lokalne samouprave, ustanove i imaoci javnih ovlašćenja (javna preduzeća, ustanove u oblasti obrazovanja, zdravstva, itd.) kao stvaraoci i imaoci vrše elektronsko arhiviranje u softverskom rešenju e-Arhiv koji je deo arhivskog informacionog sistema.
– Javni arhivi su u obavezi da vrše stručni nadzor, odobravanje liste kategorija dokumentarnog materijala i izdvajanje dokumentarnog materijala kome je rok čuvanja istekao za uništenje preko softvera e-Arhiv.
– „Javni sektor” – U obavezi je da kancelarijsko poslovanje vodi u jedinstvenom softverskom rešenju Pisarnica i sistemu za upravljanje dokumentima (Uredba o kancelarijskom poslovanju, Sl. glasnik RS br. 21/2020, 32/2021, 14/2023) i Uputstvo o kancelarijskom poslovanju, Sl. glasnik RS br. 20/2022).
– Osnovu softverskog rešenja Pisarnica čini katalog postupaka, odnosno šifarnik kategorija dokumentarnog materijala u kome su popisani svi postupci pojedinačno za svaki organ sa rokovima čuvanja dokumentarnog materijala. U postupku je izmena Uredbe o klasifikaciji dokumentarnog materijala sa rokovima čuvanja (Sl. glasnik RS, broj 14/2023) i popis postupaka u katalogu postupaka.
– Arhivska knjiga se vodi u elektronskom obliku, nastavljaju se redni brojevi iz arhivske knjige u papirnom obliku. Iako ne postoji izričita odredba, neophodno je „uneti” kompletnu arhivsku knjigu u elektronski oblik kako bi se obezbedio sled arhivskih brojeva, generisao popis dokumentarnog materijala kome je rok čuvanja istekao.
– Stvaraoci i imaoci arhivske gradje i dokumentarnog materijala ako iste stvaraju u elektonskom obliku, a ne pripadaju tzv. javnom sektoru, dužni su da poštuju navedene odredbe zakona, da vrše elektronsko arhiviranje u softverskom rešenju – informacionom sistemu za pouzdano elektronsko čuvanje, i ispoštuju odredbe člana 5. Uredbe o jedinstvenim tehničko-tehnološkim zahtevima i procedurama za čuvanje i zaštitu arhivske gradje i dokumentarnog materijala u elektronskom obliku.
– Priprema za pouzdano elektronsko čuvanje i pouzdano elektronsko čuvanje arhivske gradje i dokumentarnog materijala vrši se na osnovu odredaba Zakona o elektronskom dokumentu, elektronskoj identifikaciji i uslugama od poverenja u elektronskom poslovanju (Sl. glasnik RS  94/2017, 52/2021); Uredbe ouslovima za pripremu dokumenta za pouzdano elektronsko čuvanje i formatima dokumenta koji su pogodni za dugotrajno čuvanje(Službeni glasnik RS, br. 86/2018) iPravilnika o uslovima za postupke i tehnološka rešenja koja se koriste tokom pouzdanog elektronskog čuvanja dokumenta (Službeni glasnik RS, br. 94/2018, 87/2020).
– Elektronsko arhiviranje predstavlja niz pravila, procedura i tehnoloških rešenja u skladu sa navedenim propisima, a ne „licencirani softver” za pouzdano elektronsko čuvanje, dok je usluga kvalifikovanog elektronskog čuvanja dokumenata usluga od poverenja za koju pružalac mora da ispuni uslove po Zakonu o elektronskom dokumentu, elektronskoj identifikaciji i uslugama od poverenja u elektronskom poslovanju (Sl. glasnik RS  94/2017, 52/2021).
– Elektronska dokumenta kao što su elektronske fakture (SEF), prijave i odjave radnika (KROSO) čuvaju se u navedenim sistemima državnih organa koji ih vode.
– Javni arhivi imaju aktivnu legitimaciju za podnošenje prekršajnih prijava za neizvršavanje obaveza na zaštiti arhivske gradje i dokumentarnog materijala, ali to nije „automatizovan” proces, već se prethodno utvrdjuje stanje zaštite, odnosno ispunjavanje obaveza od strane stvaraoca.
Iz navedenog sledi, da se Uredba o jedinstvenim tehničko-tehnološkim zahtevima i procedurama za čuvanje i zaštitu arhivske gradje i dokumentarnog materijala u elektronskom obliku (Službeni glasnik RS, br. 107/2021, 94/2022) prvenstveno odnosi na javne arhive koji su u obavezi da od 1. 1. 2024. godine sa stvaraocima u javnom sektoru  komuniciraju preko softvera e-Arhiv. Stvaraoci koji su do sada dokumentarni materijal i arhivsku gradju stvarali u papirnom obliku nisu u obavezi (osim javnog sektora) da predju na elektronski oblik.
Preuzeto sa sajta Arhiva Vojvodine');
INSERT INTO image (generic_element_id, file_path) VALUES (8, '/uploads/vest_8_0.jpg');
INSERT INTO generic_element (id, type, category_id) VALUES (7, 'Vesti', 1);
INSERT INTO text (source_id, source_table, field_name, lang, content) VALUES (7, 'generic_element', 'naslov', 'sr-Cyrl', 'МАРИЈА БЛАГОЈА ЈОВОВИЋ –  ПРОМОЦИЈА КЊИГЕ “СРПСКИ ХЕРОЈ У ВУЧИЈОЈ ЈАЗБИНИ”');
INSERT INTO text (source_id, source_table, field_name, lang, content) VALUES (7, 'generic_element', 'naslov', 'sr', 'MARIJA BLAGOJA JOVOVIĆ –  PROMOCIJA KNjIGE “SRPSKI HEROJ U VUČIJOJ JAZBINI”');
INSERT INTO text (source_id, source_table, field_name, lang, content) VALUES (7, 'generic_element', 'opis', 'sr-Cyrl', 'У Изложбеном салону Историјског архива Зрењанина промовисана је књига ћерке јунака Благоја Јововића, Марије Јововић са тематиком о животу, раду и јуначком подвигу њеног оца под називом  „Српски херој у вучијој јазбини”. На промоцији су говорили: в.д. директор Градске народне библиотеке “ Жарко Зрењанин” Миле Кулачић, истакнути културни прегалац у граду на Бегеју Милан Бјелогрлић, професор Зрењанинске гимназије Игор Мицов и писац књиге.
Књига говори о српском родољубу Благоју Јововићу који је 1957. године у предграђу Буенос Ајреса извршио атентат на Анту Павелића, једног од највећих злочинаца Другог светског рата. Несвакидашња прича, на више од 200 страница прати животни пут некадашњег припадника Југословенске војске у отаџбини и његову потеру за крволочним злочинцем, вођом усташког покрета. Миле Кулачић је мајсторском кичицом покушао да дочара присутним лик српског витеза, осветника:
“Сећам се првих фотографија које сам потражио, да видим како је изгледао, човек осветник Јасеновца? Сећам се те његове фотографије, где он заједно са саборцем Милом Кривокапићем корача, весело улицама. Његово лице је ведро, човек пролећног расположења, баш онакво, како изгледа и тај мир, који је наступио после Другог светског рата. Не видимо лице које је у грчу, без обзира што је он носио са собом патњу нашег народа, заборављене жртве, сакриване, затиране. Имао је такву снагу да направи распон између те свести и оног људског осећања и ведрине, због којих се човек и бори. Оно што су вредности наше, благодати живота, то је оно што се брани. Код њега то није било помрачено. Да би се тако нешто десило, човек заиста мора да има широко срце и да обједини те две стране, и жртве и да сачува осећај људскости. Осветници често са собом носе једно тешко осећање, због кога освету морају да изврше. Ведрина његовог лица и једна благост као да је у потпуном сагласју са његовим именом…“
Према речима саме ауторке, разлози који су је навели да напише ову књигу су лични и односе се на исправку неистина које су писане о њеном оцу Благоју Јововићу у различитим медијима и на друштвеним мрежама, што је за последицу имало да се уз његову животну причу гради паралелна прича у којој је описиван са карактеристикама које нису имале много везе са његовом личношћу. Милан Бјелогрлић је овом приликом рекао:
„Ми вечерас причамо о Благоју Јововићу и многи ће можда сада рећи то је био терористички чин. Они заборављају ону Његошеву: Ал тирјанству стати ногом за врат, то је људска дужност најсветија…Сећам се кад је УДБА, овде, хапсила по Зрењанину неког четника из Смедерева, који се скривао, долазио да преда неку репу и шта ти ја знам. Кога су хапсили и кога су судили од усташа а да је осуђен за злочине у Јасеновцу? Кажу људи да је тих злочинаца као стражара било и на Голом Отоку. Шетао им се Аргентином највећи злочинац Анте Павелић. Увек има нека игра судбине. Десетог травња, не априла 1957. године, Благоје Јововић му је честитао Дан државности његове НДХ. Кад сам био у војци у Осеку, тога датума, нама официри ЈНА говоре, немој да би ко ишао данас у град, може који усташа да вас нападне. Ми се чудимо, какве усташе, давно поражене? Исто тако на логоровању и гађању, кажу нам немој ко да би ишао у оно село, то је усташко село да вам се не догоди неко зло…Не могу да дођем ни до једне слике о Јасеновцу, што ће ми додати, да мислим ружније од онога што већ мислим о тим злочинима…Тај чин Благоја Јововића је парадигматичан и њега не смемо да заборавимо.“
Благоје Јововић, атентатор на поглавника НДХ, рођен је 1922. године у селу Косић код Даниловграда, племе Бјелопавлића. Похађао је Војну подофицирску школу Краљевине Југославије у Билећи а oдатле је прекомандован у Струмицу, где је у априлском рату добио одликовање. У родном крају, у селу Косићу  јула 1941. прикључио се народном устанку против фашистичке Италије. Изабран је за командира Косићког партизанског одреда и са њим учествовао у борбама на Пљевљима. Када је добио наређење од комунистичког команданта Ивана Милутиновића да својим одредом крене у напад на Баја Станишића, који се под Острогом дигао на оружје, јер је сазнао да комунисти убијају политичке неистомишљенике, Благоје се повукао са дужности командира и одбио да учествује у братоубилачкој борби. Прешао је у четнике код пуковника Баја Станишића који му је прије рата био претпостављени у школи за подофицире у Билећи. Професор историје Игор Мицов је у својој беседи подцртао основне историјске чињенице, везане за овај период:
„На жалост српски народ су многи уништавали и сатирали од хабзбуршких царева до турских султана, преко Мусолинија и Хитлера, међутим сви су они смешни наспрам звери у људском облику Анте Павелића. Највише Срба на најмонструознији начин убиле су његове усташе. Данас се лицитира тим жртвама, колико је убијено људи али треба знати да нису сви Срби убијани само у Јасеновцу. Они су убијани широм такозване Независне државе Хрватске, на Банији, на Кордуну, на Далмацији, сви рођаци Николе Тесле и у Херцеговини, касније бетониране јаме и у Славонији, ево ту преко Дунава у Срему. Пао је био и Берлин али Јасеновац још није био ослобођен…И после свих злочина, тај Анте Павелић мирно одлази у Аргентину, живи тамо као бубрег у лоју, нико  га не тражи. Та фамозна Југословенска УДБА ни не покушава да га убије, не знамо зашто? Данас се труде из петиних жила да докажу а питао сам гошћу о томе, како је Благоје у име службе извршио тај атентат, а није истина. Човек је то урадио у име српског народа као осветник. Нико није стајао иза њега осим његових личних побуда…“
Године 1943. Благоје је био у штабу поморског официра и новог команданта Бјелопавлићке војно-четничке бригаде, капетана Јакова Јововића, и постављен за водника у штапској чети. Године 1944. године, Благоје је емигрирао у Италију. У тој земљи боравио је у избегличким логорима. После рата, отишао је у Аргентину. Тада је имао 24 године. У овој земљи Благоје Јововић радио је многе послове али није заборавио злочине над Србима. Од неких Јевреја је чуо да злогласни злочинац Анте Павелић ту борави и да га чувају. Тада је Благоје дошао на идеју да пронађе Павелића и да изврши атентат на њега.
Била је среда, 10. априла 1957. године. Шеснаест година од формирања геноцидне творевине Независне Државе Хрватске, њен поглавнк Анте Павелић, шетао се у вечерњим сатима предграђем Ломас де Паламор у Буенос Ајресу. У 21 час, када се у мрачној улици Санчез зачуло пет хитаца из пиштоља. Атентатор је са два метка тешко ранио Павелића, који је две и по године касније преминуо у Шпанији. Нагађало се да је југословенска УДБА наручила атентат, ковале се разне неистините теорије. Атентат на Павелића пао је у заборав, али пред крај бурног 20. века, Благоје Јововић се након 55 година вратио из Аргентине у отаџбину и 1999. у Манастиру Острог исповедио митрополиту Амфилохију да је управо он пуцао у Анту Павелића.
Ништа о Благоjевом атентату на Павелића нису знали ни његова супруга Глади Анхела Мико,  кћерке Јадранка, Марија и Гаврила Карина као и син Гаврило Александар. Данас Марија де лос Ангелес Јововић своје родитеље описује као добре људе, брижне и пуне љубави за породицу. Благоје је више од пола века живео у Аргентини, био је добар човек, отац и супруг. Вредно је радио, и доста стекао. Имао је свој  хотел и многе друге некретнине. Али, уз посао и бригу о имању и породици, стално су га пратиле мисли о правди и освети.
„Отац је дуго носио у себи идеју о убиству Анте Павелића, о освети за мученике Јасеновца и успио да са неколико блиских и повјерљивих сарадника, оданих истој идеји, то и оствари“ – рекла је Марија. Увек је понављао један стих великог Његоша, сећа се Марија и мисли да је то био основни мото његовог живота:
„БЛАГО ОНОМ КО ДОВИЈЕКА ЖИВИ ИМАО СЕ РАШТА И РОДИТИ“');
INSERT INTO text (source_id, source_table, field_name, lang, content) VALUES (7, 'generic_element', 'opis', 'sr', 'U Izložbenom salonu Istorijskog arhiva Zrenjanina promovisana je knjiga ćerke junaka Blagoja Jovovića, Marije Jovović sa tematikom o životu, radu i junačkom podvigu njenog oca pod nazivom  „Srpski heroj u vučijoj jazbini”. Na promociji su govorili: v.d. direktor Gradske narodne biblioteke “ Žarko Zrenjanin” Mile Kulačić, istaknuti kulturni pregalac u gradu na Begeju Milan Bjelogrlić, profesor Zrenjaninske gimnazije Igor Micov i pisac knjige.
Knjiga govori o srpskom rodoljubu Blagoju Jovoviću koji je 1957. godine u predgradju Buenos Ajresa izvršio atentat na Antu Pavelića, jednog od najvećih zločinaca Drugog svetskog rata. Nesvakidašnja priča, na više od 200 stranica prati životni put nekadašnjeg pripadnika Jugoslovenske vojske u otadžbini i njegovu poteru za krvoločnim zločincem, vodjom ustaškog pokreta. Mile Kulačić je majstorskom kičicom pokušao da dočara prisutnim lik srpskog viteza, osvetnika:
“Sećam se prvih fotografija koje sam potražio, da vidim kako je izgledao, čovek osvetnik Jasenovca? Sećam se te njegove fotografije, gde on zajedno sa saborcem Milom Krivokapićem korača, veselo ulicama. Njegovo lice je vedro, čovek prolećnog raspoloženja, baš onakvo, kako izgleda i taj mir, koji je nastupio posle Drugog svetskog rata. Ne vidimo lice koje je u grču, bez obzira što je on nosio sa sobom patnju našeg naroda, zaboravljene žrtve, sakrivane, zatirane. Imao je takvu snagu da napravi raspon izmedju te svesti i onog ljudskog osećanja i vedrine, zbog kojih se čovek i bori. Ono što su vrednosti naše, blagodati života, to je ono što se brani. Kod njega to nije bilo pomračeno. Da bi se tako nešto desilo, čovek zaista mora da ima široko srce i da objedini te dve strane, i žrtve i da sačuva osećaj ljudskosti. Osvetnici često sa sobom nose jedno teško osećanje, zbog koga osvetu moraju da izvrše. Vedrina njegovog lica i jedna blagost kao da je u potpunom saglasju sa njegovim imenom…“
Prema rečima same autorke, razlozi koji su je naveli da napiše ovu knjigu su lični i odnose se na ispravku neistina koje su pisane o njenom ocu Blagoju Jovoviću u različitim medijima i na društvenim mrežama, što je za posledicu imalo da se uz njegovu životnu priču gradi paralelna priča u kojoj je opisivan sa karakteristikama koje nisu imale mnogo veze sa njegovom ličnošću. Milan Bjelogrlić je ovom prilikom rekao:
„Mi večeras pričamo o Blagoju Jovoviću i mnogi će možda sada reći to je bio teroristički čin. Oni zaboravljaju onu Njegoševu: Al tirjanstvu stati nogom za vrat, to je ljudska dužnost najsvetija…Sećam se kad je UDBA, ovde, hapsila po Zrenjaninu nekog četnika iz Smedereva, koji se skrivao, dolazio da preda neku repu i šta ti ja znam. Koga su hapsili i koga su sudili od ustaša a da je osudjen za zločine u Jasenovcu? Kažu ljudi da je tih zločinaca kao stražara bilo i na Golom Otoku. Šetao im se Argentinom najveći zločinac Ante Pavelić. Uvek ima neka igra sudbine. Desetog travnja, ne aprila 1957. godine, Blagoje Jovović mu je čestitao Dan državnosti njegove NDH. Kad sam bio u vojci u Oseku, toga datuma, nama oficiri JNA govore, nemoj da bi ko išao danas u grad, može koji ustaša da vas napadne. Mi se čudimo, kakve ustaše, davno poražene? Isto tako na logorovanju i gadjanju, kažu nam nemoj ko da bi išao u ono selo, to je ustaško selo da vam se ne dogodi neko zlo…Ne mogu da dodjem ni do jedne slike o Jasenovcu, što će mi dodati, da mislim ružnije od onoga što već mislim o tim zločinima…Taj čin Blagoja Jovovića je paradigmatičan i njega ne smemo da zaboravimo.“
Blagoje Jovović, atentator na poglavnika NDH, rodjen je 1922. godine u selu Kosić kod Danilovgrada, pleme Bjelopavlića. Pohadjao je Vojnu podoficirsku školu Kraljevine Jugoslavije u Bileći a odatle je prekomandovan u Strumicu, gde je u aprilskom ratu dobio odlikovanje. U rodnom kraju, u selu Kosiću  jula 1941. priključio se narodnom ustanku protiv fašističke Italije. Izabran je za komandira Kosićkog partizanskog odreda i sa njim učestvovao u borbama na Pljevljima. Kada je dobio naredjenje od komunističkog komandanta Ivana Milutinovića da svojim odredom krene u napad na Baja Stanišića, koji se pod Ostrogom digao na oružje, jer je saznao da komunisti ubijaju političke neistomišljenike, Blagoje se povukao sa dužnosti komandira i odbio da učestvuje u bratoubilačkoj borbi. Prešao je u četnike kod pukovnika Baja Stanišića koji mu je prije rata bio pretpostavljeni u školi za podoficire u Bileći. Profesor istorije Igor Micov je u svojoj besedi podcrtao osnovne istorijske činjenice, vezane za ovaj period:
„Na žalost srpski narod su mnogi uništavali i satirali od habzburških careva do turskih sultana, preko Musolinija i Hitlera, medjutim svi su oni smešni naspram zveri u ljudskom obliku Ante Pavelića. Najviše Srba na najmonstruozniji način ubile su njegove ustaše. Danas se licitira tim žrtvama, koliko je ubijeno ljudi ali treba znati da nisu svi Srbi ubijani samo u Jasenovcu. Oni su ubijani širom takozvane Nezavisne države Hrvatske, na Baniji, na Kordunu, na Dalmaciji, svi rodjaci Nikole Tesle i u Hercegovini, kasnije betonirane jame i u Slavoniji, evo tu preko Dunava u Sremu. Pao je bio i Berlin ali Jasenovac još nije bio oslobodjen…I posle svih zločina, taj Ante Pavelić mirno odlazi u Argentinu, živi tamo kao bubreg u loju, niko  ga ne traži. Ta famozna Jugoslovenska UDBA ni ne pokušava da ga ubije, ne znamo zašto? Danas se trude iz petinih žila da dokažu a pitao sam gošću o tome, kako je Blagoje u ime službe izvršio taj atentat, a nije istina. Čovek je to uradio u ime srpskog naroda kao osvetnik. Niko nije stajao iza njega osim njegovih ličnih pobuda…“
Godine 1943. Blagoje je bio u štabu pomorskog oficira i novog komandanta Bjelopavlićke vojno-četničke brigade, kapetana Jakova Jovovića, i postavljen za vodnika u štapskoj četi. Godine 1944. godine, Blagoje je emigrirao u Italiju. U toj zemlji boravio je u izbegličkim logorima. Posle rata, otišao je u Argentinu. Tada je imao 24 godine. U ovoj zemlji Blagoje Jovović radio je mnoge poslove ali nije zaboravio zločine nad Srbima. Od nekih Jevreja je čuo da zloglasni zločinac Ante Pavelić tu boravi i da ga čuvaju. Tada je Blagoje došao na ideju da pronadje Pavelića i da izvrši atentat na njega.
Bila je sreda, 10. aprila 1957. godine. Šesnaest godina od formiranja genocidne tvorevine Nezavisne Države Hrvatske, njen poglavnk Ante Pavelić, šetao se u večernjim satima predgradjem Lomas de Palamor u Buenos Ajresu. U 21 čas, kada se u mračnoj ulici Sančez začulo pet hitaca iz pištolja. Atentator je sa dva metka teško ranio Pavelića, koji je dve i po godine kasnije preminuo u Španiji. Nagadjalo se da je jugoslovenska UDBA naručila atentat, kovale se razne neistinite teorije. Atentat na Pavelića pao je u zaborav, ali pred kraj burnog 20. veka, Blagoje Jovović se nakon 55 godina vratio iz Argentine u otadžbinu i 1999. u Manastiru Ostrog ispovedio mitropolitu Amfilohiju da je upravo on pucao u Antu Pavelića.
Ništa o Blagojevom atentatu na Pavelića nisu znali ni njegova supruga Gladi Anhela Miko,  kćerke Jadranka, Marija i Gavrila Karina kao i sin Gavrilo Aleksandar. Danas Marija de los Angeles Jovović svoje roditelje opisuje kao dobre ljude, brižne i pune ljubavi za porodicu. Blagoje je više od pola veka živeo u Argentini, bio je dobar čovek, otac i suprug. Vredno je radio, i dosta stekao. Imao je svoj  hotel i mnoge druge nekretnine. Ali, uz posao i brigu o imanju i porodici, stalno su ga pratile misli o pravdi i osveti.
„Otac je dugo nosio u sebi ideju o ubistvu Ante Pavelića, o osveti za mučenike Jasenovca i uspio da sa nekoliko bliskih i povjerljivih saradnika, odanih istoj ideji, to i ostvari“ – rekla je Marija. Uvek je ponavljao jedan stih velikog Njegoša, seća se Marija i misli da je to bio osnovni moto njegovog života:
„BLAGO ONOM KO DOVIJEKA ŽIVI IMAO SE RAŠTA I RODITI“');
INSERT INTO image (generic_element_id, file_path) VALUES (7, '/uploads/vest_7_0.jpg');
INSERT INTO image (generic_element_id, file_path) VALUES (7, '/uploads/vest_7_1.jpg');
INSERT INTO image (generic_element_id, file_path) VALUES (7, '/uploads/vest_7_2.jpg');
INSERT INTO image (generic_element_id, file_path) VALUES (7, '/uploads/vest_7_3.jpg');
INSERT INTO image (generic_element_id, file_path) VALUES (7, '/uploads/vest_7_4.jpg');
INSERT INTO image (generic_element_id, file_path) VALUES (7, '/uploads/vest_7_5.jpg');
INSERT INTO image (generic_element_id, file_path) VALUES (7, '/uploads/vest_7_6.jpg');
INSERT INTO image (generic_element_id, file_path) VALUES (7, '/uploads/vest_7_7.jpg');
INSERT INTO image (generic_element_id, file_path) VALUES (7, '/uploads/vest_7_8.jpg');
INSERT INTO image (generic_element_id, file_path) VALUES (7, '/uploads/vest_7_9.jpg');
INSERT INTO generic_element (id, type, category_id) VALUES (6, 'Vesti', 1);
INSERT INTO text (source_id, source_table, field_name, lang, content) VALUES (6, 'generic_element', 'naslov', 'sr-Cyrl', 'XXXV ГОДИШЊИ САЛОН ЗРЕЊАНИНСКИХ СЛИКАРА АМАТЕРА У ИЗЛОЖБЕНОМ САЛОНУ АРХИВА');
INSERT INTO text (source_id, source_table, field_name, lang, content) VALUES (6, 'generic_element', 'naslov', 'sr', 'XXXV GODIŠNjI SALON ZRENjANINSKIH SLIKARA AMATERA U IZLOŽBENOM SALONU ARHIVA');
INSERT INTO text (source_id, source_table, field_name, lang, content) VALUES (6, 'generic_element', 'opis', 'sr-Cyrl', 'У простору Изложбеног салона Историјског архива Зрењанин,
одржана је још једна годишња изложба или годишњи салон
Зрењанинских сликара аматера, УЛАЗ-а – XX
XV
по реду, јубиларни.
Овогодишњем сазиву сусрета сликара одазвало се 50 уметника, колико и броји удружење,  а који стварају у граду. Председница УЛАЗ-а Весна Цветков,  овом приликом је рекла:
„У Изложбеном салону Историјског архива у Зрењанину је одржана изложба Удружења ликовних аматера Зрењанина, УЛАЗ-а. Ово је XXXV годишњи салон удружења, јубиларни. Свих претходних година смо додељивали три равноправне награде, и десет похвала, али ове године уметнички савет је донео одлуку да се не поделе награде него да сви учесници добију захвалнице за учешће на јубиларном салону, јер смо након свих ових година сви победници. Трајемо, упорно и истрајно!  Удружење УЛАЗ броји око 50 чланова који раде у доста тешким условима, без сталног простора за састанке и са врло оскудном средствима. Али то не спречава чланове удружења да са пуно посвећености и маште увек изнова изнедре нова дела која ће у годинама које долазе бити сведоци нашег времена.“
Уједно смо поносни да смо излозбу имали у Изложбеном салону Историјског архива и да смо уз њихову подршку и подршку Града Зрењанина,  уживали у дружењу.“
Историјски архив Зрењанин, као институција културе од посебног значаја, ће и у будуће подржавати уметнике нашег града на промоцији богате културне баштине.
Историјски архив Зрењанин');
INSERT INTO text (source_id, source_table, field_name, lang, content) VALUES (6, 'generic_element', 'opis', 'sr', 'U prostoru Izložbenog salona Istorijskog arhiva Zrenjanin,
održana je još jedna godišnja izložba ili godišnji salon
Zrenjaninskih slikara amatera, ULAZ-a – XX
XV
po redu, jubilarni.
Ovogodišnjem sazivu susreta slikara odazvalo se 50 umetnika, koliko i broji udruženje,  a koji stvaraju u gradu. Predsednica ULAZ-a Vesna Cvetkov,  ovom prilikom je rekla:
„U Izložbenom salonu Istorijskog arhiva u Zrenjaninu je održana izložba Udruženja likovnih amatera Zrenjanina, ULAZ-a. Ovo je XXXV godišnji salon udruženja, jubilarni. Svih prethodnih godina smo dodeljivali tri ravnopravne nagrade, i deset pohvala, ali ove godine umetnički savet je doneo odluku da se ne podele nagrade nego da svi učesnici dobiju zahvalnice za učešće na jubilarnom salonu, jer smo nakon svih ovih godina svi pobednici. Trajemo, uporno i istrajno!  Udruženje ULAZ broji oko 50 članova koji rade u dosta teškim uslovima, bez stalnog prostora za sastanke i sa vrlo oskudnom sredstvima. Ali to ne sprečava članove udruženja da sa puno posvećenosti i mašte uvek iznova iznedre nova dela koja će u godinama koje dolaze biti svedoci našeg vremena.“
Ujedno smo ponosni da smo izlozbu imali u Izložbenom salonu Istorijskog arhiva i da smo uz njihovu podršku i podršku Grada Zrenjanina,  uživali u druženju.“
Istorijski arhiv Zrenjanin, kao institucija kulture od posebnog značaja, će i u buduće podržavati umetnike našeg grada na promociji bogate kulturne baštine.
Istorijski arhiv Zrenjanin');
INSERT INTO image (generic_element_id, file_path) VALUES (6, '/uploads/vest_6_0.jpg');
INSERT INTO image (generic_element_id, file_path) VALUES (6, '/uploads/vest_6_1.jpg');
INSERT INTO image (generic_element_id, file_path) VALUES (6, '/uploads/vest_6_2.jpg');
INSERT INTO image (generic_element_id, file_path) VALUES (6, '/uploads/vest_6_3.jpg');
INSERT INTO image (generic_element_id, file_path) VALUES (6, '/uploads/vest_6_4.jpg');
INSERT INTO image (generic_element_id, file_path) VALUES (6, '/uploads/vest_6_5.jpg');
INSERT INTO image (generic_element_id, file_path) VALUES (6, '/uploads/vest_6_6.jpg');
INSERT INTO image (generic_element_id, file_path) VALUES (6, '/uploads/vest_6_7.jpg');
INSERT INTO generic_element (id, type, category_id) VALUES (5, 'Vesti', 1);
INSERT INTO text (source_id, source_table, field_name, lang, content) VALUES (5, 'generic_element', 'naslov', 'sr-Cyrl', 'ДЕЛЕГАЦИЈА ИСТОРИЈСКОГ АРХИВА ЗРЕЊАНИН ГОСТ НА ПРОМОЦИЈИ ДВЕ ПУБЛИКАЦИЈЕ ИСТОРИЈСКОГ АРХИВА ПОЖАРЕВАЦ У ЉУБИЧЕВУ');
INSERT INTO text (source_id, source_table, field_name, lang, content) VALUES (5, 'generic_element', 'naslov', 'sr', 'DELEGACIJA ISTORIJSKOG ARHIVA ZRENjANIN GOST NA PROMOCIJI DVE PUBLIKACIJE ISTORIJSKOG ARHIVA POŽAREVAC U LjUBIČEVU');
INSERT INTO text (source_id, source_table, field_name, lang, content) VALUES (5, 'generic_element', 'opis', 'sr-Cyrl', 'Промоција посебног издања „Библиографија часописа Записи – Годишњак Историјског архива Пожаревац, 2012-2022“ и најновијег дванаестог броја часописа „Записи“, у издању Историјског архива Пожаревац под покровитељством Града Пожаревца, одржана је у амбијенту Ергеле Љубичево у Пожаревцу, 14. јуна 2024
. Историјски архив Зрењанин је био гост на овом скупу архивиста а делегацију су чинили виши архивисти Горан Живић и Никола Петричић као и архивист Бранислав Милошев.
Присутнима су се обратили директорка Историјског архива Пожаревац
др Јасмина Николић
, у својству идејног аутора, оснивача, издавача, првог главног и одговорног уредника часописа „Записи – Годишњак Историјског архива Пожаревац“,
проф. др Ивана Крстић
Мистриџеловић
са Криминалистичко-полицијског универзитета и
др Маријана Мраовић
из Војног архива Министарства одбране Републике Србије у својству рецензената и чланова редакције овог врхунског часописа националног значаја „Записи“.
Утиске ауторског тима o изради „Библиографије часописа Записи – Годишњак Историјског архива Пожаревац, 2012-2022“ поделиле су коауторке
Наташа Милошевић Дулић
, виши архивист и
Рената Минић
, мср, дипл.библиотекар – саветник.
Промоцију две публикације Историјског архива Пожаревац употпунио је музички програм, који је извео камерни хор
„Одјек“
Центра за културу у Пожаревцу.
Текст: Историјски архив Пожаревац и архивист Саша Младеновић
Фото: Историјски архив Пожаревац и Историјски архив Зрењанин');
INSERT INTO text (source_id, source_table, field_name, lang, content) VALUES (5, 'generic_element', 'opis', 'sr', 'Promocija posebnog izdanja „Bibliografija časopisa Zapisi – Godišnjak Istorijskog arhiva Požarevac, 2012-2022“ i najnovijeg dvanaestog broja časopisa „Zapisi“, u izdanju Istorijskog arhiva Požarevac pod pokroviteljstvom Grada Požarevca, održana je u ambijentu Ergele Ljubičevo u Požarevcu, 14. juna 2024
. Istorijski arhiv Zrenjanin je bio gost na ovom skupu arhivista a delegaciju su činili viši arhivisti Goran Živić i Nikola Petričić kao i arhivist Branislav Milošev.
Prisutnima su se obratili direktorka Istorijskog arhiva Požarevac
dr Jasmina Nikolić
, u svojstvu idejnog autora, osnivača, izdavača, prvog glavnog i odgovornog urednika časopisa „Zapisi – Godišnjak Istorijskog arhiva Požarevac“,
prof. dr Ivana Krstić
Mistridželović
sa Kriminalističko-policijskog univerziteta i
dr Marijana Mraović
iz Vojnog arhiva Ministarstva odbrane Republike Srbije u svojstvu recenzenata i članova redakcije ovog vrhunskog časopisa nacionalnog značaja „Zapisi“.
Utiske autorskog tima o izradi „Bibliografije časopisa Zapisi – Godišnjak Istorijskog arhiva Požarevac, 2012-2022“ podelile su koautorke
Nataša Milošević Dulić
, viši arhivist i
Renata Minić
, msr, dipl.bibliotekar – savetnik.
Promociju dve publikacije Istorijskog arhiva Požarevac upotpunio je muzički program, koji je izveo kamerni hor
„Odjek“
Centra za kulturu u Požarevcu.
Tekst: Istorijski arhiv Požarevac i arhivist Saša Mladenović
Foto: Istorijski arhiv Požarevac i Istorijski arhiv Zrenjanin');
INSERT INTO image (generic_element_id, file_path) VALUES (5, '/uploads/vest_5_0.jpg');
INSERT INTO image (generic_element_id, file_path) VALUES (5, '/uploads/vest_5_1.jpg');
INSERT INTO image (generic_element_id, file_path) VALUES (5, '/uploads/vest_5_2.jpg');
INSERT INTO image (generic_element_id, file_path) VALUES (5, '/uploads/vest_5_3.jpg');
INSERT INTO image (generic_element_id, file_path) VALUES (5, '/uploads/vest_5_4.jpg');
INSERT INTO image (generic_element_id, file_path) VALUES (5, '/uploads/vest_5_5.jpg');
INSERT INTO image (generic_element_id, file_path) VALUES (5, '/uploads/vest_5_6.jpg');
INSERT INTO generic_element (id, type, category_id) VALUES (4, 'Vesti', 1);
INSERT INTO text (source_id, source_table, field_name, lang, content) VALUES (4, 'generic_element', 'naslov', 'sr-Cyrl', 'ЗАВИЧАЈАЦ ПОКЛОНИО ВРЕДНЕ КЊИГЕ ИСТОРИЈСКОМ АРХИВУ ЗРЕЊАНИН');
INSERT INTO text (source_id, source_table, field_name, lang, content) VALUES (4, 'generic_element', 'naslov', 'sr', 'ZAVIČAJAC POKLONIO VREDNE KNjIGE ISTORIJSKOM ARHIVU ZRENjANIN');
INSERT INTO text (source_id, source_table, field_name, lang, content) VALUES (4, 'generic_element', 'opis', 'sr-Cyrl', 'Суграђанин Иван Тртањ који је годинама живео и радио у месту Кресвброн на Боденском језеру, одлучио је, као завичајац у души, да управо Историјском архиву Зрењанин, поклони две вредне књиге које је пронашао у Немачкој. Примопредаји поклона су поред поклонодавца присуствовали директор Историјског архива Зрењанина Мирјана Баста, као и бивши и садашњи директор ГНБ „Жарко Зрењанин“ Милан Бјелогрлић и Миле Кулачић.
На основу описа поклонодавца и на основу кратке експертизе запослених у Историјском архиву Зрењанина, једна је
Црквени уџбеник
, писан својеручно на старом немачком дијалекту из приближно 18. века, писан за потребе проповеди или верске наставе. Како недостају предње и задње странице није сасвим јасно о каквој књизи је реч па је предложено, од наших стручњака, да би требало затражити дубљу експертизу надлежних републичких институција културе.
Друга књига је чувени
Меркаторов географски атлас
света
из Швајцарске, заправо фототипско издање овог дела из 80-тих година прошлог века. Атлас је у веома добром стању и луксузном кожном повезу.
Иван Тртањ
је рођен 13. септембра 1945. године у Банату, Србији, Југославији. Школско и стручно усавршавање завршио је калфским испитом за бродоградитеља. Даље професионалне и животне станице одвеле су га у Немачку. Живео је и радио у месту Кресброн на Боденском језеру од 1968. године. Бави се изградњом макета старих бродова по чему је познат у земљи и иностранству.
Историјски архив Зрењанина позива наше суграђане и завичајце да следују примеру овог поклонодавца и предају архиву на чување, обраду и даље коришћење књиге и другу архивску грађу које чувају у свом поседу а које наши стручњаци процене да су од велике вредности.
Насловна фотографија: Јован Његовић Дрндак
Историјски архив Зрењанин');
INSERT INTO text (source_id, source_table, field_name, lang, content) VALUES (4, 'generic_element', 'opis', 'sr', 'Sugradjanin Ivan Trtanj koji je godinama živeo i radio u mestu Kresvbron na Bodenskom jezeru, odlučio je, kao zavičajac u duši, da upravo Istorijskom arhivu Zrenjanin, pokloni dve vredne knjige koje je pronašao u Nemačkoj. Primopredaji poklona su pored poklonodavca prisustvovali direktor Istorijskog arhiva Zrenjanina Mirjana Basta, kao i bivši i sadašnji direktor GNB „Žarko Zrenjanin“ Milan Bjelogrlić i Mile Kulačić.
Na osnovu opisa poklonodavca i na osnovu kratke ekspertize zaposlenih u Istorijskom arhivu Zrenjanina, jedna je
Crkveni udžbenik
, pisan svojeručno na starom nemačkom dijalektu iz približno 18. veka, pisan za potrebe propovedi ili verske nastave. Kako nedostaju prednje i zadnje stranice nije sasvim jasno o kakvoj knjizi je reč pa je predloženo, od naših stručnjaka, da bi trebalo zatražiti dublju ekspertizu nadležnih republičkih institucija kulture.
Druga knjiga je čuveni
Merkatorov geografski atlas
sveta
iz Švajcarske, zapravo fototipsko izdanje ovog dela iz 80-tih godina prošlog veka. Atlas je u veoma dobrom stanju i luksuznom kožnom povezu.
Ivan Trtanj
je rodjen 13. septembra 1945. godine u Banatu, Srbiji, Jugoslaviji. Školsko i stručno usavršavanje završio je kalfskim ispitom za brodograditelja. Dalje profesionalne i životne stanice odvele su ga u Nemačku. Živeo je i radio u mestu Kresbron na Bodenskom jezeru od 1968. godine. Bavi se izgradnjom maketa starih brodova po čemu je poznat u zemlji i inostranstvu.
Istorijski arhiv Zrenjanina poziva naše sugradjane i zavičajce da sleduju primeru ovog poklonodavca i predaju arhivu na čuvanje, obradu i dalje korišćenje knjige i drugu arhivsku gradju koje čuvaju u svom posedu a koje naši stručnjaci procene da su od velike vrednosti.
Naslovna fotografija: Jovan Njegović Drndak
Istorijski arhiv Zrenjanin');
INSERT INTO image (generic_element_id, file_path) VALUES (4, '/uploads/vest_4_0.jpg');
INSERT INTO image (generic_element_id, file_path) VALUES (4, '/uploads/vest_4_1.jpg');
INSERT INTO image (generic_element_id, file_path) VALUES (4, '/uploads/vest_4_2.jpg');
INSERT INTO image (generic_element_id, file_path) VALUES (4, '/uploads/vest_4_3.jpg');
INSERT INTO image (generic_element_id, file_path) VALUES (4, '/uploads/vest_4_4.jpg');
INSERT INTO image (generic_element_id, file_path) VALUES (4, '/uploads/vest_4_5.jpg');
INSERT INTO image (generic_element_id, file_path) VALUES (4, '/uploads/vest_4_6.jpg');
INSERT INTO image (generic_element_id, file_path) VALUES (4, '/uploads/vest_4_7.jpg');
INSERT INTO image (generic_element_id, file_path) VALUES (4, '/uploads/vest_4_8.jpg');
INSERT INTO generic_element (id, type, category_id) VALUES (3, 'Vesti', 1);
INSERT INTO text (source_id, source_table, field_name, lang, content) VALUES (3, 'generic_element', 'naslov', 'sr-Cyrl', 'ИЗЛОЖБА АРХИВА ЈУГОСЛАВИЈЕ ПОСЛЕ ПАРИЗА У ИЗЛОЖБЕНОМ САЛОНУ ИСТОРИЈСКОГ АРХИВА ЗРЕЊАНИН');
INSERT INTO text (source_id, source_table, field_name, lang, content) VALUES (3, 'generic_element', 'naslov', 'sr', 'IZLOŽBA ARHIVA JUGOSLAVIJE POSLE PARIZA U IZLOŽBENOM SALONU ISTORIJSKOG ARHIVA ZRENjANIN');
INSERT INTO text (source_id, source_table, field_name, lang, content) VALUES (3, 'generic_element', 'opis', 'sr-Cyrl', 'Салон Историјског архива Зрењанин био је ових дана место где се нашла несвакидашња  изложба Архива Југославије “Од Антверпена до Сеула – Учешће српских олимпијаца (Југославија) на Летњим олимпијским играма (1920-1988)”. Изложба је отворена у присуству градоначелника Зрењанина Сима Салапуре, аутора изложбе Драгана Теодосића и Марка Радовановића и гостију из сфере спорта, као и директора Историјског архива Зрењанина Мирјане Басте са сарадницима.
Изложбу је отворио директор Архива Југославије
др Милан Терзић
а конферансије на изложби је био
Горан Живић
виши архивиста Историјског архива Зрењанин. Куриозитет је да је изложба стигла у Зрењанин након представљања у Културном центру Србије у Паризу, током овогодишњих Олимпијских игара. Изложба стиже из Београда, главног града Југославије и сада Србије који је испраћао деценијама наше олимпијце на делеке светске дестинације, на којима су се одржавале игре.
Градоначелник Зрењанина
Симо Салапура
и сам спортиста је био посебно инспирисан изложбом. Изложба је по њему стигла стигла на право место у Европски град спорта, који је дао важан допринос развоју олимпијског покрета у нашој земљи. Градоначелник Салапура је истакао значај нашег суграђанина др
Ференца Кемења
који је својевремено учествовао у оснивању модерног олимпијског покрета, заједно са
Пјером де Кубертеном
. Градоначелник Зрењанина није пропустио прилику да наведе чињеницу, да од 1956. године, до данас, Зрењанин има представнике, до сада њих 70, што спортиста, што судија и спортских радника, на свим Олимпијским играма. Од те 1956. године до данас у наш град стигло је чак 25 медаља које су освојили на борилиштима наши спортисти.
На изложби се може видети легендарни рвач из Зрењанина
Бранислав Симић
, представљен на изложби на више фотографија, освајач две олимпијске медаље и носиоц државне заставе на отварању Олимпијских игара у Минхену 1972. године, који ускоро прославља свој 90. рођендан. Ту је и легенда југословенског бокса
Звонко Вујин
освајач две бронзане медаље у Мексику и Немачкој. Ако скенирате qr код на слици добијете много више слика и података о изложби па је тако и чувени рукометаш
Момир Рнић
пронашао своје слике са једне од олимпијада.
Један од аутора
Драган Теодосић
, изјавио је да је изложба настала на основу богатог и разноврсног архивског материјала који се чува у Архиву Југославије, превасходно фонда Југословенског олимпијског комитета, као и фототеке „Тањуга“, одакле су преузете бројне фотографије.
Изложба “Од Антверпена до Сеула – Учешће српских олимпијаца (Југославија) на Летњим олимпијским играма (1920-1988)” биће у Изложбеном салону Историјског архива Зрењанин, доступна за посетиоце,
радним даном од 10 -19 часова
до 15. октобра. Добродошли!
Историјски архив Зрењанин');
INSERT INTO text (source_id, source_table, field_name, lang, content) VALUES (3, 'generic_element', 'opis', 'sr', 'Salon Istorijskog arhiva Zrenjanin bio je ovih dana mesto gde se našla nesvakidašnja  izložba Arhiva Jugoslavije “Od Antverpena do Seula – Učešće srpskih olimpijaca (Jugoslavija) na Letnjim olimpijskim igrama (1920-1988)”. Izložba je otvorena u prisustvu gradonačelnika Zrenjanina Sima Salapure, autora izložbe Dragana Teodosića i Marka Radovanovića i gostiju iz sfere sporta, kao i direktora Istorijskog arhiva Zrenjanina Mirjane Baste sa saradnicima.
Izložbu je otvorio direktor Arhiva Jugoslavije
dr Milan Terzić
a konferansije na izložbi je bio
Goran Živić
viši arhivista Istorijskog arhiva Zrenjanin. Kuriozitet je da je izložba stigla u Zrenjanin nakon predstavljanja u Kulturnom centru Srbije u Parizu, tokom ovogodišnjih Olimpijskih igara. Izložba stiže iz Beograda, glavnog grada Jugoslavije i sada Srbije koji je ispraćao decenijama naše olimpijce na deleke svetske destinacije, na kojima su se održavale igre.
Gradonačelnik Zrenjanina
Simo Salapura
i sam sportista je bio posebno inspirisan izložbom. Izložba je po njemu stigla stigla na pravo mesto u Evropski grad sporta, koji je dao važan doprinos razvoju olimpijskog pokreta u našoj zemlji. Gradonačelnik Salapura je istakao značaj našeg sugradjanina dr
Ferenca Kemenja
koji je svojevremeno učestvovao u osnivanju modernog olimpijskog pokreta, zajedno sa
Pjerom de Kubertenom
. Gradonačelnik Zrenjanina nije propustio priliku da navede činjenicu, da od 1956. godine, do danas, Zrenjanin ima predstavnike, do sada njih 70, što sportista, što sudija i sportskih radnika, na svim Olimpijskim igrama. Od te 1956. godine do danas u naš grad stiglo je čak 25 medalja koje su osvojili na borilištima naši sportisti.
Na izložbi se može videti legendarni rvač iz Zrenjanina
Branislav Simić
, predstavljen na izložbi na više fotografija, osvajač dve olimpijske medalje i nosioc državne zastave na otvaranju Olimpijskih igara u Minhenu 1972. godine, koji uskoro proslavlja svoj 90. rodjendan. Tu je i legenda jugoslovenskog boksa
Zvonko Vujin
osvajač dve bronzane medalje u Meksiku i Nemačkoj. Ako skenirate qr kod na slici dobijete mnogo više slika i podataka o izložbi pa je tako i čuveni rukometaš
Momir Rnić
pronašao svoje slike sa jedne od olimpijada.
Jedan od autora
Dragan Teodosić
, izjavio je da je izložba nastala na osnovu bogatog i raznovrsnog arhivskog materijala koji se čuva u Arhivu Jugoslavije, prevashodno fonda Jugoslovenskog olimpijskog komiteta, kao i fototeke „Tanjuga“, odakle su preuzete brojne fotografije.
Izložba “Od Antverpena do Seula – Učešće srpskih olimpijaca (Jugoslavija) na Letnjim olimpijskim igrama (1920-1988)” biće u Izložbenom salonu Istorijskog arhiva Zrenjanin, dostupna za posetioce,
radnim danom od 10 -19 časova
do 15. oktobra. Dobrodošli!
Istorijski arhiv Zrenjanin');
INSERT INTO image (generic_element_id, file_path) VALUES (3, '/uploads/vest_3_0.jpg');
INSERT INTO image (generic_element_id, file_path) VALUES (3, '/uploads/vest_3_1.jpg');
INSERT INTO image (generic_element_id, file_path) VALUES (3, '/uploads/vest_3_2.jpg');
INSERT INTO image (generic_element_id, file_path) VALUES (3, '/uploads/vest_3_3.jpg');
INSERT INTO image (generic_element_id, file_path) VALUES (3, '/uploads/vest_3_4.jpg');
INSERT INTO image (generic_element_id, file_path) VALUES (3, '/uploads/vest_3_5.jpg');
INSERT INTO image (generic_element_id, file_path) VALUES (3, '/uploads/vest_3_6.jpg');
INSERT INTO image (generic_element_id, file_path) VALUES (3, '/uploads/vest_3_7.jpg');
INSERT INTO image (generic_element_id, file_path) VALUES (3, '/uploads/vest_3_8.jpg');
INSERT INTO generic_element (id, type, category_id) VALUES (2, 'Vesti', 1);
INSERT INTO text (source_id, source_table, field_name, lang, content) VALUES (2, 'generic_element', 'naslov', 'sr-Cyrl', 'ИЗЛОЖБА ФОТОГРАФИЈА У ПЕРЛЕЗУ – „У СУСРЕТ РУСКОМ ЦАРУ, РОМАНОВИ – ЦАРСКО СЛУЖЕЊЕ“');
INSERT INTO text (source_id, source_table, field_name, lang, content) VALUES (2, 'generic_element', 'naslov', 'sr', 'IZLOŽBA FOTOGRAFIJA U PERLEZU – „U SUSRET RUSKOM CARU, ROMANOVI – CARSKO SLUŽENjE“');
INSERT INTO text (source_id, source_table, field_name, lang, content) VALUES (2, 'generic_element', 'opis', 'sr-Cyrl', 'Уз благослов висoкопреосвештеног митрополита банатског Никанора, у Светосавском дому у Перлезу, 26.
м
аја
2025. године свечано је
отворена изложба фотографија „У сусрет руском цару, Романови – царско служење“.
Изложба је реализована уз благослов и подршку Сретењског манастира и
чувеног
оца Игнатија Шестакова.
Непосредно пре отварања изложбе у храму Успења Пресвете Богородице, јереј Алаксандар Нишевић је одржао молебан Светој Царској породици Ромнанов и Светом баћушки Николају Другом Романову.
Изложбу је отворио Павел Бушујев, саветник директора Руског дома у Београду, који је са делегацијом РускогДома у Београду присуствовао и молебану. У делегацији је била и војни историчар Дариа Виноградова. Павел ускоро завршава своју службу у Србији и враћа се у родну Русију али је рекао да у своју земљу носи чисту љубав, благослове и поздраве братског српског народа. Јереју Александру је овом приликом поклонио заставу „Спас Нерукотворени“ који се виори межу јединицама победоносне Руске армије у Донабасу. Сретењски манастир у Москви је поклања, као знамење победе, браћи у Перлезу и широм српских земаља. Отац Аца је узвратио на љубав љубављу и емоцијом јер то је наша историја. Историја односа два братска народа, како је рекао, са великим „И“ а то велико „И“ је сам Исус Христос, наш Спаситељ, коме слава и хвала у све векове, до свршетка света.
Отварању изложбе је присутвовао и председник Друштва српско-руског пријатељства „Словенска унија“ Роберт Ресановић из Панчева. Ресановић је одликован граматом за лични допринос јачању међународне борачке сарадње и развој пријатељских односа између братских народа Русије и Србије Министарства одбране Руске Федерације, коју је потписао председник Јавног савета при министарству П. Н. Гусев. Савез руских десантника такође је Ресановићу доделио почасну грамату са медаљом за плодну и активну борачку сарадњу „Генерал армије Маргелов”, велики лични допринос развоју јавне дипломатије, јачању пријатељства Русије и Србије. Ова признања Панчевац Роберт Ресановић је завредио пре свега због истраживачког рада и објављивање књиге „Битка за Панчево oктобрa 1944”, која је осим српског доживела и издање на руском језику.
Са неколико уводних речи на отварању изложбе се обратио и председник  УО Центра за културу и екологију „ПанАрт“, редитељ, сценариста, продуцент Владимир Кајловиц, рођени Зрењанинац, који живи и ради у Панчеву. Кајловиц је посебно заслужан за светску промоцију лика и дела великог банатског и српског сликара Уроша Предића.
Организацију изложбе је помогао као председник друштва „Баштинар“ Зоран Стојачић, рођени Перлежанин, некадашњи успешни кошаркаш и отац најбољег баскеташа на свету – Страхиње. Захваљујући Стојачићевом ангажману село Перлез код Зрењанина постало је незаобилазна културна станица стваралаца из Банатске равнице. Отварању изложбе је присуствовао и в.д. директора ГНБ „Жарко Зрењанин“ академски сликар, из Перлеза Миле Кулачић, као и секретар МЗ Перлез Милош Минић. Мирјана Младеновић је уместо химне извела на отварању изложбе химну Пресветој Богородици „
Ангел вопијаше Благодатњеј, Чистаја Дјево радујсја
! „.
Изложба је посвећена последњем руском императору Николају II и његовој породици. Како каже идејни творац овог вишегодишњег путовања царске породице по српским земљама отац Игњатије: „На овим фотографијама  ћемо видети сву лепоту честите царске породице Романов, њихов свакодневни живот, служење на добробит свог народа.“ Пројекат је настао са жељом и циљем да се српској публици на један савремен начин приближи лик и дело чланова светородне руске династије и да се пробуди сећање на породицу Романов, али и да се ближе упозна са животом и жртвеним служењем породице последњег руског цара.
Историјски архив Зрењанин');
INSERT INTO text (source_id, source_table, field_name, lang, content) VALUES (2, 'generic_element', 'opis', 'sr', 'Uz blagoslov visokopreosveštenog mitropolita banatskog Nikanora, u Svetosavskom domu u Perlezu, 26.
m
aja
2025. godine svečano je
otvorena izložba fotografija „U susret ruskom caru, Romanovi – carsko služenje“.
Izložba je realizovana uz blagoslov i podršku Sretenjskog manastira i
čuvenog
oca Ignatija Šestakova.
Neposredno pre otvaranja izložbe u hramu Uspenja Presvete Bogorodice, jerej Alaksandar Nišević je održao moleban Svetoj Carskoj porodici Romnanov i Svetom baćuški Nikolaju Drugom Romanovu.
Izložbu je otvorio Pavel Bušujev, savetnik direktora Ruskog doma u Beogradu, koji je sa delegacijom RuskogDoma u Beogradu prisustvovao i molebanu. U delegaciji je bila i vojni istoričar Daria Vinogradova. Pavel uskoro završava svoju službu u Srbiji i vraća se u rodnu Rusiju ali je rekao da u svoju zemlju nosi čistu ljubav, blagoslove i pozdrave bratskog srpskog naroda. Jereju Aleksandru je ovom prilikom poklonio zastavu „Spas Nerukotvoreni“ koji se viori mežu jedinicama pobedonosne Ruske armije u Donabasu. Sretenjski manastir u Moskvi je poklanja, kao znamenje pobede, braći u Perlezu i širom srpskih zemalja. Otac Aca je uzvratio na ljubav ljubavlju i emocijom jer to je naša istorija. Istorija odnosa dva bratska naroda, kako je rekao, sa velikim „I“ a to veliko „I“ je sam Isus Hristos, naš Spasitelj, kome slava i hvala u sve vekove, do svršetka sveta.
Otvaranju izložbe je prisutvovao i predsednik Društva srpsko-ruskog prijateljstva „Slovenska unija“ Robert Resanović iz Pančeva. Resanović je odlikovan gramatom za lični doprinos jačanju medjunarodne boračke saradnje i razvoj prijateljskih odnosa izmedju bratskih naroda Rusije i Srbije Ministarstva odbrane Ruske Federacije, koju je potpisao predsednik Javnog saveta pri ministarstvu P. N. Gusev. Savez ruskih desantnika takodje je Resanoviću dodelio počasnu gramatu sa medaljom za plodnu i aktivnu boračku saradnju „General armije Margelov”, veliki lični doprinos razvoju javne diplomatije, jačanju prijateljstva Rusije i Srbije. Ova priznanja Pančevac Robert Resanović je zavredio pre svega zbog istraživačkog rada i objavljivanje knjige „Bitka za Pančevo oktobra 1944”, koja je osim srpskog doživela i izdanje na ruskom jeziku.
Sa nekoliko uvodnih reči na otvaranju izložbe se obratio i predsednik  UO Centra za kulturu i ekologiju „PanArt“, reditelj, scenarista, producent Vladimir Kajlovic, rodjeni Zrenjaninac, koji živi i radi u Pančevu. Kajlovic je posebno zaslužan za svetsku promociju lika i dela velikog banatskog i srpskog slikara Uroša Predića.
Organizaciju izložbe je pomogao kao predsednik društva „Baštinar“ Zoran Stojačić, rodjeni Perležanin, nekadašnji uspešni košarkaš i otac najboljeg basketaša na svetu – Strahinje. Zahvaljujući Stojačićevom angažmanu selo Perlez kod Zrenjanina postalo je nezaobilazna kulturna stanica stvaralaca iz Banatske ravnice. Otvaranju izložbe je prisustvovao i v.d. direktora GNB „Žarko Zrenjanin“ akademski slikar, iz Perleza Mile Kulačić, kao i sekretar MZ Perlez Miloš Minić. Mirjana Mladenović je umesto himne izvela na otvaranju izložbe himnu Presvetoj Bogorodici „
Angel vopijaše Blagodatnjej, Čistaja Djevo radujsja
! „.
Izložba je posvećena poslednjem ruskom imperatoru Nikolaju II i njegovoj porodici. Kako kaže idejni tvorac ovog višegodišnjeg putovanja carske porodice po srpskim zemljama otac Ignjatije: „Na ovim fotografijama  ćemo videti svu lepotu čestite carske porodice Romanov, njihov svakodnevni život, služenje na dobrobit svog naroda.“ Projekat je nastao sa željom i ciljem da se srpskoj publici na jedan savremen način približi lik i delo članova svetorodne ruske dinastije i da se probudi sećanje na porodicu Romanov, ali i da se bliže upozna sa životom i žrtvenim služenjem porodice poslednjeg ruskog cara.
Istorijski arhiv Zrenjanin');
INSERT INTO image (generic_element_id, file_path) VALUES (2, '/uploads/vest_2_0.jpg');
INSERT INTO image (generic_element_id, file_path) VALUES (2, '/uploads/vest_2_1.jpg');
INSERT INTO image (generic_element_id, file_path) VALUES (2, '/uploads/vest_2_2.jpg');
INSERT INTO image (generic_element_id, file_path) VALUES (2, '/uploads/vest_2_3.jpg');
INSERT INTO image (generic_element_id, file_path) VALUES (2, '/uploads/vest_2_4.jpg');
INSERT INTO image (generic_element_id, file_path) VALUES (2, '/uploads/vest_2_5.jpg');
INSERT INTO image (generic_element_id, file_path) VALUES (2, '/uploads/vest_2_6.jpg');
INSERT INTO image (generic_element_id, file_path) VALUES (2, '/uploads/vest_2_7.jpg');
INSERT INTO image (generic_element_id, file_path) VALUES (2, '/uploads/vest_2_8.jpg');
INSERT INTO image (generic_element_id, file_path) VALUES (2, '/uploads/vest_2_9.jpg');
INSERT INTO image (generic_element_id, file_path) VALUES (2, '/uploads/vest_2_10.jpg');
INSERT INTO image (generic_element_id, file_path) VALUES (2, '/uploads/vest_2_11.jpg');
INSERT INTO image (generic_element_id, file_path) VALUES (2, '/uploads/vest_2_12.jpg');
INSERT INTO image (generic_element_id, file_path) VALUES (2, '/uploads/vest_2_13.jpg');
INSERT INTO image (generic_element_id, file_path) VALUES (2, '/uploads/vest_2_14.jpg');
INSERT INTO image (generic_element_id, file_path) VALUES (2, '/uploads/vest_2_15.jpg');
INSERT INTO image (generic_element_id, file_path) VALUES (2, '/uploads/vest_2_16.jpg');
INSERT INTO image (generic_element_id, file_path) VALUES (2, '/uploads/vest_2_17.jpg');
INSERT INTO image (generic_element_id, file_path) VALUES (2, '/uploads/vest_2_18.jpg');
INSERT INTO image (generic_element_id, file_path) VALUES (2, '/uploads/vest_2_19.jpg');
INSERT INTO image (generic_element_id, file_path) VALUES (2, '/uploads/vest_2_20.jpg');
INSERT INTO image (generic_element_id, file_path) VALUES (2, '/uploads/vest_2_21.jpg');
INSERT INTO image (generic_element_id, file_path) VALUES (2, '/uploads/vest_2_22.jpg');
INSERT INTO image (generic_element_id, file_path) VALUES (2, '/uploads/vest_2_23.jpg');
INSERT INTO image (generic_element_id, file_path) VALUES (2, '/uploads/vest_2_24.jpg');
INSERT INTO image (generic_element_id, file_path) VALUES (2, '/uploads/vest_2_25.jpg');
INSERT INTO generic_element (id, type, category_id) VALUES (1, 'Vesti', 1);
INSERT INTO text (source_id, source_table, field_name, lang, content) VALUES (1, 'generic_element', 'naslov', 'sr-Cyrl', 'АРХИВИСТИЧКО ДРУШТВО СРБИЈЕ: OБАВЕШТЕЊЕ/СТРУЧНА ПРЕПОРУКА');
INSERT INTO text (source_id, source_table, field_name, lang, content) VALUES (1, 'generic_element', 'naslov', 'sr', 'ARHIVISTIČKO DRUŠTVO SRBIJE: OBAVEŠTENjE/STRUČNA PREPORUKA');
INSERT INTO text (source_id, source_table, field_name, lang, content) VALUES (1, 'generic_element', 'opis', 'sr-Cyrl', 'Поштоване колеге
поводом учесталих позива ствараоца и имаоца са подручја територије Републике Србије поводом понуда које добијају у вези система електронског пословања (електронског архивирања) од разних приватних фирми попут: „Параграф“-а, „Профи систем“-а, „Рачуноводствени програм“ и других привредних субјеката, те куповине њихових софтвера, обавештавамо вас:
Обавезе
имаоца и ствараоца
дефинисане су Законом о архивској грађи и архивској делатности (Сл. гласник РС 6/2020) евидентирање, означавање, класификовање, датирање и архивирање документарног материјала;
Обавеза куповине софтвера како би ималац и стваралац „осигурао трајно чување архивске грађе у електронском облику, њено одржавање, мигрирање, односно пребацивање на нове носаче у прописаним форматима до предаје архивске грађе у електронском облику надлежном јавном архиву“
није обавеза ствараоца и имаоца
као и све остало што поменуте фирме нуде.
Наметање обавезе куповине софтвера за чување „електронске архиве“,  под претњом санкционисања правних субјеката од стране надлежних јавних архива, представља узнемиравање и довођење у заблуду ималаца и стваралаца, на које ми као надлежни јавни архиви имамо обавезу да укажемо.
Имаоци и ствараоци
НИСУ у ОБАВЕЗИ
да купе софтверска решења понуђена од приватних софтверских кућа, уколико то не желе,  а посебно треба обратити пажњу на то да ли софтвери који се нуде на тржишту обухватају и сегмент електронског архивирања или само представљају систем електронског управљања документима (DMS).
ПРЕПОРУЧУЈЕМО
свим правним субјектима као ствараоцима и имаоцима архивске грађе и документарног материјала да се за све недоумице и питања у вези електронске архиве, те својих права и обавеза утврђених законом,
ОБАВЕЗНО
обрате надлежним јавним архивима, од којих ће добити правовремене и тачне информације, као и адекватну стручну помоћ.
Историјски архив Зрењанин');
INSERT INTO text (source_id, source_table, field_name, lang, content) VALUES (1, 'generic_element', 'opis', 'sr', 'Poštovane kolege
povodom učestalih poziva stvaraoca i imaoca sa područja teritorije Republike Srbije povodom ponuda koje dobijaju u vezi sistema elektronskog poslovanja (elektronskog arhiviranja) od raznih privatnih firmi poput: „Paragraf“-a, „Profi sistem“-a, „Računovodstveni program“ i drugih privrednih subjekata, te kupovine njihovih softvera, obaveštavamo vas:
Obaveze
imaoca i stvaraoca
definisane su Zakonom o arhivskoj gradji i arhivskoj delatnosti (Sl. glasnik RS 6/2020) evidentiranje, označavanje, klasifikovanje, datiranje i arhiviranje dokumentarnog materijala;
Obaveza kupovine softvera kako bi imalac i stvaralac „osigurao trajno čuvanje arhivske gradje u elektronskom obliku, njeno održavanje, migriranje, odnosno prebacivanje na nove nosače u propisanim formatima do predaje arhivske gradje u elektronskom obliku nadležnom javnom arhivu“
nije obaveza stvaraoca i imaoca
kao i sve ostalo što pomenute firme nude.
Nametanje obaveze kupovine softvera za čuvanje „elektronske arhive“,  pod pretnjom sankcionisanja pravnih subjekata od strane nadležnih javnih arhiva, predstavlja uznemiravanje i dovodjenje u zabludu imalaca i stvaralaca, na koje mi kao nadležni javni arhivi imamo obavezu da ukažemo.
Imaoci i stvaraoci
NISU u OBAVEZI
da kupe softverska rešenja ponudjena od privatnih softverskih kuća, ukoliko to ne žele,  a posebno treba obratiti pažnju na to da li softveri koji se nude na tržištu obuhvataju i segment elektronskog arhiviranja ili samo predstavljaju sistem elektronskog upravljanja dokumentima (DMS).
PREPORUČUJEMO
svim pravnim subjektima kao stvaraocima i imaocima arhivske gradje i dokumentarnog materijala da se za sve nedoumice i pitanja u vezi elektronske arhive, te svojih prava i obaveza utvrdjenih zakonom,
OBAVEZNO
obrate nadležnim javnim arhivima, od kojih će dobiti pravovremene i tačne informacije, kao i adekvatnu stručnu pomoć.
Istorijski arhiv Zrenjanin');
INSERT INTO image (generic_element_id, file_path) VALUES (1, '/uploads/vest_1_0.jpg');

-- Kraj SQL fajla
